Workbook

Sheet Utilización Convenios
C2: UNDERGRADUATED EXCHANGE
E3: 2020 | G3: 2021 | I3: 2022 | K3: 2023 | M3: 2024 | O3: 2025 | Q3: Total
C4: Universidad KPIs | D4: País | E4: Outgoing | F4: Incoming | G4: Outgoing | H4: Incoming | I4: Outgoing | J4: Incoming | K4: Outgoing | L4: Incoming | M4: Outgoing | N4: Incoming | O4: Outgoing | P4: Incoming | Q4: Outgoing | R4: Incoming
B5: C O N V E N I O S E S P E C Í F I C O S | C5: A.B. Freeman School of Business, Tulane University | D5: United States | E5: =COUNTIFS(Tabla1[Tipo de Movilidad],"Intercambio*",Tabla1[Universidad KPIs],'Utilización Convenios'!$C5,Tabla1[Año de Movilidad],'Utilización Convenios'!E$3,Tabla1[Nivel],"Pregrado") -> 1 | F5: =COUNTIFS(Tabla2[Tipo de Movilidad],"Intercambio*",Tabla2[Universidad KPIs],'Utilización Convenios'!$C5,Tabla2[Año],'Utilización Convenios'!E$3,Tabla2[Nivel Nominación],"Undergraduate / Bachelor") -> 2 | G5: =COUNTIFS(Tabla1[Tipo de Movilidad],"Intercambio*",Tabla1[Universidad KPIs],'Utilización Convenios'!$C5,Tabla1[Año de Movilidad],'Utilización Convenios'!G$3,Tabla1[Nivel],"Pregrado") -> 2 | H5: =COUNTIFS(Tabla2[Tipo de Movilidad],"Intercambio*",Tabla2[Universidad KPIs],'Utilización Convenios'!$C5,Tabla2[Año],'Utilización Convenios'!G$3,Tabla2[Nivel Nominación],"Undergraduate / Bachelor") -> 0 | I5: =COUNTIFS(Tabla1[Tipo de Movilidad],"Intercambio*",Tabla1[Universidad KPIs],'Utilización Convenios'!$C5,Tabla1[Año de Movilidad],'Utilización Convenios'!I$3,Tabla1[Nivel],"Pregrado") -> 4 | J5: =COUNTIFS(Tabla2[Tipo de Movilidad],"Intercambio*",Tabla2[Universidad KPIs],'Utilización Convenios'!$C5,Tabla2[Año],'Utilización Convenios'!I$3,Tabla2[Nivel Nominación],"Undergraduate / Bachelor") -> 5 | K5: =COUNTIFS(Tabla1[Tipo de Movilidad],"Intercambio*",Tabla1[Universidad KPIs],'Utilización Convenios'!$C5,Tabla1[Año de Movilidad],'Utilización Convenios'!K$3,Tabla1[Nivel],"Pregrado") -> 5 | L5: =COUNTIFS(Tabla2[Tipo de Movilidad],"Intercambio*",Tabla2[Universidad KPIs],'Utilización Convenios'!$C5,Tabla2[Año],'Utilización Convenios'!K$3,Tabla2[Nivel Nominación],"Undergraduate / Bachelor") -> 3 | M5: =COUNTIFS(Tabla1[Tipo de Movilidad],"Intercambio*",Tabla1[Universidad KPIs],'Utilización Convenios'!$C5,Tabla1[Año de Movilidad],'Utilización Convenios'!M$3,Tabla1[Nivel],"Pregrado") -> 1 | N5: =COUNTIFS(Tabla2[Tipo de Movilidad],"Intercambio*",Tabla2[Universidad KPIs],'Utilización Convenios'!$C5,Tabla2[Año],'Utilización Convenios'!M$3,Tabla2[Nivel Nominación],"Undergraduate / Bachelor") -> 2 | O5: =COUNTIFS(Tabla1[Tipo de Movilidad],"Intercambio*",Tabla1[Universidad KPIs],'Utilización Convenios'!$C5,Tabla1[Año de Movilidad],'Utilización Convenios'!O$3,Tabla1[Nivel],"Pregrado") -> 1 | P5: =COUNTIFS(Tabla2[Tipo de Movilidad],"Intercambio*",Tabla2[Universidad KPIs],'Utilización Convenios'!$C5,Tabla2[Año],'Utilización Convenios'!O$3,Tabla2[Nivel Nominación],"Undergraduate / Bachelor") -> 6 | Q5: =SUMIF($E$4:$P$4,Q$4,$E5:$P5) -> 14 | R5: =SUMIF($E$4:$P$4,R$4,$E5:$P5) -> 18
C6: Aalto University | D6: Finland | E6: =COUNTIFS(Tabla1[Tipo de Movilidad],"Intercambio*",Tabla1[Universidad KPIs],'Utilización Convenios'!$C6,Tabla1[Año de Movilidad],'Utilización Convenios'!E$3,Tabla1[Nivel],"Pregrado") -> 1 | F6: =COUNTIFS(Tabla2[Tipo de Movilidad],"Intercambio*",Tabla2[Universidad KPIs],'Utilización Convenios'!$C6,Tabla2[Año],'Utilización Convenios'!E$3,Tabla2[Nivel Nominación],"Undergraduate / Bachelor") -> 0 | G6: =COUNTIFS(Tabla1[Tipo de Movilidad],"Intercambio*",Tabla1[Universidad KPIs],'Utilización Convenios'!$C6,Tabla1[Año de Movilidad],'Utilización Convenios'!G$3,Tabla1[Nivel],"Pregrado") -> 1 | H6: =COUNTIFS(Tabla2[Tipo de Movilidad],"Intercambio*",Tabla2[Universidad KPIs],'Utilización Convenios'!$C6,Tabla2[Año],'Utilización Convenios'!G$3,Tabla2[Nivel Nominación],"Undergraduate / Bachelor") -> 1 | I6: =COUNTIFS(Tabla1[Tipo de Movilidad],"Intercambio*",Tabla1[Universidad KPIs],'Utilización Convenios'!$C6,Tabla1[Año de Movilidad],'Utilización Convenios'!I$3,Tabla1[Nivel],"Pregrado") -> 0 | J6: =COUNTIFS(Tabla2[Tipo de Movilidad],"Intercambio*",Tabla2[Universidad KPIs],'Utilización Convenios'!$C6,Tabla2[Año],'Utilización Convenios'!I$3,Tabla2[Nivel Nominación],"Undergraduate / Bachelor") -> 0 | K6: =COUNTIFS(Tabla1[Tipo de Movilidad],"Intercambio*",Tabla1[Universidad KPIs],'Utilización Convenios'!$C6,Tabla1[Año de Movilidad],'Utilización Convenios'!K$3,Tabla1[Nivel],"Pregrado") -> 2 | L6: =COUNTIFS(Tabla2[Tipo de Movilidad],"Intercambio*",Tabla2[Universidad KPIs],'Utilización Convenios'!$C6,Tabla2[Año],'Utilización Convenios'!K$3,Tabla2[Nivel Nominación],"Undergraduate / Bachelor") -> 1 | M6: =COUNTIFS(Tabla1[Tipo de Movilidad],"Intercambio*",Tabla1[Universidad KPIs],'Utilización Convenios'!$C6,Tabla1[Año de Movilidad],'Utilización Convenios'!M$3,Tabla1[Nivel],"Pregrado") -> 0 | N6: =COUNTIFS(Tabla2[Tipo de Movilidad],"Intercambio*",Tabla2[Universidad KPIs],'Utilización Convenios'!$C6,Tabla2[Año],'Utilización Convenios'!M$3,Tabla2[Nivel Nominación],"Undergraduate / Bachelor") -> 1 | O6: =COUNTIFS(Tabla1[Tipo de Movilidad],"Intercambio*",Tabla1[Universidad KPIs],'Utilización Convenios'!$C6,Tabla1[Año de Movilidad],'Utilización Convenios'!O$3,Tabla1[Nivel],"Pregrado") -> 1 | P6: =COUNTIFS(Tabla2[Tipo de Movilidad],"Intercambio*",Tabla2[Universidad KPIs],'Utilización Convenios'!$C6,Tabla2[Año],'Utilización Convenios'!O$3,Tabla2[Nivel Nominación],"Undergraduate / Bachelor") -> 0 | Q6: =SUMIF($E$4:$P$4,Q$4,$E6:$P6) -> 5 | R6: =SUMIF($E$4:$P$4,R$4,$E6:$P6) -> 3
C7: Aston University | D7: United Kingdom | E7: =COUNTIFS(Tabla1[Tipo de Movilidad],"Intercambio*",Tabla1[Universidad KPIs],'Utilización Convenios'!$C7,Tabla1[Año de Movilidad],'Utilización Convenios'!E$3,Tabla1[Nivel],"Pregrado") -> 2 | F7: =COUNTIFS(Tabla2[Tipo de Movilidad],"Intercambio*",Tabla2[Universidad KPIs],'Utilización Convenios'!$C7,Tabla2[Año],'Utilización Convenios'!E$3,Tabla2[Nivel Nominación],"Undergraduate / Bachelor") -> 1 | G7: =COUNTIFS(Tabla1[Tipo de Movilidad],"Intercambio*",Tabla1[Universidad KPIs],'Utilización Convenios'!$C7,Tabla1[Año de Movilidad],'Utilización Convenios'!G$3,Tabla1[Nivel],"Pregrado") -> 2 | H7: =COUNTIFS(Tabla2[Tipo de Movilidad],"Intercambio*",Tabla2[Universidad KPIs],'Utilización Convenios'!$C7,Tabla2[Año],'Utilización Convenios'!G$3,Tabla2[Nivel Nominación],"Undergraduate / Bachelor") -> 0 | I7: =COUNTIFS(Tabla1[Tipo de Movilidad],"Intercambio*",Tabla1[Universidad KPIs],'Utilización Convenios'!$C7,Tabla1[Año de Movilidad],'Utilización Convenios'!I$3,Tabla1[Nivel],"Pregrado") -> 2 | J7: =COUNTIFS(Tabla2[Tipo de Movilidad],"Intercambio*",Tabla2[Universidad KPIs],'Utilización Convenios'!$C7,Tabla2[Año],'Utilización Convenios'!I$3,Tabla2[Nivel Nominación],"Undergraduate / Bachelor") -> 0 | K7: =COUNTIFS(Tabla1[Tipo de Movilidad],"Intercambio*",Tabla1[Universidad KPIs],'Utilización Convenios'!$C7,Tabla1[Año de Movilidad],'Utilización Convenios'!K$3,Tabla1[Nivel],"Pregrado") -> 3 | L7: =COUNTIFS(Tabla2[Tipo de Movilidad],"Intercambio*",Tabla2[Universidad KPIs],'Utilización Convenios'!$C7,Tabla2[Año],'Utilización Convenios'!K$3,Tabla2[Nivel Nominación],"Undergraduate / Bachelor") -> 0 | M7: =COUNTIFS(Tabla1[Tipo de Movilidad],"Intercambio*",Tabla1[Universidad KPIs],'Utilización Convenios'!$C7,Tabla1[Año de Movilidad],'Utilización Convenios'!M$3,Tabla1[Nivel],"Pregrado") -> 2 | N7: =COUNTIFS(Tabla2[Tipo de Movilidad],"Intercambio*",Tabla2[Universidad KPIs],'Utilización Convenios'!$C7,Tabla2[Año],'Utilización Convenios'!M$3,Tabla2[Nivel Nominación],"Undergraduate / Bachelor") -> 0 | O7: =COUNTIFS(Tabla1[Tipo de Movilidad],"Intercambio*",Tabla1[Universidad KPIs],'Utilización Convenios'!$C7,Tabla1[Año de Movilidad],'Utilización Convenios'!O$3,Tabla1[Nivel],"Pregrado") -> 2 | P7: =COUNTIFS(Tabla2[Tipo de Movilidad],"Intercambio*",Tabla2[Universidad KPIs],'Utilización Convenios'!$C7,Tabla2[Año],'Utilización Convenios'!O$3,Tabla2[Nivel Nominación],"Undergraduate / Bachelor") -> 0 | Q7: =SUMIF($E$4:$P$4,Q$4,$E7:$P7) -> 13 | R7: =SUMIF($E$4:$P$4,R$4,$E7:$P7) -> 1
C8: Audencia. École de Management | D8: France | E8: =COUNTIFS(Tabla1[Tipo de Movilidad],"Intercambio*",Tabla1[Universidad KPIs],'Utilización Convenios'!$C8,Tabla1[Año de Movilidad],'Utilización Convenios'!E$3,Tabla1[Nivel],"Pregrado") -> 1 | F8: =COUNTIFS(Tabla2[Tipo de Movilidad],"Intercambio*",Tabla2[Universidad KPIs],'Utilización Convenios'!$C8,Tabla2[Año],'Utilización Convenios'!E$3,Tabla2[Nivel Nominación],"Undergraduate / Bachelor") -> 2 | G8: =COUNTIFS(Tabla1[Tipo de Movilidad],"Intercambio*",Tabla1[Universidad KPIs],'Utilización Convenios'!$C8,Tabla1[Año de Movilidad],'Utilización Convenios'!G$3,Tabla1[Nivel],"Pregrado") -> 1 | H8: =COUNTIFS(Tabla2[Tipo de Movilidad],"Intercambio*",Tabla2[Universidad KPIs],'Utilización Convenios'!$C8,Tabla2[Año],'Utilización Convenios'!G$3,Tabla2[Nivel Nominación],"Undergraduate / Bachelor") -> 1 | I8: =COUNTIFS(Tabla1[Tipo de Movilidad],"Intercambio*",Tabla1[Universidad KPIs],'Utilización Convenios'!$C8,Tabla1[Año de Movilidad],'Utilización Convenios'!I$3,Tabla1[Nivel],"Pregrado") -> 2 | J8: =COUNTIFS(Tabla2[Tipo de Movilidad],"Intercambio*",Tabla2[Universidad KPIs],'Utilización Convenios'!$C8,Tabla2[Año],'Utilización Convenios'!I$3,Tabla2[Nivel Nominación],"Undergraduate / Bachelor") -> 3 | K8: =COUNTIFS(Tabla1[Tipo de Movilidad],"Intercambio*",Tabla1[Universidad KPIs],'Utilización Convenios'!$C8,Tabla1[Año de Movilidad],'Utilización Convenios'!K$3,Tabla1[Nivel],"Pregrado") -> 3 | L8: =COUNTIFS(Tabla2[Tipo de Movilidad],"Intercambio*",Tabla2[Universidad KPIs],'Utilización Convenios'!$C8,Tabla2[Año],'Utilización Convenios'!K$3,Tabla2[Nivel Nominación],"Undergraduate / Bachelor") -> 4 | M8: =COUNTIFS(Tabla1[Tipo de Movilidad],"Intercambio*",Tabla1[Universidad KPIs],'Utilización Convenios'!$C8,Tabla1[Año de Movilidad],'Utilización Convenios'!M$3,Tabla1[Nivel],"Pregrado") -> 1 | N8: =COUNTIFS(Tabla2[Tipo de Movilidad],"Intercambio*",Tabla2[Universidad KPIs],'Utilización Convenios'!$C8,Tabla2[Año],'Utilización Convenios'!M$3,Tabla2[Nivel Nominación],"Undergraduate / Bachelor") -> 2 | O8: =COUNTIFS(Tabla1[Tipo de Movilidad],"Intercambio*",Tabla1[Universidad KPIs],'Utilización Convenios'!$C8,Tabla1[Año de Movilidad],'Utilización Convenios'!O$3,Tabla1[Nivel],"Pregrado") -> 1 | P8: =COUNTIFS(Tabla2[Tipo de Movilidad],"Intercambio*",Tabla2[Universidad KPIs],'Utilización Convenios'!$C8,Tabla2[Año],'Utilización Convenios'!O$3,Tabla2[Nivel Nominación],"Undergraduate / Bachelor") -> 1 | Q8: =SUMIF($E$4:$P$4,Q$4,$E8:$P8) -> 9 | R8: =SUMIF($E$4:$P$4,R$4,$E8:$P8) -> 13
C9: BI Norwegian Business School | D9: Norway | E9: =COUNTIFS(Tabla1[Tipo de Movilidad],"Intercambio*",Tabla1[Universidad KPIs],'Utilización Convenios'!$C9,Tabla1[Año de Movilidad],'Utilización Convenios'!E$3,Tabla1[Nivel],"Pregrado") -> 0 | F9: =COUNTIFS(Tabla2[Tipo de Movilidad],"Intercambio*",Tabla2[Universidad KPIs],'Utilización Convenios'!$C9,Tabla2[Año],'Utilización Convenios'!E$3,Tabla2[Nivel Nominación],"Undergraduate / Bachelor") -> 0 | G9: =COUNTIFS(Tabla1[Tipo de Movilidad],"Intercambio*",Tabla1[Universidad KPIs],'Utilización Convenios'!$C9,Tabla1[Año de Movilidad],'Utilización Convenios'!G$3,Tabla1[Nivel],"Pregrado") -> 0 | H9: =COUNTIFS(Tabla2[Tipo de Movilidad],"Intercambio*",Tabla2[Universidad KPIs],'Utilización Convenios'!$C9,Tabla2[Año],'Utilización Convenios'!G$3,Tabla2[Nivel Nominación],"Undergraduate / Bachelor") -> 0 | I9: =COUNTIFS(Tabla1[Tipo de Movilidad],"Intercambio*",Tabla1[Universidad KPIs],'Utilización Convenios'!$C9,Tabla1[Año de Movilidad],'Utilización Convenios'!I$3,Tabla1[Nivel],"Pregrado") -> 0 | J9: =COUNTIFS(Tabla2[Tipo de Movilidad],"Intercambio*",Tabla2[Universidad KPIs],'Utilización Convenios'!$C9,Tabla2[Año],'Utilización Convenios'!I$3,Tabla2[Nivel Nominación],"Undergraduate / Bachelor") -> 0 | K9: =COUNTIFS(Tabla1[Tipo de Movilidad],"Intercambio*",Tabla1[Universidad KPIs],'Utilización Convenios'!$C9,Tabla1[Año de Movilidad],'Utilización Convenios'!K$3,Tabla1[Nivel],"Pregrado") -> 2 | L9: =COUNTIFS(Tabla2[Tipo de Movilidad],"Intercambio*",Tabla2[Universidad KPIs],'Utilización Convenios'!$C9,Tabla2[Año],'Utilización Convenios'!K$3,Tabla2[Nivel Nominación],"Undergraduate / Bachelor") -> 0 | M9: =COUNTIFS(Tabla1[Tipo de Movilidad],"Intercambio*",Tabla1[Universidad KPIs],'Utilización Convenios'!$C9,Tabla1[Año de Movilidad],'Utilización Convenios'!M$3,Tabla1[Nivel],"Pregrado") -> 2 | N9: =COUNTIFS(Tabla2[Tipo de Movilidad],"Intercambio*",Tabla2[Universidad KPIs],'Utilización Convenios'!$C9,Tabla2[Año],'Utilización Convenios'!M$3,Tabla2[Nivel Nominación],"Undergraduate / Bachelor") -> 0 | O9: =COUNTIFS(Tabla1[Tipo de Movilidad],"Intercambio*",Tabla1[Universidad KPIs],'Utilización Convenios'!$C9,Tabla1[Año de Movilidad],'Utilización Convenios'!O$3,Tabla1[Nivel],"Pregrado") -> 1 | P9: =COUNTIFS(Tabla2[Tipo de Movilidad],"Intercambio*",Tabla2[Universidad KPIs],'Utilización Convenios'!$C9,Tabla2[Año],'Utilización Convenios'!O$3,Tabla2[Nivel Nominación],"Undergraduate / Bachelor") -> 0 | Q9: =SUMIF($E$4:$P$4,Q$4,$E9:$P9) -> 5 | R9: =SUMIF($E$4:$P$4,R$4,$E9:$P9) -> 0
C10: Catolica Lisbon Business & Economics. Universidade Católica Portuguesa | D10: Portugal | E10: =COUNTIFS(Tabla1[Tipo de Movilidad],"Intercambio*",Tabla1[Universidad KPIs],'Utilización Convenios'!$C10,Tabla1[Año de Movilidad],'Utilización Convenios'!E$3,Tabla1[Nivel],"Pregrado") -> 2 | F10: =COUNTIFS(Tabla2[Tipo de Movilidad],"Intercambio*",Tabla2[Universidad KPIs],'Utilización Convenios'!$C10,Tabla2[Año],'Utilización Convenios'!E$3,Tabla2[Nivel Nominación],"Undergraduate / Bachelor") -> 0 | G10: =COUNTIFS(Tabla1[Tipo de Movilidad],"Intercambio*",Tabla1[Universidad KPIs],'Utilización Convenios'!$C10,Tabla1[Año de Movilidad],'Utilización Convenios'!G$3,Tabla1[Nivel],"Pregrado") -> 2 | H10: =COUNTIFS(Tabla2[Tipo de Movilidad],"Intercambio*",Tabla2[Universidad KPIs],'Utilización Convenios'!$C10,Tabla2[Año],'Utilización Convenios'!G$3,Tabla2[Nivel Nominación],"Undergraduate / Bachelor") -> 0 | I10: =COUNTIFS(Tabla1[Tipo de Movilidad],"Intercambio*",Tabla1[Universidad KPIs],'Utilización Convenios'!$C10,Tabla1[Año de Movilidad],'Utilización Convenios'!I$3,Tabla1[Nivel],"Pregrado") -> 4 | J10: =COUNTIFS(Tabla2[Tipo de Movilidad],"Intercambio*",Tabla2[Universidad KPIs],'Utilización Convenios'!$C10,Tabla2[Año],'Utilización Convenios'!I$3,Tabla2[Nivel Nominación],"Undergraduate / Bachelor") -> 1 | K10: =COUNTIFS(Tabla1[Tipo de Movilidad],"Intercambio*",Tabla1[Universidad KPIs],'Utilización Convenios'!$C10,Tabla1[Año de Movilidad],'Utilización Convenios'!K$3,Tabla1[Nivel],"Pregrado") -> 3 | L10: =COUNTIFS(Tabla2[Tipo de Movilidad],"Intercambio*",Tabla2[Universidad KPIs],'Utilización Convenios'!$C10,Tabla2[Año],'Utilización Convenios'!K$3,Tabla2[Nivel Nominación],"Undergraduate / Bachelor") -> 4 | M10: =COUNTIFS(Tabla1[Tipo de Movilidad],"Intercambio*",Tabla1[Universidad KPIs],'Utilización Convenios'!$C10,Tabla1[Año de Movilidad],'Utilización Convenios'!M$3,Tabla1[Nivel],"Pregrado") -> 2 | N10: =COUNTIFS(Tabla2[Tipo de Movilidad],"Intercambio*",Tabla2[Universidad KPIs],'Utilización Convenios'!$C10,Tabla2[Año],'Utilización Convenios'!M$3,Tabla2[Nivel Nominación],"Undergraduate / Bachelor") -> 2 | O10: =COUNTIFS(Tabla1[Tipo de Movilidad],"Intercambio*",Tabla1[Universidad KPIs],'Utilización Convenios'!$C10,Tabla1[Año de Movilidad],'Utilización Convenios'!O$3,Tabla1[Nivel],"Pregrado") -> 4 | P10: =COUNTIFS(Tabla2[Tipo de Movilidad],"Intercambio*",Tabla2[Universidad KPIs],'Utilización Convenios'!$C10,Tabla2[Año],'Utilización Convenios'!O$3,Tabla2[Nivel Nominación],"Undergraduate / Bachelor") -> 2 | Q10: =SUMIF($E$4:$P$4,Q$4,$E10:$P10) -> 17 | R10: =SUMIF($E$4:$P$4,R$4,$E10:$P10) -> 9
C11: CBS- Copenhagen Business School | D11: Denmark | E11: =COUNTIFS(Tabla1[Tipo de Movilidad],"Intercambio*",Tabla1[Universidad KPIs],'Utilización Convenios'!$C11,Tabla1[Año de Movilidad],'Utilización Convenios'!E$3,Tabla1[Nivel],"Pregrado") -> 2 | F11: =COUNTIFS(Tabla2[Tipo de Movilidad],"Intercambio*",Tabla2[Universidad KPIs],'Utilización Convenios'!$C11,Tabla2[Año],'Utilización Convenios'!E$3,Tabla2[Nivel Nominación],"Undergraduate / Bachelor") -> 0 | G11: =COUNTIFS(Tabla1[Tipo de Movilidad],"Intercambio*",Tabla1[Universidad KPIs],'Utilización Convenios'!$C11,Tabla1[Año de Movilidad],'Utilización Convenios'!G$3,Tabla1[Nivel],"Pregrado") -> 2 | H11: =COUNTIFS(Tabla2[Tipo de Movilidad],"Intercambio*",Tabla2[Universidad KPIs],'Utilización Convenios'!$C11,Tabla2[Año],'Utilización Convenios'!G$3,Tabla2[Nivel Nominación],"Undergraduate / Bachelor") -> 1 | I11: =COUNTIFS(Tabla1[Tipo de Movilidad],"Intercambio*",Tabla1[Universidad KPIs],'Utilización Convenios'!$C11,Tabla1[Año de Movilidad],'Utilización Convenios'!I$3,Tabla1[Nivel],"Pregrado") -> 2 | J11: =COUNTIFS(Tabla2[Tipo de Movilidad],"Intercambio*",Tabla2[Universidad KPIs],'Utilización Convenios'!$C11,Tabla2[Año],'Utilización Convenios'!I$3,Tabla2[Nivel Nominación],"Undergraduate / Bachelor") -> 3 | K11: =COUNTIFS(Tabla1[Tipo de Movilidad],"Intercambio*",Tabla1[Universidad KPIs],'Utilización Convenios'!$C11,Tabla1[Año de Movilidad],'Utilización Convenios'!K$3,Tabla1[Nivel],"Pregrado") -> 2 | L11: =COUNTIFS(Tabla2[Tipo de Movilidad],"Intercambio*",Tabla2[Universidad KPIs],'Utilización Convenios'!$C11,Tabla2[Año],'Utilización Convenios'!K$3,Tabla2[Nivel Nominación],"Undergraduate / Bachelor") -> 2 | M11: =COUNTIFS(Tabla1[Tipo de Movilidad],"Intercambio*",Tabla1[Universidad KPIs],'Utilización Convenios'!$C11,Tabla1[Año de Movilidad],'Utilización Convenios'!M$3,Tabla1[Nivel],"Pregrado") -> 1 | N11: =COUNTIFS(Tabla2[Tipo de Movilidad],"Intercambio*",Tabla2[Universidad KPIs],'Utilización Convenios'!$C11,Tabla2[Año],'Utilización Convenios'!M$3,Tabla2[Nivel Nominación],"Undergraduate / Bachelor") -> 1 | O11: =COUNTIFS(Tabla1[Tipo de Movilidad],"Intercambio*",Tabla1[Universidad KPIs],'Utilización Convenios'!$C11,Tabla1[Año de Movilidad],'Utilización Convenios'!O$3,Tabla1[Nivel],"Pregrado") -> 2 | P11: =COUNTIFS(Tabla2[Tipo de Movilidad],"Intercambio*",Tabla2[Universidad KPIs],'Utilización Convenios'!$C11,Tabla2[Año],'Utilización Convenios'!O$3,Tabla2[Nivel Nominación],"Undergraduate / Bachelor") -> 3 | Q11: =SUMIF($E$4:$P$4,Q$4,$E11:$P11) -> 11 | R11: =SUMIF($E$4:$P$4,R$4,$E11:$P11) -> 10
C12: City University of Hong Kong | D12: China | E12: =COUNTIFS(Tabla1[Tipo de Movilidad],"Intercambio*",Tabla1[Universidad KPIs],'Utilización Convenios'!$C12,Tabla1[Año de Movilidad],'Utilización Convenios'!E$3,Tabla1[Nivel],"Pregrado") -> 0 | F12: =COUNTIFS(Tabla2[Tipo de Movilidad],"Intercambio*",Tabla2[Universidad KPIs],'Utilización Convenios'!$C12,Tabla2[Año],'Utilización Convenios'!E$3,Tabla2[Nivel Nominación],"Undergraduate / Bachelor") -> 0 | G12: =COUNTIFS(Tabla1[Tipo de Movilidad],"Intercambio*",Tabla1[Universidad KPIs],'Utilización Convenios'!$C12,Tabla1[Año de Movilidad],'Utilización Convenios'!G$3,Tabla1[Nivel],"Pregrado") -> 0 | H12: =COUNTIFS(Tabla2[Tipo de Movilidad],"Intercambio*",Tabla2[Universidad KPIs],'Utilización Convenios'!$C12,Tabla2[Año],'Utilización Convenios'!G$3,Tabla2[Nivel Nominación],"Undergraduate / Bachelor") -> 0 | I12: =COUNTIFS(Tabla1[Tipo de Movilidad],"Intercambio*",Tabla1[Universidad KPIs],'Utilización Convenios'!$C12,Tabla1[Año de Movilidad],'Utilización Convenios'!I$3,Tabla1[Nivel],"Pregrado") -> 1 | J12: =COUNTIFS(Tabla2[Tipo de Movilidad],"Intercambio*",Tabla2[Universidad KPIs],'Utilización Convenios'!$C12,Tabla2[Año],'Utilización Convenios'!I$3,Tabla2[Nivel Nominación],"Undergraduate / Bachelor") -> 0 | K12: =COUNTIFS(Tabla1[Tipo de Movilidad],"Intercambio*",Tabla1[Universidad KPIs],'Utilización Convenios'!$C12,Tabla1[Año de Movilidad],'Utilización Convenios'!K$3,Tabla1[Nivel],"Pregrado") -> 2 | L12: =COUNTIFS(Tabla2[Tipo de Movilidad],"Intercambio*",Tabla2[Universidad KPIs],'Utilización Convenios'!$C12,Tabla2[Año],'Utilización Convenios'!K$3,Tabla2[Nivel Nominación],"Undergraduate / Bachelor") -> 0 | M12: =COUNTIFS(Tabla1[Tipo de Movilidad],"Intercambio*",Tabla1[Universidad KPIs],'Utilización Convenios'!$C12,Tabla1[Año de Movilidad],'Utilización Convenios'!M$3,Tabla1[Nivel],"Pregrado") -> 0 | N12: =COUNTIFS(Tabla2[Tipo de Movilidad],"Intercambio*",Tabla2[Universidad KPIs],'Utilización Convenios'!$C12,Tabla2[Año],'Utilización Convenios'!M$3,Tabla2[Nivel Nominación],"Undergraduate / Bachelor") -> 0 | O12: =COUNTIFS(Tabla1[Tipo de Movilidad],"Intercambio*",Tabla1[Universidad KPIs],'Utilización Convenios'!$C12,Tabla1[Año de Movilidad],'Utilización Convenios'!O$3,Tabla1[Nivel],"Pregrado") -> 1 | P12: =COUNTIFS(Tabla2[Tipo de Movilidad],"Intercambio*",Tabla2[Universidad KPIs],'Utilización Convenios'!$C12,Tabla2[Año],'Utilización Convenios'!O$3,Tabla2[Nivel Nominación],"Undergraduate / Bachelor") -> 0 | Q12: =SUMIF($E$4:$P$4,Q$4,$E12:$P12) -> 4 | R12: =SUMIF($E$4:$P$4,R$4,$E12:$P12) -> 0
C13: EDHEC Business School | D13: France | E13: =COUNTIFS(Tabla1[Tipo de Movilidad],"Intercambio*",Tabla1[Universidad KPIs],'Utilización Convenios'!$C13,Tabla1[Año de Movilidad],'Utilización Convenios'!E$3,Tabla1[Nivel],"Pregrado") -> 0 | F13: =COUNTIFS(Tabla2[Tipo de Movilidad],"Intercambio*",Tabla2[Universidad KPIs],'Utilización Convenios'!$C13,Tabla2[Año],'Utilización Convenios'!E$3,Tabla2[Nivel Nominación],"Undergraduate / Bachelor") -> 1 | G13: =COUNTIFS(Tabla1[Tipo de Movilidad],"Intercambio*",Tabla1[Universidad KPIs],'Utilización Convenios'!$C13,Tabla1[Año de Movilidad],'Utilización Convenios'!G$3,Tabla1[Nivel],"Pregrado") -> 0 | H13: =COUNTIFS(Tabla2[Tipo de Movilidad],"Intercambio*",Tabla2[Universidad KPIs],'Utilización Convenios'!$C13,Tabla2[Año],'Utilización Convenios'!G$3,Tabla2[Nivel Nominación],"Undergraduate / Bachelor") -> 0 | I13: =COUNTIFS(Tabla1[Tipo de Movilidad],"Intercambio*",Tabla1[Universidad KPIs],'Utilización Convenios'!$C13,Tabla1[Año de Movilidad],'Utilización Convenios'!I$3,Tabla1[Nivel],"Pregrado") -> 3 | J13: =COUNTIFS(Tabla2[Tipo de Movilidad],"Intercambio*",Tabla2[Universidad KPIs],'Utilización Convenios'!$C13,Tabla2[Año],'Utilización Convenios'!I$3,Tabla2[Nivel Nominación],"Undergraduate / Bachelor") -> 0 | K13: =COUNTIFS(Tabla1[Tipo de Movilidad],"Intercambio*",Tabla1[Universidad KPIs],'Utilización Convenios'!$C13,Tabla1[Año de Movilidad],'Utilización Convenios'!K$3,Tabla1[Nivel],"Pregrado") -> 2 | L13: =COUNTIFS(Tabla2[Tipo de Movilidad],"Intercambio*",Tabla2[Universidad KPIs],'Utilización Convenios'!$C13,Tabla2[Año],'Utilización Convenios'!K$3,Tabla2[Nivel Nominación],"Undergraduate / Bachelor") -> 2 | M13: =COUNTIFS(Tabla1[Tipo de Movilidad],"Intercambio*",Tabla1[Universidad KPIs],'Utilización Convenios'!$C13,Tabla1[Año de Movilidad],'Utilización Convenios'!M$3,Tabla1[Nivel],"Pregrado") -> 2 | N13: =COUNTIFS(Tabla2[Tipo de Movilidad],"Intercambio*",Tabla2[Universidad KPIs],'Utilización Convenios'!$C13,Tabla2[Año],'Utilización Convenios'!M$3,Tabla2[Nivel Nominación],"Undergraduate / Bachelor") -> 0 | O13: =COUNTIFS(Tabla1[Tipo de Movilidad],"Intercambio*",Tabla1[Universidad KPIs],'Utilización Convenios'!$C13,Tabla1[Año de Movilidad],'Utilización Convenios'!O$3,Tabla1[Nivel],"Pregrado") -> 3 | P13: =COUNTIFS(Tabla2[Tipo de Movilidad],"Intercambio*",Tabla2[Universidad KPIs],'Utilización Convenios'!$C13,Tabla2[Año],'Utilización Convenios'!O$3,Tabla2[Nivel Nominación],"Undergraduate / Bachelor") -> 0 | Q13: =SUMIF($E$4:$P$4,Q$4,$E13:$P13) -> 10 | R13: =SUMIF($E$4:$P$4,R$4,$E13:$P13) -> 3
C14: EM Strasbourg | D14: France | E14: =COUNTIFS(Tabla1[Tipo de Movilidad],"Intercambio*",Tabla1[Universidad KPIs],'Utilización Convenios'!$C14,Tabla1[Año de Movilidad],'Utilización Convenios'!E$3,Tabla1[Nivel],"Pregrado") -> 0 | F14: =COUNTIFS(Tabla2[Tipo de Movilidad],"Intercambio*",Tabla2[Universidad KPIs],'Utilización Convenios'!$C14,Tabla2[Año],'Utilización Convenios'!E$3,Tabla2[Nivel Nominación],"Undergraduate / Bachelor") -> 1 | G14: =COUNTIFS(Tabla1[Tipo de Movilidad],"Intercambio*",Tabla1[Universidad KPIs],'Utilización Convenios'!$C14,Tabla1[Año de Movilidad],'Utilización Convenios'!G$3,Tabla1[Nivel],"Pregrado") -> 0 | H14: =COUNTIFS(Tabla2[Tipo de Movilidad],"Intercambio*",Tabla2[Universidad KPIs],'Utilización Convenios'!$C14,Tabla2[Año],'Utilización Convenios'!G$3,Tabla2[Nivel Nominación],"Undergraduate / Bachelor") -> 1 | I14: =COUNTIFS(Tabla1[Tipo de Movilidad],"Intercambio*",Tabla1[Universidad KPIs],'Utilización Convenios'!$C14,Tabla1[Año de Movilidad],'Utilización Convenios'!I$3,Tabla1[Nivel],"Pregrado") -> 0 | J14: =COUNTIFS(Tabla2[Tipo de Movilidad],"Intercambio*",Tabla2[Universidad KPIs],'Utilización Convenios'!$C14,Tabla2[Año],'Utilización Convenios'!I$3,Tabla2[Nivel Nominación],"Undergraduate / Bachelor") -> 1 | K14: =COUNTIFS(Tabla1[Tipo de Movilidad],"Intercambio*",Tabla1[Universidad KPIs],'Utilización Convenios'!$C14,Tabla1[Año de Movilidad],'Utilización Convenios'!K$3,Tabla1[Nivel],"Pregrado") -> 3 | L14: =COUNTIFS(Tabla2[Tipo de Movilidad],"Intercambio*",Tabla2[Universidad KPIs],'Utilización Convenios'!$C14,Tabla2[Año],'Utilización Convenios'!K$3,Tabla2[Nivel Nominación],"Undergraduate / Bachelor") -> 1 | M14: =COUNTIFS(Tabla1[Tipo de Movilidad],"Intercambio*",Tabla1[Universidad KPIs],'Utilización Convenios'!$C14,Tabla1[Año de Movilidad],'Utilización Convenios'!M$3,Tabla1[Nivel],"Pregrado") -> 2 | N14: =COUNTIFS(Tabla2[Tipo de Movilidad],"Intercambio*",Tabla2[Universidad KPIs],'Utilización Convenios'!$C14,Tabla2[Año],'Utilización Convenios'!M$3,Tabla2[Nivel Nominación],"Undergraduate / Bachelor") -> 1 | O14: =COUNTIFS(Tabla1[Tipo de Movilidad],"Intercambio*",Tabla1[Universidad KPIs],'Utilización Convenios'!$C14,Tabla1[Año de Movilidad],'Utilización Convenios'!O$3,Tabla1[Nivel],"Pregrado") -> 2 | P14: =COUNTIFS(Tabla2[Tipo de Movilidad],"Intercambio*",Tabla2[Universidad KPIs],'Utilización Convenios'!$C14,Tabla2[Año],'Utilización Convenios'!O$3,Tabla2[Nivel Nominación],"Undergraduate / Bachelor") -> 0 | Q14: =SUMIF($E$4:$P$4,Q$4,$E14:$P14) -> 7 | R14: =SUMIF($E$4:$P$4,R$4,$E14:$P14) -> 5
C15: ESADE | D15: Spain | E15: =COUNTIFS(Tabla1[Tipo de Movilidad],"Intercambio*",Tabla1[Universidad KPIs],'Utilización Convenios'!$C15,Tabla1[Año de Movilidad],'Utilización Convenios'!E$3,Tabla1[Nivel],"Pregrado") -> 2 | F15: =COUNTIFS(Tabla2[Tipo de Movilidad],"Intercambio*",Tabla2[Universidad KPIs],'Utilización Convenios'!$C15,Tabla2[Año],'Utilización Convenios'!E$3,Tabla2[Nivel Nominación],"Undergraduate / Bachelor") -> 0 | G15: =COUNTIFS(Tabla1[Tipo de Movilidad],"Intercambio*",Tabla1[Universidad KPIs],'Utilización Convenios'!$C15,Tabla1[Año de Movilidad],'Utilización Convenios'!G$3,Tabla1[Nivel],"Pregrado") -> 2 | H15: =COUNTIFS(Tabla2[Tipo de Movilidad],"Intercambio*",Tabla2[Universidad KPIs],'Utilización Convenios'!$C15,Tabla2[Año],'Utilización Convenios'!G$3,Tabla2[Nivel Nominación],"Undergraduate / Bachelor") -> 1 | I15: =COUNTIFS(Tabla1[Tipo de Movilidad],"Intercambio*",Tabla1[Universidad KPIs],'Utilización Convenios'!$C15,Tabla1[Año de Movilidad],'Utilización Convenios'!I$3,Tabla1[Nivel],"Pregrado") -> 6 | J15: =COUNTIFS(Tabla2[Tipo de Movilidad],"Intercambio*",Tabla2[Universidad KPIs],'Utilización Convenios'!$C15,Tabla2[Año],'Utilización Convenios'!I$3,Tabla2[Nivel Nominación],"Undergraduate / Bachelor") -> 1 | K15: =COUNTIFS(Tabla1[Tipo de Movilidad],"Intercambio*",Tabla1[Universidad KPIs],'Utilización Convenios'!$C15,Tabla1[Año de Movilidad],'Utilización Convenios'!K$3,Tabla1[Nivel],"Pregrado") -> 4 | L15: =COUNTIFS(Tabla2[Tipo de Movilidad],"Intercambio*",Tabla2[Universidad KPIs],'Utilización Convenios'!$C15,Tabla2[Año],'Utilización Convenios'!K$3,Tabla2[Nivel Nominación],"Undergraduate / Bachelor") -> 5 | M15: =COUNTIFS(Tabla1[Tipo de Movilidad],"Intercambio*",Tabla1[Universidad KPIs],'Utilización Convenios'!$C15,Tabla1[Año de Movilidad],'Utilización Convenios'!M$3,Tabla1[Nivel],"Pregrado") -> 2 | N15: =COUNTIFS(Tabla2[Tipo de Movilidad],"Intercambio*",Tabla2[Universidad KPIs],'Utilización Convenios'!$C15,Tabla2[Año],'Utilización Convenios'!M$3,Tabla2[Nivel Nominación],"Undergraduate / Bachelor") -> 2 | O15: =COUNTIFS(Tabla1[Tipo de Movilidad],"Intercambio*",Tabla1[Universidad KPIs],'Utilización Convenios'!$C15,Tabla1[Año de Movilidad],'Utilización Convenios'!O$3,Tabla1[Nivel],"Pregrado") -> 4 | P15: =COUNTIFS(Tabla2[Tipo de Movilidad],"Intercambio*",Tabla2[Universidad KPIs],'Utilización Convenios'!$C15,Tabla2[Año],'Utilización Convenios'!O$3,Tabla2[Nivel Nominación],"Undergraduate / Bachelor") -> 6 | Q15: =SUMIF($E$4:$P$4,Q$4,$E15:$P15) -> 20 | R15: =SUMIF($E$4:$P$4,R$4,$E15:$P15) -> 15
C16: ESC Rouen (NEOMA) | D16: France | E16: =COUNTIFS(Tabla1[Tipo de Movilidad],"Intercambio*",Tabla1[Universidad KPIs],'Utilización Convenios'!$C16,Tabla1[Año de Movilidad],'Utilización Convenios'!E$3,Tabla1[Nivel],"Pregrado") -> 1 | F16: =COUNTIFS(Tabla2[Tipo de Movilidad],"Intercambio*",Tabla2[Universidad KPIs],'Utilización Convenios'!$C16,Tabla2[Año],'Utilización Convenios'!E$3,Tabla2[Nivel Nominación],"Undergraduate / Bachelor") -> 0 | G16: =COUNTIFS(Tabla1[Tipo de Movilidad],"Intercambio*",Tabla1[Universidad KPIs],'Utilización Convenios'!$C16,Tabla1[Año de Movilidad],'Utilización Convenios'!G$3,Tabla1[Nivel],"Pregrado") -> 4 | H16: =COUNTIFS(Tabla2[Tipo de Movilidad],"Intercambio*",Tabla2[Universidad KPIs],'Utilización Convenios'!$C16,Tabla2[Año],'Utilización Convenios'!G$3,Tabla2[Nivel Nominación],"Undergraduate / Bachelor") -> 0 | I16: =COUNTIFS(Tabla1[Tipo de Movilidad],"Intercambio*",Tabla1[Universidad KPIs],'Utilización Convenios'!$C16,Tabla1[Año de Movilidad],'Utilización Convenios'!I$3,Tabla1[Nivel],"Pregrado") -> 6 | J16: =COUNTIFS(Tabla2[Tipo de Movilidad],"Intercambio*",Tabla2[Universidad KPIs],'Utilización Convenios'!$C16,Tabla2[Año],'Utilización Convenios'!I$3,Tabla2[Nivel Nominación],"Undergraduate / Bachelor") -> 0 | K16: =COUNTIFS(Tabla1[Tipo de Movilidad],"Intercambio*",Tabla1[Universidad KPIs],'Utilización Convenios'!$C16,Tabla1[Año de Movilidad],'Utilización Convenios'!K$3,Tabla1[Nivel],"Pregrado") -> 4 | L16: =COUNTIFS(Tabla2[Tipo de Movilidad],"Intercambio*",Tabla2[Universidad KPIs],'Utilización Convenios'!$C16,Tabla2[Año],'Utilización Convenios'!K$3,Tabla2[Nivel Nominación],"Undergraduate / Bachelor") -> 3 | M16: =COUNTIFS(Tabla1[Tipo de Movilidad],"Intercambio*",Tabla1[Universidad KPIs],'Utilización Convenios'!$C16,Tabla1[Año de Movilidad],'Utilización Convenios'!M$3,Tabla1[Nivel],"Pregrado") -> 2 | N16: =COUNTIFS(Tabla2[Tipo de Movilidad],"Intercambio*",Tabla2[Universidad KPIs],'Utilización Convenios'!$C16,Tabla2[Año],'Utilización Convenios'!M$3,Tabla2[Nivel Nominación],"Undergraduate / Bachelor") -> 0 | O16: =COUNTIFS(Tabla1[Tipo de Movilidad],"Intercambio*",Tabla1[Universidad KPIs],'Utilización Convenios'!$C16,Tabla1[Año de Movilidad],'Utilización Convenios'!O$3,Tabla1[Nivel],"Pregrado") -> 2 | P16: =COUNTIFS(Tabla2[Tipo de Movilidad],"Intercambio*",Tabla2[Universidad KPIs],'Utilización Convenios'!$C16,Tabla2[Año],'Utilización Convenios'!O$3,Tabla2[Nivel Nominación],"Undergraduate / Bachelor") -> 2 | Q16: =SUMIF($E$4:$P$4,Q$4,$E16:$P16) -> 19 | R16: =SUMIF($E$4:$P$4,R$4,$E16:$P16) -> 5
C17: ESCP | D17: France | E17: =COUNTIFS(Tabla1[Tipo de Movilidad],"Intercambio*",Tabla1[Universidad KPIs],'Utilización Convenios'!$C17,Tabla1[Año de Movilidad],'Utilización Convenios'!E$3,Tabla1[Nivel],"Pregrado") -> 1 | F17: =COUNTIFS(Tabla2[Tipo de Movilidad],"Intercambio*",Tabla2[Universidad KPIs],'Utilización Convenios'!$C17,Tabla2[Año],'Utilización Convenios'!E$3,Tabla2[Nivel Nominación],"Undergraduate / Bachelor") -> 0 | G17: =COUNTIFS(Tabla1[Tipo de Movilidad],"Intercambio*",Tabla1[Universidad KPIs],'Utilización Convenios'!$C17,Tabla1[Año de Movilidad],'Utilización Convenios'!G$3,Tabla1[Nivel],"Pregrado") -> 3 | H17: =COUNTIFS(Tabla2[Tipo de Movilidad],"Intercambio*",Tabla2[Universidad KPIs],'Utilización Convenios'!$C17,Tabla2[Año],'Utilización Convenios'!G$3,Tabla2[Nivel Nominación],"Undergraduate / Bachelor") -> 0 | I17: =COUNTIFS(Tabla1[Tipo de Movilidad],"Intercambio*",Tabla1[Universidad KPIs],'Utilización Convenios'!$C17,Tabla1[Año de Movilidad],'Utilización Convenios'!I$3,Tabla1[Nivel],"Pregrado") -> 0 | J17: =COUNTIFS(Tabla2[Tipo de Movilidad],"Intercambio*",Tabla2[Universidad KPIs],'Utilización Convenios'!$C17,Tabla2[Año],'Utilización Convenios'!I$3,Tabla2[Nivel Nominación],"Undergraduate / Bachelor") -> 0 | K17: =COUNTIFS(Tabla1[Tipo de Movilidad],"Intercambio*",Tabla1[Universidad KPIs],'Utilización Convenios'!$C17,Tabla1[Año de Movilidad],'Utilización Convenios'!K$3,Tabla1[Nivel],"Pregrado") -> 4 | L17: =COUNTIFS(Tabla2[Tipo de Movilidad],"Intercambio*",Tabla2[Universidad KPIs],'Utilización Convenios'!$C17,Tabla2[Año],'Utilización Convenios'!K$3,Tabla2[Nivel Nominación],"Undergraduate / Bachelor") -> 0 | M17: =COUNTIFS(Tabla1[Tipo de Movilidad],"Intercambio*",Tabla1[Universidad KPIs],'Utilización Convenios'!$C17,Tabla1[Año de Movilidad],'Utilización Convenios'!M$3,Tabla1[Nivel],"Pregrado") -> 3 | N17: =COUNTIFS(Tabla2[Tipo de Movilidad],"Intercambio*",Tabla2[Universidad KPIs],'Utilización Convenios'!$C17,Tabla2[Año],'Utilización Convenios'!M$3,Tabla2[Nivel Nominación],"Undergraduate / Bachelor") -> 1 | O17: =COUNTIFS(Tabla1[Tipo de Movilidad],"Intercambio*",Tabla1[Universidad KPIs],'Utilización Convenios'!$C17,Tabla1[Año de Movilidad],'Utilización Convenios'!O$3,Tabla1[Nivel],"Pregrado") -> 3 | P17: =COUNTIFS(Tabla2[Tipo de Movilidad],"Intercambio*",Tabla2[Universidad KPIs],'Utilización Convenios'!$C17,Tabla2[Año],'Utilización Convenios'!O$3,Tabla2[Nivel Nominación],"Undergraduate / Bachelor") -> 0 | Q17: =SUMIF($E$4:$P$4,Q$4,$E17:$P17) -> 14 | R17: =SUMIF($E$4:$P$4,R$4,$E17:$P17) -> 1
... C64: Warsaw School of Economics | D64: Warsaw | E64: =COUNTIFS(Tabla1[Tipo de Movilidad],"Intercambio*",Tabla1[Universidad KPIs],'Utilización Convenios'!$C64,Tabla1[Año de Movilidad],'Utilización Convenios'!E$3,Tabla1[Nivel],"Pregrado") -> 0 | F64: =COUNTIFS(Tabla2[Tipo de Movilidad],"Intercambio*",Tabla2[Universidad KPIs],'Utilización Convenios'!$C64,Tabla2[Año],'Utilización Convenios'!E$3,Tabla2[Nivel Nominación],"Undergraduate / Bachelor") -> 0 | G64: =COUNTIFS(Tabla1[Tipo de Movilidad],"Intercambio*",Tabla1[Universidad KPIs],'Utilización Convenios'!$C64,Tabla1[Año de Movilidad],'Utilización Convenios'!G$3,Tabla1[Nivel],"Pregrado") -> 0 | H64: =COUNTIFS(Tabla2[Tipo de Movilidad],"Intercambio*",Tabla2[Universidad KPIs],'Utilización Convenios'!$C64,Tabla2[Año],'Utilización Convenios'!G$3,Tabla2[Nivel Nominación],"Undergraduate / Bachelor") -> 0 | I64: =COUNTIFS(Tabla1[Tipo de Movilidad],"Intercambio*",Tabla1[Universidad KPIs],'Utilización Convenios'!$C64,Tabla1[Año de Movilidad],'Utilización Convenios'!I$3,Tabla1[Nivel],"Pregrado") -> 0 | J64: =COUNTIFS(Tabla2[Tipo de Movilidad],"Intercambio*",Tabla2[Universidad KPIs],'Utilización Convenios'!$C64,Tabla2[Año],'Utilización Convenios'!I$3,Tabla2[Nivel Nominación],"Undergraduate / Bachelor") -> 0 | K64: =COUNTIFS(Tabla1[Tipo de Movilidad],"Intercambio*",Tabla1[Universidad KPIs],'Utilización Convenios'!$C64,Tabla1[Año de Movilidad],'Utilización Convenios'!K$3,Tabla1[Nivel],"Pregrado") -> 0 | L64: =COUNTIFS(Tabla2[Tipo de Movilidad],"Intercambio*",Tabla2[Universidad KPIs],'Utilización Convenios'!$C64,Tabla2[Año],'Utilización Convenios'!K$3,Tabla2[Nivel Nominación],"Undergraduate / Bachelor") -> 0 | M64: =COUNTIFS(Tabla1[Tipo de Movilidad],"Intercambio*",Tabla1[Universidad KPIs],'Utilización Convenios'!$C64,Tabla1[Año de Movilidad],'Utilización Convenios'!M$3,Tabla1[Nivel],"Pregrado") -> 0 | N64: =COUNTIFS(Tabla2[Tipo de Movilidad],"Intercambio*",Tabla2[Universidad KPIs],'Utilización Convenios'!$C64,Tabla2[Año],'Utilización Convenios'!M$3,Tabla2[Nivel Nominación],"Undergraduate / Bachelor") -> 0 | O64: =COUNTIFS(Tabla1[Tipo de Movilidad],"Intercambio*",Tabla1[Universidad KPIs],'Utilización Convenios'!$C64,Tabla1[Año de Movilidad],'Utilización Convenios'!O$3,Tabla1[Nivel],"Pregrado") -> 0 | P64: =COUNTIFS(Tabla2[Tipo de Movilidad],"Intercambio*",Tabla2[Universidad KPIs],'Utilización Convenios'!$C64,Tabla2[Año],'Utilización Convenios'!O$3,Tabla2[Nivel Nominación],"Undergraduate / Bachelor") -> 0 | Q64: =SUMIF($E$4:$P$4,Q$4,$E64:$P64) -> 0 | R64: =SUMIF($E$4:$P$4,R$4,$E64:$P64) -> 0
B65: C O N V E N I O S G E N E E R A L E S | C65: American University of Central Asia | D65: Kyrgyzstan | E65: =COUNTIFS(Tabla1[Tipo de Movilidad],"Intercambio*",Tabla1[Universidad KPIs],'Utilización Convenios'!$C65,Tabla1[Año de Movilidad],'Utilización Convenios'!E$3,Tabla1[Nivel],"Pregrado") -> 0 | F65: =COUNTIFS(Tabla2[Tipo de Movilidad],"Intercambio*",Tabla2[Universidad KPIs],'Utilización Convenios'!$C65,Tabla2[Año],'Utilización Convenios'!E$3,Tabla2[Nivel Nominación],"Undergraduate / Bachelor") -> 0 | G65: =COUNTIFS(Tabla1[Tipo de Movilidad],"Intercambio*",Tabla1[Universidad KPIs],'Utilización Convenios'!$C65,Tabla1[Año de Movilidad],'Utilización Convenios'!G$3,Tabla1[Nivel],"Pregrado") -> 0 | H65: =COUNTIFS(Tabla2[Tipo de Movilidad],"Intercambio*",Tabla2[Universidad KPIs],'Utilización Convenios'!$C65,Tabla2[Año],'Utilización Convenios'!G$3,Tabla2[Nivel Nominación],"Undergraduate / Bachelor") -> 0 | I65: =COUNTIFS(Tabla1[Tipo de Movilidad],"Intercambio*",Tabla1[Universidad KPIs],'Utilización Convenios'!$C65,Tabla1[Año de Movilidad],'Utilización Convenios'!I$3,Tabla1[Nivel],"Pregrado") -> 0 | J65: =COUNTIFS(Tabla2[Tipo de Movilidad],"Intercambio*",Tabla2[Universidad KPIs],'Utilización Convenios'!$C65,Tabla2[Año],'Utilización Convenios'!I$3,Tabla2[Nivel Nominación],"Undergraduate / Bachelor") -> 0 | K65: =COUNTIFS(Tabla1[Tipo de Movilidad],"Intercambio*",Tabla1[Universidad KPIs],'Utilización Convenios'!$C65,Tabla1[Año de Movilidad],'Utilización Convenios'!K$3,Tabla1[Nivel],"Pregrado") -> 1 | L65: =COUNTIFS(Tabla2[Tipo de Movilidad],"Intercambio*",Tabla2[Universidad KPIs],'Utilización Convenios'!$C65,Tabla2[Año],'Utilización Convenios'!K$3,Tabla2[Nivel Nominación],"Undergraduate / Bachelor") -> 2 | M65: =COUNTIFS(Tabla1[Tipo de Movilidad],"Intercambio*",Tabla1[Universidad KPIs],'Utilización Convenios'!$C65,Tabla1[Año de Movilidad],'Utilización Convenios'!M$3,Tabla1[Nivel],"Pregrado") -> 0 | N65: =COUNTIFS(Tabla2[Tipo de Movilidad],"Intercambio*",Tabla2[Universidad KPIs],'Utilización Convenios'!$C65,Tabla2[Año],'Utilización Convenios'!M$3,Tabla2[Nivel Nominación],"Undergraduate / Bachelor") -> 2 | O65: =COUNTIFS(Tabla1[Tipo de Movilidad],"Intercambio*",Tabla1[Universidad KPIs],'Utilización Convenios'!$C65,Tabla1[Año de Movilidad],'Utilización Convenios'!O$3,Tabla1[Nivel],"Pregrado") -> 0 | P65: =COUNTIFS(Tabla2[Tipo de Movilidad],"Intercambio*",Tabla2[Universidad KPIs],'Utilización Convenios'!$C65,Tabla2[Año],'Utilización Convenios'!O$3,Tabla2[Nivel Nominación],"Undergraduate / Bachelor") -> 0 | Q65: =SUMIF($E$4:$P$4,Q$4,$E65:$P65) -> 1 | R65: =SUMIF($E$4:$P$4,R$4,$E65:$P65) -> 4
C66: Amherst College | D66: United States | E66: =COUNTIFS(Tabla1[Tipo de Movilidad],"Intercambio*",Tabla1[Universidad KPIs],'Utilización Convenios'!$C66,Tabla1[Año de Movilidad],'Utilización Convenios'!E$3,Tabla1[Nivel],"Pregrado") -> 0 | F66: =COUNTIFS(Tabla2[Tipo de Movilidad],"Intercambio*",Tabla2[Universidad KPIs],'Utilización Convenios'!$C66,Tabla2[Año],'Utilización Convenios'!E$3,Tabla2[Nivel Nominación],"Undergraduate / Bachelor") -> 0 | G66: =COUNTIFS(Tabla1[Tipo de Movilidad],"Intercambio*",Tabla1[Universidad KPIs],'Utilización Convenios'!$C66,Tabla1[Año de Movilidad],'Utilización Convenios'!G$3,Tabla1[Nivel],"Pregrado") -> 0 | H66: =COUNTIFS(Tabla2[Tipo de Movilidad],"Intercambio*",Tabla2[Universidad KPIs],'Utilización Convenios'!$C66,Tabla2[Año],'Utilización Convenios'!G$3,Tabla2[Nivel Nominación],"Undergraduate / Bachelor") -> 0 | I66: =COUNTIFS(Tabla1[Tipo de Movilidad],"Intercambio*",Tabla1[Universidad KPIs],'Utilización Convenios'!$C66,Tabla1[Año de Movilidad],'Utilización Convenios'!I$3,Tabla1[Nivel],"Pregrado") -> 0 | J66: =COUNTIFS(Tabla2[Tipo de Movilidad],"Intercambio*",Tabla2[Universidad KPIs],'Utilización Convenios'!$C66,Tabla2[Año],'Utilización Convenios'!I$3,Tabla2[Nivel Nominación],"Undergraduate / Bachelor") -> 0 | K66: =COUNTIFS(Tabla1[Tipo de Movilidad],"Intercambio*",Tabla1[Universidad KPIs],'Utilización Convenios'!$C66,Tabla1[Año de Movilidad],'Utilización Convenios'!K$3,Tabla1[Nivel],"Pregrado") -> 0 | L66: =COUNTIFS(Tabla2[Tipo de Movilidad],"Intercambio*",Tabla2[Universidad KPIs],'Utilización Convenios'!$C66,Tabla2[Año],'Utilización Convenios'!K$3,Tabla2[Nivel Nominación],"Undergraduate / Bachelor") -> 0 | M66: =COUNTIFS(Tabla1[Tipo de Movilidad],"Intercambio*",Tabla1[Universidad KPIs],'Utilización Convenios'!$C66,Tabla1[Año de Movilidad],'Utilización Convenios'!M$3,Tabla1[Nivel],"Pregrado") -> 1 | N66: =COUNTIFS(Tabla2[Tipo de Movilidad],"Intercambio*",Tabla2[Universidad KPIs],'Utilización Convenios'!$C66,Tabla2[Año],'Utilización Convenios'!M$3,Tabla2[Nivel Nominación],"Undergraduate / Bachelor") -> 0 | O66: =COUNTIFS(Tabla1[Tipo de Movilidad],"Intercambio*",Tabla1[Universidad KPIs],'Utilización Convenios'!$C66,Tabla1[Año de Movilidad],'Utilización Convenios'!O$3,Tabla1[Nivel],"Pregrado") -> 1 | P66: =COUNTIFS(Tabla2[Tipo de Movilidad],"Intercambio*",Tabla2[Universidad KPIs],'Utilización Convenios'!$C66,Tabla2[Año],'Utilización Convenios'!O$3,Tabla2[Nivel Nominación],"Undergraduate / Bachelor") -> 0 | Q66: =SUMIF($E$4:$P$4,Q$4,$E66:$P66) -> 2 | R66: =SUMIF($E$4:$P$4,R$4,$E66:$P66) -> 0
C67: Curtin University | D67: Australia | E67: =COUNTIFS(Tabla1[Tipo de Movilidad],"Intercambio*",Tabla1[Universidad KPIs],'Utilización Convenios'!$C67,Tabla1[Año de Movilidad],'Utilización Convenios'!E$3,Tabla1[Nivel],"Pregrado") -> 0 | F67: =COUNTIFS(Tabla2[Tipo de Movilidad],"Intercambio*",Tabla2[Universidad KPIs],'Utilización Convenios'!$C67,Tabla2[Año],'Utilización Convenios'!E$3,Tabla2[Nivel Nominación],"Undergraduate / Bachelor") -> 0 | G67: =COUNTIFS(Tabla1[Tipo de Movilidad],"Intercambio*",Tabla1[Universidad KPIs],'Utilización Convenios'!$C67,Tabla1[Año de Movilidad],'Utilización Convenios'!G$3,Tabla1[Nivel],"Pregrado") -> 0 | H67: =COUNTIFS(Tabla2[Tipo de Movilidad],"Intercambio*",Tabla2[Universidad KPIs],'Utilización Convenios'!$C67,Tabla2[Año],'Utilización Convenios'!G$3,Tabla2[Nivel Nominación],"Undergraduate / Bachelor") -> 0 | I67: =COUNTIFS(Tabla1[Tipo de Movilidad],"Intercambio*",Tabla1[Universidad KPIs],'Utilización Convenios'!$C67,Tabla1[Año de Movilidad],'Utilización Convenios'!I$3,Tabla1[Nivel],"Pregrado") -> 0 | J67: =COUNTIFS(Tabla2[Tipo de Movilidad],"Intercambio*",Tabla2[Universidad KPIs],'Utilización Convenios'!$C67,Tabla2[Año],'Utilización Convenios'!I$3,Tabla2[Nivel Nominación],"Undergraduate / Bachelor") -> 0 | K67: =COUNTIFS(Tabla1[Tipo de Movilidad],"Intercambio*",Tabla1[Universidad KPIs],'Utilización Convenios'!$C67,Tabla1[Año de Movilidad],'Utilización Convenios'!K$3,Tabla1[Nivel],"Pregrado") -> 1 | L67: =COUNTIFS(Tabla2[Tipo de Movilidad],"Intercambio*",Tabla2[Universidad KPIs],'Utilización Convenios'!$C67,Tabla2[Año],'Utilización Convenios'!K$3,Tabla2[Nivel Nominación],"Undergraduate / Bachelor") -> 0 | M67: =COUNTIFS(Tabla1[Tipo de Movilidad],"Intercambio*",Tabla1[Universidad KPIs],'Utilización Convenios'!$C67,Tabla1[Año de Movilidad],'Utilización Convenios'!M$3,Tabla1[Nivel],"Pregrado") -> 0 | N67: =COUNTIFS(Tabla2[Tipo de Movilidad],"Intercambio*",Tabla2[Universidad KPIs],'Utilización Convenios'!$C67,Tabla2[Año],'Utilización Convenios'!M$3,Tabla2[Nivel Nominación],"Undergraduate / Bachelor") -> 0 | O67: =COUNTIFS(Tabla1[Tipo de Movilidad],"Intercambio*",Tabla1[Universidad KPIs],'Utilización Convenios'!$C67,Tabla1[Año de Movilidad],'Utilización Convenios'!O$3,Tabla1[Nivel],"Pregrado") -> 0 | P67: =COUNTIFS(Tabla2[Tipo de Movilidad],"Intercambio*",Tabla2[Universidad KPIs],'Utilización Convenios'!$C67,Tabla2[Año],'Utilización Convenios'!O$3,Tabla2[Nivel Nominación],"Undergraduate / Bachelor") -> 0 | Q67: =SUMIF($E$4:$P$4,Q$4,$E67:$P67) -> 1 | R67: =SUMIF($E$4:$P$4,R$4,$E67:$P67) -> 0
C68: CY Cergy Paris Université | D68: France | E68: =COUNTIFS(Tabla1[Tipo de Movilidad],"Intercambio*",Tabla1[Universidad KPIs],'Utilización Convenios'!$C68,Tabla1[Año de Movilidad],'Utilización Convenios'!E$3,Tabla1[Nivel],"Pregrado") -> 0 | F68: =COUNTIFS(Tabla2[Tipo de Movilidad],"Intercambio*",Tabla2[Universidad KPIs],'Utilización Convenios'!$C68,Tabla2[Año],'Utilización Convenios'!E$3,Tabla2[Nivel Nominación],"Undergraduate / Bachelor") -> 0 | G68: =COUNTIFS(Tabla1[Tipo de Movilidad],"Intercambio*",Tabla1[Universidad KPIs],'Utilización Convenios'!$C68,Tabla1[Año de Movilidad],'Utilización Convenios'!G$3,Tabla1[Nivel],"Pregrado") -> 0 | H68: =COUNTIFS(Tabla2[Tipo de Movilidad],"Intercambio*",Tabla2[Universidad KPIs],'Utilización Convenios'!$C68,Tabla2[Año],'Utilización Convenios'!G$3,Tabla2[Nivel Nominación],"Undergraduate / Bachelor") -> 2 | I68: =COUNTIFS(Tabla1[Tipo de Movilidad],"Intercambio*",Tabla1[Universidad KPIs],'Utilización Convenios'!$C68,Tabla1[Año de Movilidad],'Utilización Convenios'!I$3,Tabla1[Nivel],"Pregrado") -> 0 | J68: =COUNTIFS(Tabla2[Tipo de Movilidad],"Intercambio*",Tabla2[Universidad KPIs],'Utilización Convenios'!$C68,Tabla2[Año],'Utilización Convenios'!I$3,Tabla2[Nivel Nominación],"Undergraduate / Bachelor") -> 0 | K68: =COUNTIFS(Tabla1[Tipo de Movilidad],"Intercambio*",Tabla1[Universidad KPIs],'Utilización Convenios'!$C68,Tabla1[Año de Movilidad],'Utilización Convenios'!K$3,Tabla1[Nivel],"Pregrado") -> 0 | L68: =COUNTIFS(Tabla2[Tipo de Movilidad],"Intercambio*",Tabla2[Universidad KPIs],'Utilización Convenios'!$C68,Tabla2[Año],'Utilización Convenios'!K$3,Tabla2[Nivel Nominación],"Undergraduate / Bachelor") -> 0 | M68: =COUNTIFS(Tabla1[Tipo de Movilidad],"Intercambio*",Tabla1[Universidad KPIs],'Utilización Convenios'!$C68,Tabla1[Año de Movilidad],'Utilización Convenios'!M$3,Tabla1[Nivel],"Pregrado") -> 0 | N68: =COUNTIFS(Tabla2[Tipo de Movilidad],"Intercambio*",Tabla2[Universidad KPIs],'Utilización Convenios'!$C68,Tabla2[Año],'Utilización Convenios'!M$3,Tabla2[Nivel Nominación],"Undergraduate / Bachelor") -> 0 | O68: =COUNTIFS(Tabla1[Tipo de Movilidad],"Intercambio*",Tabla1[Universidad KPIs],'Utilización Convenios'!$C68,Tabla1[Año de Movilidad],'Utilización Convenios'!O$3,Tabla1[Nivel],"Pregrado") -> 0 | P68: =COUNTIFS(Tabla2[Tipo de Movilidad],"Intercambio*",Tabla2[Universidad KPIs],'Utilización Convenios'!$C68,Tabla2[Año],'Utilización Convenios'!O$3,Tabla2[Nivel Nominación],"Undergraduate / Bachelor") -> 0 | Q68: =SUMIF($E$4:$P$4,Q$4,$E68:$P68) -> 0 | R68: =SUMIF($E$4:$P$4,R$4,$E68:$P68) -> 2
C69: FHNW Fachhochschule Nordwestschweiz | D69: Switzerland | E69: =COUNTIFS(Tabla1[Tipo de Movilidad],"Intercambio*",Tabla1[Universidad KPIs],'Utilización Convenios'!$C69,Tabla1[Año de Movilidad],'Utilización Convenios'!E$3,Tabla1[Nivel],"Pregrado") -> 0 | F69: =COUNTIFS(Tabla2[Tipo de Movilidad],"Intercambio*",Tabla2[Universidad KPIs],'Utilización Convenios'!$C69,Tabla2[Año],'Utilización Convenios'!E$3,Tabla2[Nivel Nominación],"Undergraduate / Bachelor") -> 1 | G69: =COUNTIFS(Tabla1[Tipo de Movilidad],"Intercambio*",Tabla1[Universidad KPIs],'Utilización Convenios'!$C69,Tabla1[Año de Movilidad],'Utilización Convenios'!G$3,Tabla1[Nivel],"Pregrado") -> 0 | H69: =COUNTIFS(Tabla2[Tipo de Movilidad],"Intercambio*",Tabla2[Universidad KPIs],'Utilización Convenios'!$C69,Tabla2[Año],'Utilización Convenios'!G$3,Tabla2[Nivel Nominación],"Undergraduate / Bachelor") -> 1 | I69: =COUNTIFS(Tabla1[Tipo de Movilidad],"Intercambio*",Tabla1[Universidad KPIs],'Utilización Convenios'!$C69,Tabla1[Año de Movilidad],'Utilización Convenios'!I$3,Tabla1[Nivel],"Pregrado") -> 0 | J69: =COUNTIFS(Tabla2[Tipo de Movilidad],"Intercambio*",Tabla2[Universidad KPIs],'Utilización Convenios'!$C69,Tabla2[Año],'Utilización Convenios'!I$3,Tabla2[Nivel Nominación],"Undergraduate / Bachelor") -> 0 | K69: =COUNTIFS(Tabla1[Tipo de Movilidad],"Intercambio*",Tabla1[Universidad KPIs],'Utilización Convenios'!$C69,Tabla1[Año de Movilidad],'Utilización Convenios'!K$3,Tabla1[Nivel],"Pregrado") -> 0 | L69: =COUNTIFS(Tabla2[Tipo de Movilidad],"Intercambio*",Tabla2[Universidad KPIs],'Utilización Convenios'!$C69,Tabla2[Año],'Utilización Convenios'!K$3,Tabla2[Nivel Nominación],"Undergraduate / Bachelor") -> 0 | M69: =COUNTIFS(Tabla1[Tipo de Movilidad],"Intercambio*",Tabla1[Universidad KPIs],'Utilización Convenios'!$C69,Tabla1[Año de Movilidad],'Utilización Convenios'!M$3,Tabla1[Nivel],"Pregrado") -> 0 | N69: =COUNTIFS(Tabla2[Tipo de Movilidad],"Intercambio*",Tabla2[Universidad KPIs],'Utilización Convenios'!$C69,Tabla2[Año],'Utilización Convenios'!M$3,Tabla2[Nivel Nominación],"Undergraduate / Bachelor") -> 1 | O69: =COUNTIFS(Tabla1[Tipo de Movilidad],"Intercambio*",Tabla1[Universidad KPIs],'Utilización Convenios'!$C69,Tabla1[Año de Movilidad],'Utilización Convenios'!O$3,Tabla1[Nivel],"Pregrado") -> 0 | P69: =COUNTIFS(Tabla2[Tipo de Movilidad],"Intercambio*",Tabla2[Universidad KPIs],'Utilización Convenios'!$C69,Tabla2[Año],'Utilización Convenios'!O$3,Tabla2[Nivel Nominación],"Undergraduate / Bachelor") -> 0 | Q69: =SUMIF($E$4:$P$4,Q$4,$E69:$P69) -> 0 | R69: =SUMIF($E$4:$P$4,R$4,$E69:$P69) -> 3
C70: Institut d’Etudes Politiques de Paris | D70: France | E70: =COUNTIFS(Tabla1[Tipo de Movilidad],"Intercambio*",Tabla1[Universidad KPIs],'Utilización Convenios'!$C70,Tabla1[Año de Movilidad],'Utilización Convenios'!E$3,Tabla1[Nivel],"Pregrado") -> 0 | F70: =COUNTIFS(Tabla2[Tipo de Movilidad],"Intercambio*",Tabla2[Universidad KPIs],'Utilización Convenios'!$C70,Tabla2[Año],'Utilización Convenios'!E$3,Tabla2[Nivel Nominación],"Undergraduate / Bachelor") -> 0 | G70: =COUNTIFS(Tabla1[Tipo de Movilidad],"Intercambio*",Tabla1[Universidad KPIs],'Utilización Convenios'!$C70,Tabla1[Año de Movilidad],'Utilización Convenios'!G$3,Tabla1[Nivel],"Pregrado") -> 0 | H70: =COUNTIFS(Tabla2[Tipo de Movilidad],"Intercambio*",Tabla2[Universidad KPIs],'Utilización Convenios'!$C70,Tabla2[Año],'Utilización Convenios'!G$3,Tabla2[Nivel Nominación],"Undergraduate / Bachelor") -> 0 | I70: =COUNTIFS(Tabla1[Tipo de Movilidad],"Intercambio*",Tabla1[Universidad KPIs],'Utilización Convenios'!$C70,Tabla1[Año de Movilidad],'Utilización Convenios'!I$3,Tabla1[Nivel],"Pregrado") -> 0 | J70: =COUNTIFS(Tabla2[Tipo de Movilidad],"Intercambio*",Tabla2[Universidad KPIs],'Utilización Convenios'!$C70,Tabla2[Año],'Utilización Convenios'!I$3,Tabla2[Nivel Nominación],"Undergraduate / Bachelor") -> 1 | K70: =COUNTIFS(Tabla1[Tipo de Movilidad],"Intercambio*",Tabla1[Universidad KPIs],'Utilización Convenios'!$C70,Tabla1[Año de Movilidad],'Utilización Convenios'!K$3,Tabla1[Nivel],"Pregrado") -> 0 | L70: =COUNTIFS(Tabla2[Tipo de Movilidad],"Intercambio*",Tabla2[Universidad KPIs],'Utilización Convenios'!$C70,Tabla2[Año],'Utilización Convenios'!K$3,Tabla2[Nivel Nominación],"Undergraduate / Bachelor") -> 0 | M70: =COUNTIFS(Tabla1[Tipo de Movilidad],"Intercambio*",Tabla1[Universidad KPIs],'Utilización Convenios'!$C70,Tabla1[Año de Movilidad],'Utilización Convenios'!M$3,Tabla1[Nivel],"Pregrado") -> 0 | N70: =COUNTIFS(Tabla2[Tipo de Movilidad],"Intercambio*",Tabla2[Universidad KPIs],'Utilización Convenios'!$C70,Tabla2[Año],'Utilización Convenios'!M$3,Tabla2[Nivel Nominación],"Undergraduate / Bachelor") -> 0 | O70: =COUNTIFS(Tabla1[Tipo de Movilidad],"Intercambio*",Tabla1[Universidad KPIs],'Utilización Convenios'!$C70,Tabla1[Año de Movilidad],'Utilización Convenios'!O$3,Tabla1[Nivel],"Pregrado") -> 0 | P70: =COUNTIFS(Tabla2[Tipo de Movilidad],"Intercambio*",Tabla2[Universidad KPIs],'Utilización Convenios'!$C70,Tabla2[Año],'Utilización Convenios'!O$3,Tabla2[Nivel Nominación],"Undergraduate / Bachelor") -> 0 | Q70: =SUMIF($E$4:$P$4,Q$4,$E70:$P70) -> 0 | R70: =SUMIF($E$4:$P$4,R$4,$E70:$P70) -> 1
C71: Johannes Gutemberg - Universität Mainz | D71: Germany | E71: =COUNTIFS(Tabla1[Tipo de Movilidad],"Intercambio*",Tabla1[Universidad KPIs],'Utilización Convenios'!$C71,Tabla1[Año de Movilidad],'Utilización Convenios'!E$3,Tabla1[Nivel],"Pregrado") -> 0 | F71: =COUNTIFS(Tabla2[Tipo de Movilidad],"Intercambio*",Tabla2[Universidad KPIs],'Utilización Convenios'!$C71,Tabla2[Año],'Utilización Convenios'!E$3,Tabla2[Nivel Nominación],"Undergraduate / Bachelor") -> 0 | G71: =COUNTIFS(Tabla1[Tipo de Movilidad],"Intercambio*",Tabla1[Universidad KPIs],'Utilización Convenios'!$C71,Tabla1[Año de Movilidad],'Utilización Convenios'!G$3,Tabla1[Nivel],"Pregrado") -> 0 | H71: =COUNTIFS(Tabla2[Tipo de Movilidad],"Intercambio*",Tabla2[Universidad KPIs],'Utilización Convenios'!$C71,Tabla2[Año],'Utilización Convenios'!G$3,Tabla2[Nivel Nominación],"Undergraduate / Bachelor") -> 0 | I71: =COUNTIFS(Tabla1[Tipo de Movilidad],"Intercambio*",Tabla1[Universidad KPIs],'Utilización Convenios'!$C71,Tabla1[Año de Movilidad],'Utilización Convenios'!I$3,Tabla1[Nivel],"Pregrado") -> 1 | J71: =COUNTIFS(Tabla2[Tipo de Movilidad],"Intercambio*",Tabla2[Universidad KPIs],'Utilización Convenios'!$C71,Tabla2[Año],'Utilización Convenios'!I$3,Tabla2[Nivel Nominación],"Undergraduate / Bachelor") -> 0 | K71: =COUNTIFS(Tabla1[Tipo de Movilidad],"Intercambio*",Tabla1[Universidad KPIs],'Utilización Convenios'!$C71,Tabla1[Año de Movilidad],'Utilización Convenios'!K$3,Tabla1[Nivel],"Pregrado") -> 0 | L71: =COUNTIFS(Tabla2[Tipo de Movilidad],"Intercambio*",Tabla2[Universidad KPIs],'Utilización Convenios'!$C71,Tabla2[Año],'Utilización Convenios'!K$3,Tabla2[Nivel Nominación],"Undergraduate / Bachelor") -> 0 | M71: =COUNTIFS(Tabla1[Tipo de Movilidad],"Intercambio*",Tabla1[Universidad KPIs],'Utilización Convenios'!$C71,Tabla1[Año de Movilidad],'Utilización Convenios'!M$3,Tabla1[Nivel],"Pregrado") -> 0 | N71: =COUNTIFS(Tabla2[Tipo de Movilidad],"Intercambio*",Tabla2[Universidad KPIs],'Utilización Convenios'!$C71,Tabla2[Año],'Utilización Convenios'!M$3,Tabla2[Nivel Nominación],"Undergraduate / Bachelor") -> 0 | O71: =COUNTIFS(Tabla1[Tipo de Movilidad],"Intercambio*",Tabla1[Universidad KPIs],'Utilización Convenios'!$C71,Tabla1[Año de Movilidad],'Utilización Convenios'!O$3,Tabla1[Nivel],"Pregrado") -> 0 | P71: =COUNTIFS(Tabla2[Tipo de Movilidad],"Intercambio*",Tabla2[Universidad KPIs],'Utilización Convenios'!$C71,Tabla2[Año],'Utilización Convenios'!O$3,Tabla2[Nivel Nominación],"Undergraduate / Bachelor") -> 0 | Q71: =SUMIF($E$4:$P$4,Q$4,$E71:$P71) -> 1 | R71: =SUMIF($E$4:$P$4,R$4,$E71:$P71) -> 0
C72: Northumbria University, Newcastle | D72: United Kingdom | E72: =COUNTIFS(Tabla1[Tipo de Movilidad],"Intercambio*",Tabla1[Universidad KPIs],'Utilización Convenios'!$C72,Tabla1[Año de Movilidad],'Utilización Convenios'!E$3,Tabla1[Nivel],"Pregrado") -> 0 | F72: =COUNTIFS(Tabla2[Tipo de Movilidad],"Intercambio*",Tabla2[Universidad KPIs],'Utilización Convenios'!$C72,Tabla2[Año],'Utilización Convenios'!E$3,Tabla2[Nivel Nominación],"Undergraduate / Bachelor") -> 1 | G72: =COUNTIFS(Tabla1[Tipo de Movilidad],"Intercambio*",Tabla1[Universidad KPIs],'Utilización Convenios'!$C72,Tabla1[Año de Movilidad],'Utilización Convenios'!G$3,Tabla1[Nivel],"Pregrado") -> 0 | H72: =COUNTIFS(Tabla2[Tipo de Movilidad],"Intercambio*",Tabla2[Universidad KPIs],'Utilización Convenios'!$C72,Tabla2[Año],'Utilización Convenios'!G$3,Tabla2[Nivel Nominación],"Undergraduate / Bachelor") -> 0 | I72: =COUNTIFS(Tabla1[Tipo de Movilidad],"Intercambio*",Tabla1[Universidad KPIs],'Utilización Convenios'!$C72,Tabla1[Año de Movilidad],'Utilización Convenios'!I$3,Tabla1[Nivel],"Pregrado") -> 0 | J72: =COUNTIFS(Tabla2[Tipo de Movilidad],"Intercambio*",Tabla2[Universidad KPIs],'Utilización Convenios'!$C72,Tabla2[Año],'Utilización Convenios'!I$3,Tabla2[Nivel Nominación],"Undergraduate / Bachelor") -> 0 | K72: =COUNTIFS(Tabla1[Tipo de Movilidad],"Intercambio*",Tabla1[Universidad KPIs],'Utilización Convenios'!$C72,Tabla1[Año de Movilidad],'Utilización Convenios'!K$3,Tabla1[Nivel],"Pregrado") -> 1 | L72: =COUNTIFS(Tabla2[Tipo de Movilidad],"Intercambio*",Tabla2[Universidad KPIs],'Utilización Convenios'!$C72,Tabla2[Año],'Utilización Convenios'!K$3,Tabla2[Nivel Nominación],"Undergraduate / Bachelor") -> 0 | M72: =COUNTIFS(Tabla1[Tipo de Movilidad],"Intercambio*",Tabla1[Universidad KPIs],'Utilización Convenios'!$C72,Tabla1[Año de Movilidad],'Utilización Convenios'!M$3,Tabla1[Nivel],"Pregrado") -> 0 | N72: =COUNTIFS(Tabla2[Tipo de Movilidad],"Intercambio*",Tabla2[Universidad KPIs],'Utilización Convenios'!$C72,Tabla2[Año],'Utilización Convenios'!M$3,Tabla2[Nivel Nominación],"Undergraduate / Bachelor") -> 0 | O72: =COUNTIFS(Tabla1[Tipo de Movilidad],"Intercambio*",Tabla1[Universidad KPIs],'Utilización Convenios'!$C72,Tabla1[Año de Movilidad],'Utilización Convenios'!O$3,Tabla1[Nivel],"Pregrado") -> 2 | P72: =COUNTIFS(Tabla2[Tipo de Movilidad],"Intercambio*",Tabla2[Universidad KPIs],'Utilización Convenios'!$C72,Tabla2[Año],'Utilización Convenios'!O$3,Tabla2[Nivel Nominación],"Undergraduate / Bachelor") -> 0 | Q72: =SUMIF($E$4:$P$4,Q$4,$E72:$P72) -> 3 | R72: =SUMIF($E$4:$P$4,R$4,$E72:$P72) -> 1
C73: Pontificia Universidad Católica de Chile | D73: Chile | E73: =COUNTIFS(Tabla1[Tipo de Movilidad],"Intercambio*",Tabla1[Universidad KPIs],'Utilización Convenios'!$C73,Tabla1[Año de Movilidad],'Utilización Convenios'!E$3,Tabla1[Nivel],"Pregrado") -> 0 | F73: =COUNTIFS(Tabla2[Tipo de Movilidad],"Intercambio*",Tabla2[Universidad KPIs],'Utilización Convenios'!$C73,Tabla2[Año],'Utilización Convenios'!E$3,Tabla2[Nivel Nominación],"Undergraduate / Bachelor") -> 0 | G73: =COUNTIFS(Tabla1[Tipo de Movilidad],"Intercambio*",Tabla1[Universidad KPIs],'Utilización Convenios'!$C73,Tabla1[Año de Movilidad],'Utilización Convenios'!G$3,Tabla1[Nivel],"Pregrado") -> 0 | H73: =COUNTIFS(Tabla2[Tipo de Movilidad],"Intercambio*",Tabla2[Universidad KPIs],'Utilización Convenios'!$C73,Tabla2[Año],'Utilización Convenios'!G$3,Tabla2[Nivel Nominación],"Undergraduate / Bachelor") -> 0 | I73: =COUNTIFS(Tabla1[Tipo de Movilidad],"Intercambio*",Tabla1[Universidad KPIs],'Utilización Convenios'!$C73,Tabla1[Año de Movilidad],'Utilización Convenios'!I$3,Tabla1[Nivel],"Pregrado") -> 0 | J73: =COUNTIFS(Tabla2[Tipo de Movilidad],"Intercambio*",Tabla2[Universidad KPIs],'Utilización Convenios'!$C73,Tabla2[Año],'Utilización Convenios'!I$3,Tabla2[Nivel Nominación],"Undergraduate / Bachelor") -> 1 | K73: =COUNTIFS(Tabla1[Tipo de Movilidad],"Intercambio*",Tabla1[Universidad KPIs],'Utilización Convenios'!$C73,Tabla1[Año de Movilidad],'Utilización Convenios'!K$3,Tabla1[Nivel],"Pregrado") -> 0 | L73: =COUNTIFS(Tabla2[Tipo de Movilidad],"Intercambio*",Tabla2[Universidad KPIs],'Utilización Convenios'!$C73,Tabla2[Año],'Utilización Convenios'!K$3,Tabla2[Nivel Nominación],"Undergraduate / Bachelor") -> 0 | M73: =COUNTIFS(Tabla1[Tipo de Movilidad],"Intercambio*",Tabla1[Universidad KPIs],'Utilización Convenios'!$C73,Tabla1[Año de Movilidad],'Utilización Convenios'!M$3,Tabla1[Nivel],"Pregrado") -> 0 | N73: =COUNTIFS(Tabla2[Tipo de Movilidad],"Intercambio*",Tabla2[Universidad KPIs],'Utilización Convenios'!$C73,Tabla2[Año],'Utilización Convenios'!M$3,Tabla2[Nivel Nominación],"Undergraduate / Bachelor") -> 0 | O73: =COUNTIFS(Tabla1[Tipo de Movilidad],"Intercambio*",Tabla1[Universidad KPIs],'Utilización Convenios'!$C73,Tabla1[Año de Movilidad],'Utilización Convenios'!O$3,Tabla1[Nivel],"Pregrado") -> 0 | P73: =COUNTIFS(Tabla2[Tipo de Movilidad],"Intercambio*",Tabla2[Universidad KPIs],'Utilización Convenios'!$C73,Tabla2[Año],'Utilización Convenios'!O$3,Tabla2[Nivel Nominación],"Undergraduate / Bachelor") -> 0 | Q73: =SUMIF($E$4:$P$4,Q$4,$E73:$P73) -> 0 | R73: =SUMIF($E$4:$P$4,R$4,$E73:$P73) -> 1
C74: Pontificia Universidad Católica del Perú | D74: Peru | E74: =COUNTIFS(Tabla1[Tipo de Movilidad],"Intercambio*",Tabla1[Universidad KPIs],'Utilización Convenios'!$C74,Tabla1[Año de Movilidad],'Utilización Convenios'!E$3,Tabla1[Nivel],"Pregrado") -> 0 | F74: =COUNTIFS(Tabla2[Tipo de Movilidad],"Intercambio*",Tabla2[Universidad KPIs],'Utilización Convenios'!$C74,Tabla2[Año],'Utilización Convenios'!E$3,Tabla2[Nivel Nominación],"Undergraduate / Bachelor") -> 0 | G74: =COUNTIFS(Tabla1[Tipo de Movilidad],"Intercambio*",Tabla1[Universidad KPIs],'Utilización Convenios'!$C74,Tabla1[Año de Movilidad],'Utilización Convenios'!G$3,Tabla1[Nivel],"Pregrado") -> 0 | H74: =COUNTIFS(Tabla2[Tipo de Movilidad],"Intercambio*",Tabla2[Universidad KPIs],'Utilización Convenios'!$C74,Tabla2[Año],'Utilización Convenios'!G$3,Tabla2[Nivel Nominación],"Undergraduate / Bachelor") -> 0 | I74: =COUNTIFS(Tabla1[Tipo de Movilidad],"Intercambio*",Tabla1[Universidad KPIs],'Utilización Convenios'!$C74,Tabla1[Año de Movilidad],'Utilización Convenios'!I$3,Tabla1[Nivel],"Pregrado") -> 0 | J74: =COUNTIFS(Tabla2[Tipo de Movilidad],"Intercambio*",Tabla2[Universidad KPIs],'Utilización Convenios'!$C74,Tabla2[Año],'Utilización Convenios'!I$3,Tabla2[Nivel Nominación],"Undergraduate / Bachelor") -> 0 | K74: =COUNTIFS(Tabla1[Tipo de Movilidad],"Intercambio*",Tabla1[Universidad KPIs],'Utilización Convenios'!$C74,Tabla1[Año de Movilidad],'Utilización Convenios'!K$3,Tabla1[Nivel],"Pregrado") -> 1 | L74: =COUNTIFS(Tabla2[Tipo de Movilidad],"Intercambio*",Tabla2[Universidad KPIs],'Utilización Convenios'!$C74,Tabla2[Año],'Utilización Convenios'!K$3,Tabla2[Nivel Nominación],"Undergraduate / Bachelor") -> 0 | M74: =COUNTIFS(Tabla1[Tipo de Movilidad],"Intercambio*",Tabla1[Universidad KPIs],'Utilización Convenios'!$C74,Tabla1[Año de Movilidad],'Utilización Convenios'!M$3,Tabla1[Nivel],"Pregrado") -> 0 | N74: =COUNTIFS(Tabla2[Tipo de Movilidad],"Intercambio*",Tabla2[Universidad KPIs],'Utilización Convenios'!$C74,Tabla2[Año],'Utilización Convenios'!M$3,Tabla2[Nivel Nominación],"Undergraduate / Bachelor") -> 0 | O74: =COUNTIFS(Tabla1[Tipo de Movilidad],"Intercambio*",Tabla1[Universidad KPIs],'Utilización Convenios'!$C74,Tabla1[Año de Movilidad],'Utilización Convenios'!O$3,Tabla1[Nivel],"Pregrado") -> 0 | P74: =COUNTIFS(Tabla2[Tipo de Movilidad],"Intercambio*",Tabla2[Universidad KPIs],'Utilización Convenios'!$C74,Tabla2[Año],'Utilización Convenios'!O$3,Tabla2[Nivel Nominación],"Undergraduate / Bachelor") -> 1 | Q74: =SUMIF($E$4:$P$4,Q$4,$E74:$P74) -> 1 | R74: =SUMIF($E$4:$P$4,R$4,$E74:$P74) -> 1
C75: Pontificia Universidade Católica do Rio Grande do Sul (PUCRS) | D75: Brazil | E75: =COUNTIFS(Tabla1[Tipo de Movilidad],"Intercambio*",Tabla1[Universidad KPIs],'Utilización Convenios'!$C75,Tabla1[Año de Movilidad],'Utilización Convenios'!E$3,Tabla1[Nivel],"Pregrado") -> 0 | F75: =COUNTIFS(Tabla2[Tipo de Movilidad],"Intercambio*",Tabla2[Universidad KPIs],'Utilización Convenios'!$C75,Tabla2[Año],'Utilización Convenios'!E$3,Tabla2[Nivel Nominación],"Undergraduate / Bachelor") -> 0 | G75: =COUNTIFS(Tabla1[Tipo de Movilidad],"Intercambio*",Tabla1[Universidad KPIs],'Utilización Convenios'!$C75,Tabla1[Año de Movilidad],'Utilización Convenios'!G$3,Tabla1[Nivel],"Pregrado") -> 0 | H75: =COUNTIFS(Tabla2[Tipo de Movilidad],"Intercambio*",Tabla2[Universidad KPIs],'Utilización Convenios'!$C75,Tabla2[Año],'Utilización Convenios'!G$3,Tabla2[Nivel Nominación],"Undergraduate / Bachelor") -> 0 | I75: =COUNTIFS(Tabla1[Tipo de Movilidad],"Intercambio*",Tabla1[Universidad KPIs],'Utilización Convenios'!$C75,Tabla1[Año de Movilidad],'Utilización Convenios'!I$3,Tabla1[Nivel],"Pregrado") -> 1 | J75: =COUNTIFS(Tabla2[Tipo de Movilidad],"Intercambio*",Tabla2[Universidad KPIs],'Utilización Convenios'!$C75,Tabla2[Año],'Utilización Convenios'!I$3,Tabla2[Nivel Nominación],"Undergraduate / Bachelor") -> 0 | K75: =COUNTIFS(Tabla1[Tipo de Movilidad],"Intercambio*",Tabla1[Universidad KPIs],'Utilización Convenios'!$C75,Tabla1[Año de Movilidad],'Utilización Convenios'!K$3,Tabla1[Nivel],"Pregrado") -> 0 | L75: =COUNTIFS(Tabla2[Tipo de Movilidad],"Intercambio*",Tabla2[Universidad KPIs],'Utilización Convenios'!$C75,Tabla2[Año],'Utilización Convenios'!K$3,Tabla2[Nivel Nominación],"Undergraduate / Bachelor") -> 0 | M75: =COUNTIFS(Tabla1[Tipo de Movilidad],"Intercambio*",Tabla1[Universidad KPIs],'Utilización Convenios'!$C75,Tabla1[Año de Movilidad],'Utilización Convenios'!M$3,Tabla1[Nivel],"Pregrado") -> 0 | N75: =COUNTIFS(Tabla2[Tipo de Movilidad],"Intercambio*",Tabla2[Universidad KPIs],'Utilización Convenios'!$C75,Tabla2[Año],'Utilización Convenios'!M$3,Tabla2[Nivel Nominación],"Undergraduate / Bachelor") -> 0 | O75: =COUNTIFS(Tabla1[Tipo de Movilidad],"Intercambio*",Tabla1[Universidad KPIs],'Utilización Convenios'!$C75,Tabla1[Año de Movilidad],'Utilización Convenios'!O$3,Tabla1[Nivel],"Pregrado") -> 0 | P75: =COUNTIFS(Tabla2[Tipo de Movilidad],"Intercambio*",Tabla2[Universidad KPIs],'Utilización Convenios'!$C75,Tabla2[Año],'Utilización Convenios'!O$3,Tabla2[Nivel Nominación],"Undergraduate / Bachelor") -> 0 | Q75: =SUMIF($E$4:$P$4,Q$4,$E75:$P75) -> 1 | R75: =SUMIF($E$4:$P$4,R$4,$E75:$P75) -> 0
C76: Roskilde University | D76: Denmark | E76: =COUNTIFS(Tabla1[Tipo de Movilidad],"Intercambio*",Tabla1[Universidad KPIs],'Utilización Convenios'!$C76,Tabla1[Año de Movilidad],'Utilización Convenios'!E$3,Tabla1[Nivel],"Pregrado") -> 1 | F76: =COUNTIFS(Tabla2[Tipo de Movilidad],"Intercambio*",Tabla2[Universidad KPIs],'Utilización Convenios'!$C76,Tabla2[Año],'Utilización Convenios'!E$3,Tabla2[Nivel Nominación],"Undergraduate / Bachelor") -> 0 | G76: =COUNTIFS(Tabla1[Tipo de Movilidad],"Intercambio*",Tabla1[Universidad KPIs],'Utilización Convenios'!$C76,Tabla1[Año de Movilidad],'Utilización Convenios'!G$3,Tabla1[Nivel],"Pregrado") -> 0 | H76: =COUNTIFS(Tabla2[Tipo de Movilidad],"Intercambio*",Tabla2[Universidad KPIs],'Utilización Convenios'!$C76,Tabla2[Año],'Utilización Convenios'!G$3,Tabla2[Nivel Nominación],"Undergraduate / Bachelor") -> 0 | I76: =COUNTIFS(Tabla1[Tipo de Movilidad],"Intercambio*",Tabla1[Universidad KPIs],'Utilización Convenios'!$C76,Tabla1[Año de Movilidad],'Utilización Convenios'!I$3,Tabla1[Nivel],"Pregrado") -> 0 | J76: =COUNTIFS(Tabla2[Tipo de Movilidad],"Intercambio*",Tabla2[Universidad KPIs],'Utilización Convenios'!$C76,Tabla2[Año],'Utilización Convenios'!I$3,Tabla2[Nivel Nominación],"Undergraduate / Bachelor") -> 1 | K76: =COUNTIFS(Tabla1[Tipo de Movilidad],"Intercambio*",Tabla1[Universidad KPIs],'Utilización Convenios'!$C76,Tabla1[Año de Movilidad],'Utilización Convenios'!K$3,Tabla1[Nivel],"Pregrado") -> 0 | L76: =COUNTIFS(Tabla2[Tipo de Movilidad],"Intercambio*",Tabla2[Universidad KPIs],'Utilización Convenios'!$C76,Tabla2[Año],'Utilización Convenios'!K$3,Tabla2[Nivel Nominación],"Undergraduate / Bachelor") -> 0 | M76: =COUNTIFS(Tabla1[Tipo de Movilidad],"Intercambio*",Tabla1[Universidad KPIs],'Utilización Convenios'!$C76,Tabla1[Año de Movilidad],'Utilización Convenios'!M$3,Tabla1[Nivel],"Pregrado") -> 0 | N76: =COUNTIFS(Tabla2[Tipo de Movilidad],"Intercambio*",Tabla2[Universidad KPIs],'Utilización Convenios'!$C76,Tabla2[Año],'Utilización Convenios'!M$3,Tabla2[Nivel Nominación],"Undergraduate / Bachelor") -> 0 | O76: =COUNTIFS(Tabla1[Tipo de Movilidad],"Intercambio*",Tabla1[Universidad KPIs],'Utilización Convenios'!$C76,Tabla1[Año de Movilidad],'Utilización Convenios'!O$3,Tabla1[Nivel],"Pregrado") -> 0 | P76: =COUNTIFS(Tabla2[Tipo de Movilidad],"Intercambio*",Tabla2[Universidad KPIs],'Utilización Convenios'!$C76,Tabla2[Año],'Utilización Convenios'!O$3,Tabla2[Nivel Nominación],"Undergraduate / Bachelor") -> 0 | Q76: =SUMIF($E$4:$P$4,Q$4,$E76:$P76) -> 1 | R76: =SUMIF($E$4:$P$4,R$4,$E76:$P76) -> 1
C77: St. John's University | D77: United States | E77: =COUNTIFS(Tabla1[Tipo de Movilidad],"Intercambio*",Tabla1[Universidad KPIs],'Utilización Convenios'!$C77,Tabla1[Año de Movilidad],'Utilización Convenios'!E$3,Tabla1[Nivel],"Pregrado") -> 0 | F77: =COUNTIFS(Tabla2[Tipo de Movilidad],"Intercambio*",Tabla2[Universidad KPIs],'Utilización Convenios'!$C77,Tabla2[Año],'Utilización Convenios'!E$3,Tabla2[Nivel Nominación],"Undergraduate / Bachelor") -> 0 | G77: =COUNTIFS(Tabla1[Tipo de Movilidad],"Intercambio*",Tabla1[Universidad KPIs],'Utilización Convenios'!$C77,Tabla1[Año de Movilidad],'Utilización Convenios'!G$3,Tabla1[Nivel],"Pregrado") -> 0 | H77: =COUNTIFS(Tabla2[Tipo de Movilidad],"Intercambio*",Tabla2[Universidad KPIs],'Utilización Convenios'!$C77,Tabla2[Año],'Utilización Convenios'!G$3,Tabla2[Nivel Nominación],"Undergraduate / Bachelor") -> 0 | I77: =COUNTIFS(Tabla1[Tipo de Movilidad],"Intercambio*",Tabla1[Universidad KPIs],'Utilización Convenios'!$C77,Tabla1[Año de Movilidad],'Utilización Convenios'!I$3,Tabla1[Nivel],"Pregrado") -> 2 | J77: =COUNTIFS(Tabla2[Tipo de Movilidad],"Intercambio*",Tabla2[Universidad KPIs],'Utilización Convenios'!$C77,Tabla2[Año],'Utilización Convenios'!I$3,Tabla2[Nivel Nominación],"Undergraduate / Bachelor") -> 0 | K77: =COUNTIFS(Tabla1[Tipo de Movilidad],"Intercambio*",Tabla1[Universidad KPIs],'Utilización Convenios'!$C77,Tabla1[Año de Movilidad],'Utilización Convenios'!K$3,Tabla1[Nivel],"Pregrado") -> 1 | L77: =COUNTIFS(Tabla2[Tipo de Movilidad],"Intercambio*",Tabla2[Universidad KPIs],'Utilización Convenios'!$C77,Tabla2[Año],'Utilización Convenios'!K$3,Tabla2[Nivel Nominación],"Undergraduate / Bachelor") -> 0 | M77: =COUNTIFS(Tabla1[Tipo de Movilidad],"Intercambio*",Tabla1[Universidad KPIs],'Utilización Convenios'!$C77,Tabla1[Año de Movilidad],'Utilización Convenios'!M$3,Tabla1[Nivel],"Pregrado") -> 0 | N77: =COUNTIFS(Tabla2[Tipo de Movilidad],"Intercambio*",Tabla2[Universidad KPIs],'Utilización Convenios'!$C77,Tabla2[Año],'Utilización Convenios'!M$3,Tabla2[Nivel Nominación],"Undergraduate / Bachelor") -> 0 | O77: =COUNTIFS(Tabla1[Tipo de Movilidad],"Intercambio*",Tabla1[Universidad KPIs],'Utilización Convenios'!$C77,Tabla1[Año de Movilidad],'Utilización Convenios'!O$3,Tabla1[Nivel],"Pregrado") -> 0 | P77: =COUNTIFS(Tabla2[Tipo de Movilidad],"Intercambio*",Tabla2[Universidad KPIs],'Utilización Convenios'!$C77,Tabla2[Año],'Utilización Convenios'!O$3,Tabla2[Nivel Nominación],"Undergraduate / Bachelor") -> 0 | Q77: =SUMIF($E$4:$P$4,Q$4,$E77:$P77) -> 3 | R77: =SUMIF($E$4:$P$4,R$4,$E77:$P77) -> 0
... C96: Universidad Peruana de Ciencias Aplicadas | D96: Peru | E96: =COUNTIFS(Tabla1[Tipo de Movilidad],"Intercambio*",Tabla1[Universidad KPIs],'Utilización Convenios'!$C96,Tabla1[Año de Movilidad],'Utilización Convenios'!E$3,Tabla1[Nivel],"Pregrado") -> 0 | F96: =COUNTIFS(Tabla2[Tipo de Movilidad],"Intercambio*",Tabla2[Universidad KPIs],'Utilización Convenios'!$C96,Tabla2[Año],'Utilización Convenios'!E$3,Tabla2[Nivel Nominación],"Undergraduate / Bachelor") -> 0 | G96: =COUNTIFS(Tabla1[Tipo de Movilidad],"Intercambio*",Tabla1[Universidad KPIs],'Utilización Convenios'!$C96,Tabla1[Año de Movilidad],'Utilización Convenios'!G$3,Tabla1[Nivel],"Pregrado") -> 0 | H96: =COUNTIFS(Tabla2[Tipo de Movilidad],"Intercambio*",Tabla2[Universidad KPIs],'Utilización Convenios'!$C96,Tabla2[Año],'Utilización Convenios'!G$3,Tabla2[Nivel Nominación],"Undergraduate / Bachelor") -> 1 | I96: =COUNTIFS(Tabla1[Tipo de Movilidad],"Intercambio*",Tabla1[Universidad KPIs],'Utilización Convenios'!$C96,Tabla1[Año de Movilidad],'Utilización Convenios'!I$3,Tabla1[Nivel],"Pregrado") -> 0 | J96: =COUNTIFS(Tabla2[Tipo de Movilidad],"Intercambio*",Tabla2[Universidad KPIs],'Utilización Convenios'!$C96,Tabla2[Año],'Utilización Convenios'!I$3,Tabla2[Nivel Nominación],"Undergraduate / Bachelor") -> 0 | K96: =COUNTIFS(Tabla1[Tipo de Movilidad],"Intercambio*",Tabla1[Universidad KPIs],'Utilización Convenios'!$C96,Tabla1[Año de Movilidad],'Utilización Convenios'!K$3,Tabla1[Nivel],"Pregrado") -> 0 | L96: =COUNTIFS(Tabla2[Tipo de Movilidad],"Intercambio*",Tabla2[Universidad KPIs],'Utilización Convenios'!$C96,Tabla2[Año],'Utilización Convenios'!K$3,Tabla2[Nivel Nominación],"Undergraduate / Bachelor") -> 0 | M96: =COUNTIFS(Tabla1[Tipo de Movilidad],"Intercambio*",Tabla1[Universidad KPIs],'Utilización Convenios'!$C96,Tabla1[Año de Movilidad],'Utilización Convenios'!M$3,Tabla1[Nivel],"Pregrado") -> 0 | N96: =COUNTIFS(Tabla2[Tipo de Movilidad],"Intercambio*",Tabla2[Universidad KPIs],'Utilización Convenios'!$C96,Tabla2[Año],'Utilización Convenios'!M$3,Tabla2[Nivel Nominación],"Undergraduate / Bachelor") -> 0 | O96: =COUNTIFS(Tabla1[Tipo de Movilidad],"Intercambio*",Tabla1[Universidad KPIs],'Utilización Convenios'!$C96,Tabla1[Año de Movilidad],'Utilización Convenios'!O$3,Tabla1[Nivel],"Pregrado") -> 0 | P96: =COUNTIFS(Tabla2[Tipo de Movilidad],"Intercambio*",Tabla2[Universidad KPIs],'Utilización Convenios'!$C96,Tabla2[Año],'Utilización Convenios'!O$3,Tabla2[Nivel Nominación],"Undergraduate / Bachelor") -> 1 | Q96: =SUMIF($E$4:$P$4,Q$4,$E96:$P96) -> 0 | R96: =SUMIF($E$4:$P$4,R$4,$E96:$P96) -> 2
C97: Universidade do Porto | D97: =_xlfn.XLOOKUP(C97,Conversiones!C:C,Conversiones!D:D) -> Portugal | E97: =COUNTIFS(Tabla1[Tipo de Movilidad],"Intercambio*",Tabla1[Universidad KPIs],'Utilización Convenios'!$C97,Tabla1[Año de Movilidad],'Utilización Convenios'!E$3,Tabla1[Nivel],"Pregrado") -> 0 | F97: =COUNTIFS(Tabla2[Tipo de Movilidad],"Intercambio*",Tabla2[Universidad KPIs],'Utilización Convenios'!$C97,Tabla2[Año],'Utilización Convenios'!E$3,Tabla2[Nivel Nominación],"Undergraduate / Bachelor") -> 0 | G97: =COUNTIFS(Tabla1[Tipo de Movilidad],"Intercambio*",Tabla1[Universidad KPIs],'Utilización Convenios'!$C97,Tabla1[Año de Movilidad],'Utilización Convenios'!G$3,Tabla1[Nivel],"Pregrado") -> 0 | H97: =COUNTIFS(Tabla2[Tipo de Movilidad],"Intercambio*",Tabla2[Universidad KPIs],'Utilización Convenios'!$C97,Tabla2[Año],'Utilización Convenios'!G$3,Tabla2[Nivel Nominación],"Undergraduate / Bachelor") -> 0 | I97: =COUNTIFS(Tabla1[Tipo de Movilidad],"Intercambio*",Tabla1[Universidad KPIs],'Utilización Convenios'!$C97,Tabla1[Año de Movilidad],'Utilización Convenios'!I$3,Tabla1[Nivel],"Pregrado") -> 0 | J97: =COUNTIFS(Tabla2[Tipo de Movilidad],"Intercambio*",Tabla2[Universidad KPIs],'Utilización Convenios'!$C97,Tabla2[Año],'Utilización Convenios'!I$3,Tabla2[Nivel Nominación],"Undergraduate / Bachelor") -> 0 | K97: =COUNTIFS(Tabla1[Tipo de Movilidad],"Intercambio*",Tabla1[Universidad KPIs],'Utilización Convenios'!$C97,Tabla1[Año de Movilidad],'Utilización Convenios'!K$3,Tabla1[Nivel],"Pregrado") -> 1 | L97: =COUNTIFS(Tabla2[Tipo de Movilidad],"Intercambio*",Tabla2[Universidad KPIs],'Utilización Convenios'!$C97,Tabla2[Año],'Utilización Convenios'!K$3,Tabla2[Nivel Nominación],"Undergraduate / Bachelor") -> 0 | M97: =COUNTIFS(Tabla1[Tipo de Movilidad],"Intercambio*",Tabla1[Universidad KPIs],'Utilización Convenios'!$C97,Tabla1[Año de Movilidad],'Utilización Convenios'!M$3,Tabla1[Nivel],"Pregrado") -> 1 | N97: =COUNTIFS(Tabla2[Tipo de Movilidad],"Intercambio*",Tabla2[Universidad KPIs],'Utilización Convenios'!$C97,Tabla2[Año],'Utilización Convenios'!M$3,Tabla2[Nivel Nominación],"Undergraduate / Bachelor") -> 0 | O97: =COUNTIFS(Tabla1[Tipo de Movilidad],"Intercambio*",Tabla1[Universidad KPIs],'Utilización Convenios'!$C97,Tabla1[Año de Movilidad],'Utilización Convenios'!O$3,Tabla1[Nivel],"Pregrado") -> 0 | P97: =COUNTIFS(Tabla2[Tipo de Movilidad],"Intercambio*",Tabla2[Universidad KPIs],'Utilización Convenios'!$C97,Tabla2[Año],'Utilización Convenios'!O$3,Tabla2[Nivel Nominación],"Undergraduate / Bachelor") -> 0 | Q97: =SUMIF($E$4:$P$4,Q$4,$E97:$P97) -> 2 | R97: =SUMIF($E$4:$P$4,R$4,$E97:$P97) -> 0
C98: Zeppelin University | D98: =_xlfn.XLOOKUP(C98,Conversiones!C:C,Conversiones!D:D) -> Germany | E98: =COUNTIFS(Tabla1[Tipo de Movilidad],"Intercambio*",Tabla1[Universidad KPIs],'Utilización Convenios'!$C98,Tabla1[Año de Movilidad],'Utilización Convenios'!E$3,Tabla1[Nivel],"Pregrado") -> 0 | F98: =COUNTIFS(Tabla2[Tipo de Movilidad],"Intercambio*",Tabla2[Universidad KPIs],'Utilización Convenios'!$C98,Tabla2[Año],'Utilización Convenios'!E$3,Tabla2[Nivel Nominación],"Undergraduate / Bachelor") -> 0 | G98: =COUNTIFS(Tabla1[Tipo de Movilidad],"Intercambio*",Tabla1[Universidad KPIs],'Utilización Convenios'!$C98,Tabla1[Año de Movilidad],'Utilización Convenios'!G$3,Tabla1[Nivel],"Pregrado") -> 0 | H98: =COUNTIFS(Tabla2[Tipo de Movilidad],"Intercambio*",Tabla2[Universidad KPIs],'Utilización Convenios'!$C98,Tabla2[Año],'Utilización Convenios'!G$3,Tabla2[Nivel Nominación],"Undergraduate / Bachelor") -> 0 | I98: =COUNTIFS(Tabla1[Tipo de Movilidad],"Intercambio*",Tabla1[Universidad KPIs],'Utilización Convenios'!$C98,Tabla1[Año de Movilidad],'Utilización Convenios'!I$3,Tabla1[Nivel],"Pregrado") -> 0 | J98: =COUNTIFS(Tabla2[Tipo de Movilidad],"Intercambio*",Tabla2[Universidad KPIs],'Utilización Convenios'!$C98,Tabla2[Año],'Utilización Convenios'!I$3,Tabla2[Nivel Nominación],"Undergraduate / Bachelor") -> 0 | K98: =COUNTIFS(Tabla1[Tipo de Movilidad],"Intercambio*",Tabla1[Universidad KPIs],'Utilización Convenios'!$C98,Tabla1[Año de Movilidad],'Utilización Convenios'!K$3,Tabla1[Nivel],"Pregrado") -> 0 | L98: =COUNTIFS(Tabla2[Tipo de Movilidad],"Intercambio*",Tabla2[Universidad KPIs],'Utilización Convenios'!$C98,Tabla2[Año],'Utilización Convenios'!K$3,Tabla2[Nivel Nominación],"Undergraduate / Bachelor") -> 0 | M98: =COUNTIFS(Tabla1[Tipo de Movilidad],"Intercambio*",Tabla1[Universidad KPIs],'Utilización Convenios'!$C98,Tabla1[Año de Movilidad],'Utilización Convenios'!M$3,Tabla1[Nivel],"Pregrado") -> 0 | N98: =COUNTIFS(Tabla2[Tipo de Movilidad],"Intercambio*",Tabla2[Universidad KPIs],'Utilización Convenios'!$C98,Tabla2[Año],'Utilización Convenios'!M$3,Tabla2[Nivel Nominación],"Undergraduate / Bachelor") -> 0 | O98: =COUNTIFS(Tabla1[Tipo de Movilidad],"Intercambio*",Tabla1[Universidad KPIs],'Utilización Convenios'!$C98,Tabla1[Año de Movilidad],'Utilización Convenios'!O$3,Tabla1[Nivel],"Pregrado") -> 0 | P98: =COUNTIFS(Tabla2[Tipo de Movilidad],"Intercambio*",Tabla2[Universidad KPIs],'Utilización Convenios'!$C98,Tabla2[Año],'Utilización Convenios'!O$3,Tabla2[Nivel Nominación],"Undergraduate / Bachelor") -> 1 | Q98: =SUMIF($E$4:$P$4,Q$4,$E98:$P98) -> 0 | R98: =SUMIF($E$4:$P$4,R$4,$E98:$P98) -> 1
C99: Chung-Ang University | D99: =_xlfn.XLOOKUP(C99,Conversiones!C:C,Conversiones!D:D) -> Korea, Republic of | E99: =COUNTIFS(Tabla1[Tipo de Movilidad],"Intercambio*",Tabla1[Universidad KPIs],'Utilización Convenios'!$C99,Tabla1[Año de Movilidad],'Utilización Convenios'!E$3,Tabla1[Nivel],"Pregrado") -> 0 | F99: =COUNTIFS(Tabla2[Tipo de Movilidad],"Intercambio*",Tabla2[Universidad KPIs],'Utilización Convenios'!$C99,Tabla2[Año],'Utilización Convenios'!E$3,Tabla2[Nivel Nominación],"Undergraduate / Bachelor") -> 0 | G99: =COUNTIFS(Tabla1[Tipo de Movilidad],"Intercambio*",Tabla1[Universidad KPIs],'Utilización Convenios'!$C99,Tabla1[Año de Movilidad],'Utilización Convenios'!G$3,Tabla1[Nivel],"Pregrado") -> 0 | H99: =COUNTIFS(Tabla2[Tipo de Movilidad],"Intercambio*",Tabla2[Universidad KPIs],'Utilización Convenios'!$C99,Tabla2[Año],'Utilización Convenios'!G$3,Tabla2[Nivel Nominación],"Undergraduate / Bachelor") -> 0 | I99: =COUNTIFS(Tabla1[Tipo de Movilidad],"Intercambio*",Tabla1[Universidad KPIs],'Utilización Convenios'!$C99,Tabla1[Año de Movilidad],'Utilización Convenios'!I$3,Tabla1[Nivel],"Pregrado") -> 0 | J99: =COUNTIFS(Tabla2[Tipo de Movilidad],"Intercambio*",Tabla2[Universidad KPIs],'Utilización Convenios'!$C99,Tabla2[Año],'Utilización Convenios'!I$3,Tabla2[Nivel Nominación],"Undergraduate / Bachelor") -> 0 | K99: =COUNTIFS(Tabla1[Tipo de Movilidad],"Intercambio*",Tabla1[Universidad KPIs],'Utilización Convenios'!$C99,Tabla1[Año de Movilidad],'Utilización Convenios'!K$3,Tabla1[Nivel],"Pregrado") -> 0 | L99: =COUNTIFS(Tabla2[Tipo de Movilidad],"Intercambio*",Tabla2[Universidad KPIs],'Utilización Convenios'!$C99,Tabla2[Año],'Utilización Convenios'!K$3,Tabla2[Nivel Nominación],"Undergraduate / Bachelor") -> 0 | M99: =COUNTIFS(Tabla1[Tipo de Movilidad],"Intercambio*",Tabla1[Universidad KPIs],'Utilización Convenios'!$C99,Tabla1[Año de Movilidad],'Utilización Convenios'!M$3,Tabla1[Nivel],"Pregrado") -> 0 | N99: =COUNTIFS(Tabla2[Tipo de Movilidad],"Intercambio*",Tabla2[Universidad KPIs],'Utilización Convenios'!$C99,Tabla2[Año],'Utilización Convenios'!M$3,Tabla2[Nivel Nominación],"Undergraduate / Bachelor") -> 0 | O99: =COUNTIFS(Tabla1[Tipo de Movilidad],"Intercambio*",Tabla1[Universidad KPIs],'Utilización Convenios'!$C99,Tabla1[Año de Movilidad],'Utilización Convenios'!O$3,Tabla1[Nivel],"Pregrado") -> 0 | P99: =COUNTIFS(Tabla2[Tipo de Movilidad],"Intercambio*",Tabla2[Universidad KPIs],'Utilización Convenios'!$C99,Tabla2[Año],'Utilización Convenios'!O$3,Tabla2[Nivel Nominación],"Undergraduate / Bachelor") -> 1 | Q99: =SUMIF($E$4:$P$4,Q$4,$E99:$P99) -> 0 | R99: =SUMIF($E$4:$P$4,R$4,$E99:$P99) -> 1
C100: Universidad de Lima | D100: =_xlfn.XLOOKUP(C100,Conversiones!C:C,Conversiones!D:D) -> Peru | E100: =COUNTIFS(Tabla1[Tipo de Movilidad],"Intercambio*",Tabla1[Universidad KPIs],'Utilización Convenios'!$C100,Tabla1[Año de Movilidad],'Utilización Convenios'!E$3,Tabla1[Nivel],"Pregrado") -> 0 | F100: =COUNTIFS(Tabla2[Tipo de Movilidad],"Intercambio*",Tabla2[Universidad KPIs],'Utilización Convenios'!$C100,Tabla2[Año],'Utilización Convenios'!E$3,Tabla2[Nivel Nominación],"Undergraduate / Bachelor") -> 0 | G100: =COUNTIFS(Tabla1[Tipo de Movilidad],"Intercambio*",Tabla1[Universidad KPIs],'Utilización Convenios'!$C100,Tabla1[Año de Movilidad],'Utilización Convenios'!G$3,Tabla1[Nivel],"Pregrado") -> 0 | H100: =COUNTIFS(Tabla2[Tipo de Movilidad],"Intercambio*",Tabla2[Universidad KPIs],'Utilización Convenios'!$C100,Tabla2[Año],'Utilización Convenios'!G$3,Tabla2[Nivel Nominación],"Undergraduate / Bachelor") -> 0 | I100: =COUNTIFS(Tabla1[Tipo de Movilidad],"Intercambio*",Tabla1[Universidad KPIs],'Utilización Convenios'!$C100,Tabla1[Año de Movilidad],'Utilización Convenios'!I$3,Tabla1[Nivel],"Pregrado") -> 0 | J100: =COUNTIFS(Tabla2[Tipo de Movilidad],"Intercambio*",Tabla2[Universidad KPIs],'Utilización Convenios'!$C100,Tabla2[Año],'Utilización Convenios'!I$3,Tabla2[Nivel Nominación],"Undergraduate / Bachelor") -> 0 | K100: =COUNTIFS(Tabla1[Tipo de Movilidad],"Intercambio*",Tabla1[Universidad KPIs],'Utilización Convenios'!$C100,Tabla1[Año de Movilidad],'Utilización Convenios'!K$3,Tabla1[Nivel],"Pregrado") -> 0 | L100: =COUNTIFS(Tabla2[Tipo de Movilidad],"Intercambio*",Tabla2[Universidad KPIs],'Utilización Convenios'!$C100,Tabla2[Año],'Utilización Convenios'!K$3,Tabla2[Nivel Nominación],"Undergraduate / Bachelor") -> 0 | M100: =COUNTIFS(Tabla1[Tipo de Movilidad],"Intercambio*",Tabla1[Universidad KPIs],'Utilización Convenios'!$C100,Tabla1[Año de Movilidad],'Utilización Convenios'!M$3,Tabla1[Nivel],"Pregrado") -> 0 | N100: =COUNTIFS(Tabla2[Tipo de Movilidad],"Intercambio*",Tabla2[Universidad KPIs],'Utilización Convenios'!$C100,Tabla2[Año],'Utilización Convenios'!M$3,Tabla2[Nivel Nominación],"Undergraduate / Bachelor") -> 0 | O100: =COUNTIFS(Tabla1[Tipo de Movilidad],"Intercambio*",Tabla1[Universidad KPIs],'Utilización Convenios'!$C100,Tabla1[Año de Movilidad],'Utilización Convenios'!O$3,Tabla1[Nivel],"Pregrado") -> 0 | P100: =COUNTIFS(Tabla2[Tipo de Movilidad],"Intercambio*",Tabla2[Universidad KPIs],'Utilización Convenios'!$C100,Tabla2[Año],'Utilización Convenios'!O$3,Tabla2[Nivel Nominación],"Undergraduate / Bachelor") -> 1 | Q100: =SUMIF($E$4:$P$4,Q$4,$E100:$P100) -> 0 | R100: =SUMIF($E$4:$P$4,R$4,$E100:$P100) -> 1
C101: Università Ca' Foscari Venezia | D101: =_xlfn.XLOOKUP(C101,Conversiones!C:C,Conversiones!D:D) -> Italy | E101: =COUNTIFS(Tabla1[Tipo de Movilidad],"Intercambio*",Tabla1[Universidad KPIs],'Utilización Convenios'!$C101,Tabla1[Año de Movilidad],'Utilización Convenios'!E$3,Tabla1[Nivel],"Pregrado") -> 0 | F101: =COUNTIFS(Tabla2[Tipo de Movilidad],"Intercambio*",Tabla2[Universidad KPIs],'Utilización Convenios'!$C101,Tabla2[Año],'Utilización Convenios'!E$3,Tabla2[Nivel Nominación],"Undergraduate / Bachelor") -> 0 | G101: =COUNTIFS(Tabla1[Tipo de Movilidad],"Intercambio*",Tabla1[Universidad KPIs],'Utilización Convenios'!$C101,Tabla1[Año de Movilidad],'Utilización Convenios'!G$3,Tabla1[Nivel],"Pregrado") -> 0 | H101: =COUNTIFS(Tabla2[Tipo de Movilidad],"Intercambio*",Tabla2[Universidad KPIs],'Utilización Convenios'!$C101,Tabla2[Año],'Utilización Convenios'!G$3,Tabla2[Nivel Nominación],"Undergraduate / Bachelor") -> 0 | I101: =COUNTIFS(Tabla1[Tipo de Movilidad],"Intercambio*",Tabla1[Universidad KPIs],'Utilización Convenios'!$C101,Tabla1[Año de Movilidad],'Utilización Convenios'!I$3,Tabla1[Nivel],"Pregrado") -> 0 | J101: =COUNTIFS(Tabla2[Tipo de Movilidad],"Intercambio*",Tabla2[Universidad KPIs],'Utilización Convenios'!$C101,Tabla2[Año],'Utilización Convenios'!I$3,Tabla2[Nivel Nominación],"Undergraduate / Bachelor") -> 0 | K101: =COUNTIFS(Tabla1[Tipo de Movilidad],"Intercambio*",Tabla1[Universidad KPIs],'Utilización Convenios'!$C101,Tabla1[Año de Movilidad],'Utilización Convenios'!K$3,Tabla1[Nivel],"Pregrado") -> 0 | L101: =COUNTIFS(Tabla2[Tipo de Movilidad],"Intercambio*",Tabla2[Universidad KPIs],'Utilización Convenios'!$C101,Tabla2[Año],'Utilización Convenios'!K$3,Tabla2[Nivel Nominación],"Undergraduate / Bachelor") -> 0 | M101: =COUNTIFS(Tabla1[Tipo de Movilidad],"Intercambio*",Tabla1[Universidad KPIs],'Utilización Convenios'!$C101,Tabla1[Año de Movilidad],'Utilización Convenios'!M$3,Tabla1[Nivel],"Pregrado") -> 0 | N101: =COUNTIFS(Tabla2[Tipo de Movilidad],"Intercambio*",Tabla2[Universidad KPIs],'Utilización Convenios'!$C101,Tabla2[Año],'Utilización Convenios'!M$3,Tabla2[Nivel Nominación],"Undergraduate / Bachelor") -> 0 | O101: =COUNTIFS(Tabla1[Tipo de Movilidad],"Intercambio*",Tabla1[Universidad KPIs],'Utilización Convenios'!$C101,Tabla1[Año de Movilidad],'Utilización Convenios'!O$3,Tabla1[Nivel],"Pregrado") -> 0 | P101: =COUNTIFS(Tabla2[Tipo de Movilidad],"Intercambio*",Tabla2[Universidad KPIs],'Utilización Convenios'!$C101,Tabla2[Año],'Utilización Convenios'!O$3,Tabla2[Nivel Nominación],"Undergraduate / Bachelor") -> 1 | Q101: =SUMIF($E$4:$P$4,Q$4,$E101:$P101) -> 0 | R101: =SUMIF($E$4:$P$4,R$4,$E101:$P101) -> 1
C102: Università degli Studi 'Ca' Foscari' di Venezia | D102: Italy | E102: =COUNTIFS(Tabla1[Tipo de Movilidad],"Intercambio*",Tabla1[Universidad KPIs],'Utilización Convenios'!$C102,Tabla1[Año de Movilidad],'Utilización Convenios'!E$3,Tabla1[Nivel],"Pregrado") -> 0 | F102: =COUNTIFS(Tabla2[Tipo de Movilidad],"Intercambio*",Tabla2[Universidad KPIs],'Utilización Convenios'!$C102,Tabla2[Año],'Utilización Convenios'!E$3,Tabla2[Nivel Nominación],"Undergraduate / Bachelor") -> 0 | G102: =COUNTIFS(Tabla1[Tipo de Movilidad],"Intercambio*",Tabla1[Universidad KPIs],'Utilización Convenios'!$C102,Tabla1[Año de Movilidad],'Utilización Convenios'!G$3,Tabla1[Nivel],"Pregrado") -> 0 | H102: =COUNTIFS(Tabla2[Tipo de Movilidad],"Intercambio*",Tabla2[Universidad KPIs],'Utilización Convenios'!$C102,Tabla2[Año],'Utilización Convenios'!G$3,Tabla2[Nivel Nominación],"Undergraduate / Bachelor") -> 0 | I102: =COUNTIFS(Tabla1[Tipo de Movilidad],"Intercambio*",Tabla1[Universidad KPIs],'Utilización Convenios'!$C102,Tabla1[Año de Movilidad],'Utilización Convenios'!I$3,Tabla1[Nivel],"Pregrado") -> 1 | J102: =COUNTIFS(Tabla2[Tipo de Movilidad],"Intercambio*",Tabla2[Universidad KPIs],'Utilización Convenios'!$C102,Tabla2[Año],'Utilización Convenios'!I$3,Tabla2[Nivel Nominación],"Undergraduate / Bachelor") -> 0 | K102: =COUNTIFS(Tabla1[Tipo de Movilidad],"Intercambio*",Tabla1[Universidad KPIs],'Utilización Convenios'!$C102,Tabla1[Año de Movilidad],'Utilización Convenios'!K$3,Tabla1[Nivel],"Pregrado") -> 0 | L102: =COUNTIFS(Tabla2[Tipo de Movilidad],"Intercambio*",Tabla2[Universidad KPIs],'Utilización Convenios'!$C102,Tabla2[Año],'Utilización Convenios'!K$3,Tabla2[Nivel Nominación],"Undergraduate / Bachelor") -> 0 | M102: =COUNTIFS(Tabla1[Tipo de Movilidad],"Intercambio*",Tabla1[Universidad KPIs],'Utilización Convenios'!$C102,Tabla1[Año de Movilidad],'Utilización Convenios'!M$3,Tabla1[Nivel],"Pregrado") -> 0 | N102: =COUNTIFS(Tabla2[Tipo de Movilidad],"Intercambio*",Tabla2[Universidad KPIs],'Utilización Convenios'!$C102,Tabla2[Año],'Utilización Convenios'!M$3,Tabla2[Nivel Nominación],"Undergraduate / Bachelor") -> 0 | O102: =COUNTIFS(Tabla1[Tipo de Movilidad],"Intercambio*",Tabla1[Universidad KPIs],'Utilización Convenios'!$C102,Tabla1[Año de Movilidad],'Utilización Convenios'!O$3,Tabla1[Nivel],"Pregrado") -> 0 | P102: =COUNTIFS(Tabla2[Tipo de Movilidad],"Intercambio*",Tabla2[Universidad KPIs],'Utilización Convenios'!$C102,Tabla2[Año],'Utilización Convenios'!O$3,Tabla2[Nivel Nominación],"Undergraduate / Bachelor") -> 0 | Q102: =SUMIF($E$4:$P$4,Q$4,$E102:$P102) -> 1 | R102: =SUMIF($E$4:$P$4,R$4,$E102:$P102) -> 0
C103: Università degli Studi di Bologna 'Alma Mater Studiorum' | D103: Italy | E103: =COUNTIFS(Tabla1[Tipo de Movilidad],"Intercambio*",Tabla1[Universidad KPIs],'Utilización Convenios'!$C103,Tabla1[Año de Movilidad],'Utilización Convenios'!E$3,Tabla1[Nivel],"Pregrado") -> 0 | F103: =COUNTIFS(Tabla2[Tipo de Movilidad],"Intercambio*",Tabla2[Universidad KPIs],'Utilización Convenios'!$C103,Tabla2[Año],'Utilización Convenios'!E$3,Tabla2[Nivel Nominación],"Undergraduate / Bachelor") -> 0 | G103: =COUNTIFS(Tabla1[Tipo de Movilidad],"Intercambio*",Tabla1[Universidad KPIs],'Utilización Convenios'!$C103,Tabla1[Año de Movilidad],'Utilización Convenios'!G$3,Tabla1[Nivel],"Pregrado") -> 0 | H103: =COUNTIFS(Tabla2[Tipo de Movilidad],"Intercambio*",Tabla2[Universidad KPIs],'Utilización Convenios'!$C103,Tabla2[Año],'Utilización Convenios'!G$3,Tabla2[Nivel Nominación],"Undergraduate / Bachelor") -> 0 | I103: =COUNTIFS(Tabla1[Tipo de Movilidad],"Intercambio*",Tabla1[Universidad KPIs],'Utilización Convenios'!$C103,Tabla1[Año de Movilidad],'Utilización Convenios'!I$3,Tabla1[Nivel],"Pregrado") -> 3 | J103: =COUNTIFS(Tabla2[Tipo de Movilidad],"Intercambio*",Tabla2[Universidad KPIs],'Utilización Convenios'!$C103,Tabla2[Año],'Utilización Convenios'!I$3,Tabla2[Nivel Nominación],"Undergraduate / Bachelor") -> 0 | K103: =COUNTIFS(Tabla1[Tipo de Movilidad],"Intercambio*",Tabla1[Universidad KPIs],'Utilización Convenios'!$C103,Tabla1[Año de Movilidad],'Utilización Convenios'!K$3,Tabla1[Nivel],"Pregrado") -> 1 | L103: =COUNTIFS(Tabla2[Tipo de Movilidad],"Intercambio*",Tabla2[Universidad KPIs],'Utilización Convenios'!$C103,Tabla2[Año],'Utilización Convenios'!K$3,Tabla2[Nivel Nominación],"Undergraduate / Bachelor") -> 0 | M103: =COUNTIFS(Tabla1[Tipo de Movilidad],"Intercambio*",Tabla1[Universidad KPIs],'Utilización Convenios'!$C103,Tabla1[Año de Movilidad],'Utilización Convenios'!M$3,Tabla1[Nivel],"Pregrado") -> 1 | N103: =COUNTIFS(Tabla2[Tipo de Movilidad],"Intercambio*",Tabla2[Universidad KPIs],'Utilización Convenios'!$C103,Tabla2[Año],'Utilización Convenios'!M$3,Tabla2[Nivel Nominación],"Undergraduate / Bachelor") -> 0 | O103: =COUNTIFS(Tabla1[Tipo de Movilidad],"Intercambio*",Tabla1[Universidad KPIs],'Utilización Convenios'!$C103,Tabla1[Año de Movilidad],'Utilización Convenios'!O$3,Tabla1[Nivel],"Pregrado") -> 0 | P103: =COUNTIFS(Tabla2[Tipo de Movilidad],"Intercambio*",Tabla2[Universidad KPIs],'Utilización Convenios'!$C103,Tabla2[Año],'Utilización Convenios'!O$3,Tabla2[Nivel Nominación],"Undergraduate / Bachelor") -> 0 | Q103: =SUMIF($E$4:$P$4,Q$4,$E103:$P103) -> 5 | R103: =SUMIF($E$4:$P$4,R$4,$E103:$P103) -> 0
C104: Università degli Studi di Genova | D104: Italy | E104: =COUNTIFS(Tabla1[Tipo de Movilidad],"Intercambio*",Tabla1[Universidad KPIs],'Utilización Convenios'!$C104,Tabla1[Año de Movilidad],'Utilización Convenios'!E$3,Tabla1[Nivel],"Pregrado") -> 0 | F104: =COUNTIFS(Tabla2[Tipo de Movilidad],"Intercambio*",Tabla2[Universidad KPIs],'Utilización Convenios'!$C104,Tabla2[Año],'Utilización Convenios'!E$3,Tabla2[Nivel Nominación],"Undergraduate / Bachelor") -> 0 | G104: =COUNTIFS(Tabla1[Tipo de Movilidad],"Intercambio*",Tabla1[Universidad KPIs],'Utilización Convenios'!$C104,Tabla1[Año de Movilidad],'Utilización Convenios'!G$3,Tabla1[Nivel],"Pregrado") -> 0 | H104: =COUNTIFS(Tabla2[Tipo de Movilidad],"Intercambio*",Tabla2[Universidad KPIs],'Utilización Convenios'!$C104,Tabla2[Año],'Utilización Convenios'!G$3,Tabla2[Nivel Nominación],"Undergraduate / Bachelor") -> 0 | I104: =COUNTIFS(Tabla1[Tipo de Movilidad],"Intercambio*",Tabla1[Universidad KPIs],'Utilización Convenios'!$C104,Tabla1[Año de Movilidad],'Utilización Convenios'!I$3,Tabla1[Nivel],"Pregrado") -> 1 | J104: =COUNTIFS(Tabla2[Tipo de Movilidad],"Intercambio*",Tabla2[Universidad KPIs],'Utilización Convenios'!$C104,Tabla2[Año],'Utilización Convenios'!I$3,Tabla2[Nivel Nominación],"Undergraduate / Bachelor") -> 0 | K104: =COUNTIFS(Tabla1[Tipo de Movilidad],"Intercambio*",Tabla1[Universidad KPIs],'Utilización Convenios'!$C104,Tabla1[Año de Movilidad],'Utilización Convenios'!K$3,Tabla1[Nivel],"Pregrado") -> 1 | L104: =COUNTIFS(Tabla2[Tipo de Movilidad],"Intercambio*",Tabla2[Universidad KPIs],'Utilización Convenios'!$C104,Tabla2[Año],'Utilización Convenios'!K$3,Tabla2[Nivel Nominación],"Undergraduate / Bachelor") -> 0 | M104: =COUNTIFS(Tabla1[Tipo de Movilidad],"Intercambio*",Tabla1[Universidad KPIs],'Utilización Convenios'!$C104,Tabla1[Año de Movilidad],'Utilización Convenios'!M$3,Tabla1[Nivel],"Pregrado") -> 0 | N104: =COUNTIFS(Tabla2[Tipo de Movilidad],"Intercambio*",Tabla2[Universidad KPIs],'Utilización Convenios'!$C104,Tabla2[Año],'Utilización Convenios'!M$3,Tabla2[Nivel Nominación],"Undergraduate / Bachelor") -> 0 | O104: =COUNTIFS(Tabla1[Tipo de Movilidad],"Intercambio*",Tabla1[Universidad KPIs],'Utilización Convenios'!$C104,Tabla1[Año de Movilidad],'Utilización Convenios'!O$3,Tabla1[Nivel],"Pregrado") -> 0 | P104: =COUNTIFS(Tabla2[Tipo de Movilidad],"Intercambio*",Tabla2[Universidad KPIs],'Utilización Convenios'!$C104,Tabla2[Año],'Utilización Convenios'!O$3,Tabla2[Nivel Nominación],"Undergraduate / Bachelor") -> 0 | Q104: =SUMIF($E$4:$P$4,Q$4,$E104:$P104) -> 2 | R104: =SUMIF($E$4:$P$4,R$4,$E104:$P104) -> 0
C105: UniversitÃ Ca' Foscari Venezia | D105: Italy | E105: =COUNTIFS(Tabla1[Tipo de Movilidad],"Intercambio*",Tabla1[Universidad KPIs],'Utilización Convenios'!$C105,Tabla1[Año de Movilidad],'Utilización Convenios'!E$3,Tabla1[Nivel],"Pregrado") -> 0 | F105: =COUNTIFS(Tabla2[Tipo de Movilidad],"Intercambio*",Tabla2[Universidad KPIs],'Utilización Convenios'!$C105,Tabla2[Año],'Utilización Convenios'!E$3,Tabla2[Nivel Nominación],"Undergraduate / Bachelor") -> 0 | G105: =COUNTIFS(Tabla1[Tipo de Movilidad],"Intercambio*",Tabla1[Universidad KPIs],'Utilización Convenios'!$C105,Tabla1[Año de Movilidad],'Utilización Convenios'!G$3,Tabla1[Nivel],"Pregrado") -> 1 | H105: =COUNTIFS(Tabla2[Tipo de Movilidad],"Intercambio*",Tabla2[Universidad KPIs],'Utilización Convenios'!$C105,Tabla2[Año],'Utilización Convenios'!G$3,Tabla2[Nivel Nominación],"Undergraduate / Bachelor") -> 0 | I105: =COUNTIFS(Tabla1[Tipo de Movilidad],"Intercambio*",Tabla1[Universidad KPIs],'Utilización Convenios'!$C105,Tabla1[Año de Movilidad],'Utilización Convenios'!I$3,Tabla1[Nivel],"Pregrado") -> 0 | J105: =COUNTIFS(Tabla2[Tipo de Movilidad],"Intercambio*",Tabla2[Universidad KPIs],'Utilización Convenios'!$C105,Tabla2[Año],'Utilización Convenios'!I$3,Tabla2[Nivel Nominación],"Undergraduate / Bachelor") -> 0 | K105: =COUNTIFS(Tabla1[Tipo de Movilidad],"Intercambio*",Tabla1[Universidad KPIs],'Utilización Convenios'!$C105,Tabla1[Año de Movilidad],'Utilización Convenios'!K$3,Tabla1[Nivel],"Pregrado") -> 0 | L105: =COUNTIFS(Tabla2[Tipo de Movilidad],"Intercambio*",Tabla2[Universidad KPIs],'Utilización Convenios'!$C105,Tabla2[Año],'Utilización Convenios'!K$3,Tabla2[Nivel Nominación],"Undergraduate / Bachelor") -> 0 | M105: =COUNTIFS(Tabla1[Tipo de Movilidad],"Intercambio*",Tabla1[Universidad KPIs],'Utilización Convenios'!$C105,Tabla1[Año de Movilidad],'Utilización Convenios'!M$3,Tabla1[Nivel],"Pregrado") -> 0 | N105: =COUNTIFS(Tabla2[Tipo de Movilidad],"Intercambio*",Tabla2[Universidad KPIs],'Utilización Convenios'!$C105,Tabla2[Año],'Utilización Convenios'!M$3,Tabla2[Nivel Nominación],"Undergraduate / Bachelor") -> 0 | O105: =COUNTIFS(Tabla1[Tipo de Movilidad],"Intercambio*",Tabla1[Universidad KPIs],'Utilización Convenios'!$C105,Tabla1[Año de Movilidad],'Utilización Convenios'!O$3,Tabla1[Nivel],"Pregrado") -> 0 | P105: =COUNTIFS(Tabla2[Tipo de Movilidad],"Intercambio*",Tabla2[Universidad KPIs],'Utilización Convenios'!$C105,Tabla2[Año],'Utilización Convenios'!O$3,Tabla2[Nivel Nominación],"Undergraduate / Bachelor") -> 0 | Q105: =SUMIF($E$4:$P$4,Q$4,$E105:$P105) -> 1 | R105: =SUMIF($E$4:$P$4,R$4,$E105:$P105) -> 0
C106: Universitat Politècnica de Catalunya | D106: Spain | E106: =COUNTIFS(Tabla1[Tipo de Movilidad],"Intercambio*",Tabla1[Universidad KPIs],'Utilización Convenios'!$C106,Tabla1[Año de Movilidad],'Utilización Convenios'!E$3,Tabla1[Nivel],"Pregrado") -> 0 | F106: =COUNTIFS(Tabla2[Tipo de Movilidad],"Intercambio*",Tabla2[Universidad KPIs],'Utilización Convenios'!$C106,Tabla2[Año],'Utilización Convenios'!E$3,Tabla2[Nivel Nominación],"Undergraduate / Bachelor") -> 0 | G106: =COUNTIFS(Tabla1[Tipo de Movilidad],"Intercambio*",Tabla1[Universidad KPIs],'Utilización Convenios'!$C106,Tabla1[Año de Movilidad],'Utilización Convenios'!G$3,Tabla1[Nivel],"Pregrado") -> 0 | H106: =COUNTIFS(Tabla2[Tipo de Movilidad],"Intercambio*",Tabla2[Universidad KPIs],'Utilización Convenios'!$C106,Tabla2[Año],'Utilización Convenios'!G$3,Tabla2[Nivel Nominación],"Undergraduate / Bachelor") -> 0 | I106: =COUNTIFS(Tabla1[Tipo de Movilidad],"Intercambio*",Tabla1[Universidad KPIs],'Utilización Convenios'!$C106,Tabla1[Año de Movilidad],'Utilización Convenios'!I$3,Tabla1[Nivel],"Pregrado") -> 2 | J106: =COUNTIFS(Tabla2[Tipo de Movilidad],"Intercambio*",Tabla2[Universidad KPIs],'Utilización Convenios'!$C106,Tabla2[Año],'Utilización Convenios'!I$3,Tabla2[Nivel Nominación],"Undergraduate / Bachelor") -> 1 | K106: =COUNTIFS(Tabla1[Tipo de Movilidad],"Intercambio*",Tabla1[Universidad KPIs],'Utilización Convenios'!$C106,Tabla1[Año de Movilidad],'Utilización Convenios'!K$3,Tabla1[Nivel],"Pregrado") -> 2 | L106: =COUNTIFS(Tabla2[Tipo de Movilidad],"Intercambio*",Tabla2[Universidad KPIs],'Utilización Convenios'!$C106,Tabla2[Año],'Utilización Convenios'!K$3,Tabla2[Nivel Nominación],"Undergraduate / Bachelor") -> 0 | M106: =COUNTIFS(Tabla1[Tipo de Movilidad],"Intercambio*",Tabla1[Universidad KPIs],'Utilización Convenios'!$C106,Tabla1[Año de Movilidad],'Utilización Convenios'!M$3,Tabla1[Nivel],"Pregrado") -> 2 | N106: =COUNTIFS(Tabla2[Tipo de Movilidad],"Intercambio*",Tabla2[Universidad KPIs],'Utilización Convenios'!$C106,Tabla2[Año],'Utilización Convenios'!M$3,Tabla2[Nivel Nominación],"Undergraduate / Bachelor") -> 0 | O106: =COUNTIFS(Tabla1[Tipo de Movilidad],"Intercambio*",Tabla1[Universidad KPIs],'Utilización Convenios'!$C106,Tabla1[Año de Movilidad],'Utilización Convenios'!O$3,Tabla1[Nivel],"Pregrado") -> 3 | P106: =COUNTIFS(Tabla2[Tipo de Movilidad],"Intercambio*",Tabla2[Universidad KPIs],'Utilización Convenios'!$C106,Tabla2[Año],'Utilización Convenios'!O$3,Tabla2[Nivel Nominación],"Undergraduate / Bachelor") -> 0 | Q106: =SUMIF($E$4:$P$4,Q$4,$E106:$P106) -> 9 | R106: =SUMIF($E$4:$P$4,R$4,$E106:$P106) -> 1
C107: Universitat Politecnica de Valencia | D107: Spain | E107: =COUNTIFS(Tabla1[Tipo de Movilidad],"Intercambio*",Tabla1[Universidad KPIs],'Utilización Convenios'!$C107,Tabla1[Año de Movilidad],'Utilización Convenios'!E$3,Tabla1[Nivel],"Pregrado") -> 0 | F107: =COUNTIFS(Tabla2[Tipo de Movilidad],"Intercambio*",Tabla2[Universidad KPIs],'Utilización Convenios'!$C107,Tabla2[Año],'Utilización Convenios'!E$3,Tabla2[Nivel Nominación],"Undergraduate / Bachelor") -> 1 | G107: =COUNTIFS(Tabla1[Tipo de Movilidad],"Intercambio*",Tabla1[Universidad KPIs],'Utilización Convenios'!$C107,Tabla1[Año de Movilidad],'Utilización Convenios'!G$3,Tabla1[Nivel],"Pregrado") -> 0 | H107: =COUNTIFS(Tabla2[Tipo de Movilidad],"Intercambio*",Tabla2[Universidad KPIs],'Utilización Convenios'!$C107,Tabla2[Año],'Utilización Convenios'!G$3,Tabla2[Nivel Nominación],"Undergraduate / Bachelor") -> 0 | I107: =COUNTIFS(Tabla1[Tipo de Movilidad],"Intercambio*",Tabla1[Universidad KPIs],'Utilización Convenios'!$C107,Tabla1[Año de Movilidad],'Utilización Convenios'!I$3,Tabla1[Nivel],"Pregrado") -> 0 | J107: =COUNTIFS(Tabla2[Tipo de Movilidad],"Intercambio*",Tabla2[Universidad KPIs],'Utilización Convenios'!$C107,Tabla2[Año],'Utilización Convenios'!I$3,Tabla2[Nivel Nominación],"Undergraduate / Bachelor") -> 0 | K107: =COUNTIFS(Tabla1[Tipo de Movilidad],"Intercambio*",Tabla1[Universidad KPIs],'Utilización Convenios'!$C107,Tabla1[Año de Movilidad],'Utilización Convenios'!K$3,Tabla1[Nivel],"Pregrado") -> 0 | L107: =COUNTIFS(Tabla2[Tipo de Movilidad],"Intercambio*",Tabla2[Universidad KPIs],'Utilización Convenios'!$C107,Tabla2[Año],'Utilización Convenios'!K$3,Tabla2[Nivel Nominación],"Undergraduate / Bachelor") -> 0 | M107: =COUNTIFS(Tabla1[Tipo de Movilidad],"Intercambio*",Tabla1[Universidad KPIs],'Utilización Convenios'!$C107,Tabla1[Año de Movilidad],'Utilización Convenios'!M$3,Tabla1[Nivel],"Pregrado") -> 0 | N107: =COUNTIFS(Tabla2[Tipo de Movilidad],"Intercambio*",Tabla2[Universidad KPIs],'Utilización Convenios'!$C107,Tabla2[Año],'Utilización Convenios'!M$3,Tabla2[Nivel Nominación],"Undergraduate / Bachelor") -> 0 | O107: =COUNTIFS(Tabla1[Tipo de Movilidad],"Intercambio*",Tabla1[Universidad KPIs],'Utilización Convenios'!$C107,Tabla1[Año de Movilidad],'Utilización Convenios'!O$3,Tabla1[Nivel],"Pregrado") -> 0 | P107: =COUNTIFS(Tabla2[Tipo de Movilidad],"Intercambio*",Tabla2[Universidad KPIs],'Utilización Convenios'!$C107,Tabla2[Año],'Utilización Convenios'!O$3,Tabla2[Nivel Nominación],"Undergraduate / Bachelor") -> 0 | Q107: =SUMIF($E$4:$P$4,Q$4,$E107:$P107) -> 0 | R107: =SUMIF($E$4:$P$4,R$4,$E107:$P107) -> 1
C108: Université de Bordeaux | D108: France | E108: =COUNTIFS(Tabla1[Tipo de Movilidad],"Intercambio*",Tabla1[Universidad KPIs],'Utilización Convenios'!$C108,Tabla1[Año de Movilidad],'Utilización Convenios'!E$3,Tabla1[Nivel],"Pregrado") -> 0 | F108: =COUNTIFS(Tabla2[Tipo de Movilidad],"Intercambio*",Tabla2[Universidad KPIs],'Utilización Convenios'!$C108,Tabla2[Año],'Utilización Convenios'!E$3,Tabla2[Nivel Nominación],"Undergraduate / Bachelor") -> 0 | G108: =COUNTIFS(Tabla1[Tipo de Movilidad],"Intercambio*",Tabla1[Universidad KPIs],'Utilización Convenios'!$C108,Tabla1[Año de Movilidad],'Utilización Convenios'!G$3,Tabla1[Nivel],"Pregrado") -> 0 | H108: =COUNTIFS(Tabla2[Tipo de Movilidad],"Intercambio*",Tabla2[Universidad KPIs],'Utilización Convenios'!$C108,Tabla2[Año],'Utilización Convenios'!G$3,Tabla2[Nivel Nominación],"Undergraduate / Bachelor") -> 0 | I108: =COUNTIFS(Tabla1[Tipo de Movilidad],"Intercambio*",Tabla1[Universidad KPIs],'Utilización Convenios'!$C108,Tabla1[Año de Movilidad],'Utilización Convenios'!I$3,Tabla1[Nivel],"Pregrado") -> 1 | J108: =COUNTIFS(Tabla2[Tipo de Movilidad],"Intercambio*",Tabla2[Universidad KPIs],'Utilización Convenios'!$C108,Tabla2[Año],'Utilización Convenios'!I$3,Tabla2[Nivel Nominación],"Undergraduate / Bachelor") -> 0 | K108: =COUNTIFS(Tabla1[Tipo de Movilidad],"Intercambio*",Tabla1[Universidad KPIs],'Utilización Convenios'!$C108,Tabla1[Año de Movilidad],'Utilización Convenios'!K$3,Tabla1[Nivel],"Pregrado") -> 0 | L108: =COUNTIFS(Tabla2[Tipo de Movilidad],"Intercambio*",Tabla2[Universidad KPIs],'Utilización Convenios'!$C108,Tabla2[Año],'Utilización Convenios'!K$3,Tabla2[Nivel Nominación],"Undergraduate / Bachelor") -> 0 | M108: =COUNTIFS(Tabla1[Tipo de Movilidad],"Intercambio*",Tabla1[Universidad KPIs],'Utilización Convenios'!$C108,Tabla1[Año de Movilidad],'Utilización Convenios'!M$3,Tabla1[Nivel],"Pregrado") -> 0 | N108: =COUNTIFS(Tabla2[Tipo de Movilidad],"Intercambio*",Tabla2[Universidad KPIs],'Utilización Convenios'!$C108,Tabla2[Año],'Utilización Convenios'!M$3,Tabla2[Nivel Nominación],"Undergraduate / Bachelor") -> 0 | O108: =COUNTIFS(Tabla1[Tipo de Movilidad],"Intercambio*",Tabla1[Universidad KPIs],'Utilización Convenios'!$C108,Tabla1[Año de Movilidad],'Utilización Convenios'!O$3,Tabla1[Nivel],"Pregrado") -> 1 | P108: =COUNTIFS(Tabla2[Tipo de Movilidad],"Intercambio*",Tabla2[Universidad KPIs],'Utilización Convenios'!$C108,Tabla2[Año],'Utilización Convenios'!O$3,Tabla2[Nivel Nominación],"Undergraduate / Bachelor") -> 0 | Q108: =SUMIF($E$4:$P$4,Q$4,$E108:$P108) -> 2 | R108: =SUMIF($E$4:$P$4,R$4,$E108:$P108) -> 0
C109: Université de Genève | D109: Switzerland | E109: =COUNTIFS(Tabla1[Tipo de Movilidad],"Intercambio*",Tabla1[Universidad KPIs],'Utilización Convenios'!$C109,Tabla1[Año de Movilidad],'Utilización Convenios'!E$3,Tabla1[Nivel],"Pregrado") -> 0 | F109: =COUNTIFS(Tabla2[Tipo de Movilidad],"Intercambio*",Tabla2[Universidad KPIs],'Utilización Convenios'!$C109,Tabla2[Año],'Utilización Convenios'!E$3,Tabla2[Nivel Nominación],"Undergraduate / Bachelor") -> 0 | G109: =COUNTIFS(Tabla1[Tipo de Movilidad],"Intercambio*",Tabla1[Universidad KPIs],'Utilización Convenios'!$C109,Tabla1[Año de Movilidad],'Utilización Convenios'!G$3,Tabla1[Nivel],"Pregrado") -> 0 | H109: =COUNTIFS(Tabla2[Tipo de Movilidad],"Intercambio*",Tabla2[Universidad KPIs],'Utilización Convenios'!$C109,Tabla2[Año],'Utilización Convenios'!G$3,Tabla2[Nivel Nominación],"Undergraduate / Bachelor") -> 0 | I109: =COUNTIFS(Tabla1[Tipo de Movilidad],"Intercambio*",Tabla1[Universidad KPIs],'Utilización Convenios'!$C109,Tabla1[Año de Movilidad],'Utilización Convenios'!I$3,Tabla1[Nivel],"Pregrado") -> 0 | J109: =COUNTIFS(Tabla2[Tipo de Movilidad],"Intercambio*",Tabla2[Universidad KPIs],'Utilización Convenios'!$C109,Tabla2[Año],'Utilización Convenios'!I$3,Tabla2[Nivel Nominación],"Undergraduate / Bachelor") -> 0 | K109: =COUNTIFS(Tabla1[Tipo de Movilidad],"Intercambio*",Tabla1[Universidad KPIs],'Utilización Convenios'!$C109,Tabla1[Año de Movilidad],'Utilización Convenios'!K$3,Tabla1[Nivel],"Pregrado") -> 0 | L109: =COUNTIFS(Tabla2[Tipo de Movilidad],"Intercambio*",Tabla2[Universidad KPIs],'Utilización Convenios'!$C109,Tabla2[Año],'Utilización Convenios'!K$3,Tabla2[Nivel Nominación],"Undergraduate / Bachelor") -> 1 | M109: =COUNTIFS(Tabla1[Tipo de Movilidad],"Intercambio*",Tabla1[Universidad KPIs],'Utilización Convenios'!$C109,Tabla1[Año de Movilidad],'Utilización Convenios'!M$3,Tabla1[Nivel],"Pregrado") -> 0 | N109: =COUNTIFS(Tabla2[Tipo de Movilidad],"Intercambio*",Tabla2[Universidad KPIs],'Utilización Convenios'!$C109,Tabla2[Año],'Utilización Convenios'!M$3,Tabla2[Nivel Nominación],"Undergraduate / Bachelor") -> 0 | O109: =COUNTIFS(Tabla1[Tipo de Movilidad],"Intercambio*",Tabla1[Universidad KPIs],'Utilización Convenios'!$C109,Tabla1[Año de Movilidad],'Utilización Convenios'!O$3,Tabla1[Nivel],"Pregrado") -> 0 | P109: =COUNTIFS(Tabla2[Tipo de Movilidad],"Intercambio*",Tabla2[Universidad KPIs],'Utilización Convenios'!$C109,Tabla2[Año],'Utilización Convenios'!O$3,Tabla2[Nivel Nominación],"Undergraduate / Bachelor") -> 0 | Q109: =SUMIF($E$4:$P$4,Q$4,$E109:$P109) -> 0 | R109: =SUMIF($E$4:$P$4,R$4,$E109:$P109) -> 1
C110: Université Paris-Dauphine | D110: France | E110: =COUNTIFS(Tabla1[Tipo de Movilidad],"Intercambio*",Tabla1[Universidad KPIs],'Utilización Convenios'!$C110,Tabla1[Año de Movilidad],'Utilización Convenios'!E$3,Tabla1[Nivel],"Pregrado") -> 0 | F110: =COUNTIFS(Tabla2[Tipo de Movilidad],"Intercambio*",Tabla2[Universidad KPIs],'Utilización Convenios'!$C110,Tabla2[Año],'Utilización Convenios'!E$3,Tabla2[Nivel Nominación],"Undergraduate / Bachelor") -> 1 | G110: =COUNTIFS(Tabla1[Tipo de Movilidad],"Intercambio*",Tabla1[Universidad KPIs],'Utilización Convenios'!$C110,Tabla1[Año de Movilidad],'Utilización Convenios'!G$3,Tabla1[Nivel],"Pregrado") -> 0 | H110: =COUNTIFS(Tabla2[Tipo de Movilidad],"Intercambio*",Tabla2[Universidad KPIs],'Utilización Convenios'!$C110,Tabla2[Año],'Utilización Convenios'!G$3,Tabla2[Nivel Nominación],"Undergraduate / Bachelor") -> 0 | I110: =COUNTIFS(Tabla1[Tipo de Movilidad],"Intercambio*",Tabla1[Universidad KPIs],'Utilización Convenios'!$C110,Tabla1[Año de Movilidad],'Utilización Convenios'!I$3,Tabla1[Nivel],"Pregrado") -> 1 | J110: =COUNTIFS(Tabla2[Tipo de Movilidad],"Intercambio*",Tabla2[Universidad KPIs],'Utilización Convenios'!$C110,Tabla2[Año],'Utilización Convenios'!I$3,Tabla2[Nivel Nominación],"Undergraduate / Bachelor") -> 1 | K110: =COUNTIFS(Tabla1[Tipo de Movilidad],"Intercambio*",Tabla1[Universidad KPIs],'Utilización Convenios'!$C110,Tabla1[Año de Movilidad],'Utilización Convenios'!K$3,Tabla1[Nivel],"Pregrado") -> 0 | L110: =COUNTIFS(Tabla2[Tipo de Movilidad],"Intercambio*",Tabla2[Universidad KPIs],'Utilización Convenios'!$C110,Tabla2[Año],'Utilización Convenios'!K$3,Tabla2[Nivel Nominación],"Undergraduate / Bachelor") -> 0 | M110: =COUNTIFS(Tabla1[Tipo de Movilidad],"Intercambio*",Tabla1[Universidad KPIs],'Utilización Convenios'!$C110,Tabla1[Año de Movilidad],'Utilización Convenios'!M$3,Tabla1[Nivel],"Pregrado") -> 0 | N110: =COUNTIFS(Tabla2[Tipo de Movilidad],"Intercambio*",Tabla2[Universidad KPIs],'Utilización Convenios'!$C110,Tabla2[Año],'Utilización Convenios'!M$3,Tabla2[Nivel Nominación],"Undergraduate / Bachelor") -> 2 | O110: =COUNTIFS(Tabla1[Tipo de Movilidad],"Intercambio*",Tabla1[Universidad KPIs],'Utilización Convenios'!$C110,Tabla1[Año de Movilidad],'Utilización Convenios'!O$3,Tabla1[Nivel],"Pregrado") -> 1 | P110: =COUNTIFS(Tabla2[Tipo de Movilidad],"Intercambio*",Tabla2[Universidad KPIs],'Utilización Convenios'!$C110,Tabla2[Año],'Utilización Convenios'!O$3,Tabla2[Nivel Nominación],"Undergraduate / Bachelor") -> 1 | Q110: =SUMIF($E$4:$P$4,Q$4,$E110:$P110) -> 2 | R110: =SUMIF($E$4:$P$4,R$4,$E110:$P110) -> 5
C111: University College London | D111: United Kingdom | E111: =COUNTIFS(Tabla1[Tipo de Movilidad],"Intercambio*",Tabla1[Universidad KPIs],'Utilización Convenios'!$C111,Tabla1[Año de Movilidad],'Utilización Convenios'!E$3,Tabla1[Nivel],"Pregrado") -> 0 | F111: =COUNTIFS(Tabla2[Tipo de Movilidad],"Intercambio*",Tabla2[Universidad KPIs],'Utilización Convenios'!$C111,Tabla2[Año],'Utilización Convenios'!E$3,Tabla2[Nivel Nominación],"Undergraduate / Bachelor") -> 0 | G111: =COUNTIFS(Tabla1[Tipo de Movilidad],"Intercambio*",Tabla1[Universidad KPIs],'Utilización Convenios'!$C111,Tabla1[Año de Movilidad],'Utilización Convenios'!G$3,Tabla1[Nivel],"Pregrado") -> 0 | H111: =COUNTIFS(Tabla2[Tipo de Movilidad],"Intercambio*",Tabla2[Universidad KPIs],'Utilización Convenios'!$C111,Tabla2[Año],'Utilización Convenios'!G$3,Tabla2[Nivel Nominación],"Undergraduate / Bachelor") -> 0 | I111: =COUNTIFS(Tabla1[Tipo de Movilidad],"Intercambio*",Tabla1[Universidad KPIs],'Utilización Convenios'!$C111,Tabla1[Año de Movilidad],'Utilización Convenios'!I$3,Tabla1[Nivel],"Pregrado") -> 0 | J111: =COUNTIFS(Tabla2[Tipo de Movilidad],"Intercambio*",Tabla2[Universidad KPIs],'Utilización Convenios'!$C111,Tabla2[Año],'Utilización Convenios'!I$3,Tabla2[Nivel Nominación],"Undergraduate / Bachelor") -> 0 | K111: =COUNTIFS(Tabla1[Tipo de Movilidad],"Intercambio*",Tabla1[Universidad KPIs],'Utilización Convenios'!$C111,Tabla1[Año de Movilidad],'Utilización Convenios'!K$3,Tabla1[Nivel],"Pregrado") -> 1 | L111: =COUNTIFS(Tabla2[Tipo de Movilidad],"Intercambio*",Tabla2[Universidad KPIs],'Utilización Convenios'!$C111,Tabla2[Año],'Utilización Convenios'!K$3,Tabla2[Nivel Nominación],"Undergraduate / Bachelor") -> 0 | M111: =COUNTIFS(Tabla1[Tipo de Movilidad],"Intercambio*",Tabla1[Universidad KPIs],'Utilización Convenios'!$C111,Tabla1[Año de Movilidad],'Utilización Convenios'!M$3,Tabla1[Nivel],"Pregrado") -> 1 | N111: =COUNTIFS(Tabla2[Tipo de Movilidad],"Intercambio*",Tabla2[Universidad KPIs],'Utilización Convenios'!$C111,Tabla2[Año],'Utilización Convenios'!M$3,Tabla2[Nivel Nominación],"Undergraduate / Bachelor") -> 0 | O111: =COUNTIFS(Tabla1[Tipo de Movilidad],"Intercambio*",Tabla1[Universidad KPIs],'Utilización Convenios'!$C111,Tabla1[Año de Movilidad],'Utilización Convenios'!O$3,Tabla1[Nivel],"Pregrado") -> 1 | P111: =COUNTIFS(Tabla2[Tipo de Movilidad],"Intercambio*",Tabla2[Universidad KPIs],'Utilización Convenios'!$C111,Tabla2[Año],'Utilización Convenios'!O$3,Tabla2[Nivel Nominación],"Undergraduate / Bachelor") -> 0 | Q111: =SUMIF($E$4:$P$4,Q$4,$E111:$P111) -> 3 | R111: =SUMIF($E$4:$P$4,R$4,$E111:$P111) -> 0
C112: University of Bristol | D112: United Kingdom | E112: =COUNTIFS(Tabla1[Tipo de Movilidad],"Intercambio*",Tabla1[Universidad KPIs],'Utilización Convenios'!$C112,Tabla1[Año de Movilidad],'Utilización Convenios'!E$3,Tabla1[Nivel],"Pregrado") -> 0 | F112: =COUNTIFS(Tabla2[Tipo de Movilidad],"Intercambio*",Tabla2[Universidad KPIs],'Utilización Convenios'!$C112,Tabla2[Año],'Utilización Convenios'!E$3,Tabla2[Nivel Nominación],"Undergraduate / Bachelor") -> 0 | G112: =COUNTIFS(Tabla1[Tipo de Movilidad],"Intercambio*",Tabla1[Universidad KPIs],'Utilización Convenios'!$C112,Tabla1[Año de Movilidad],'Utilización Convenios'!G$3,Tabla1[Nivel],"Pregrado") -> 0 | H112: =COUNTIFS(Tabla2[Tipo de Movilidad],"Intercambio*",Tabla2[Universidad KPIs],'Utilización Convenios'!$C112,Tabla2[Año],'Utilización Convenios'!G$3,Tabla2[Nivel Nominación],"Undergraduate / Bachelor") -> 0 | I112: =COUNTIFS(Tabla1[Tipo de Movilidad],"Intercambio*",Tabla1[Universidad KPIs],'Utilización Convenios'!$C112,Tabla1[Año de Movilidad],'Utilización Convenios'!I$3,Tabla1[Nivel],"Pregrado") -> 0 | J112: =COUNTIFS(Tabla2[Tipo de Movilidad],"Intercambio*",Tabla2[Universidad KPIs],'Utilización Convenios'!$C112,Tabla2[Año],'Utilización Convenios'!I$3,Tabla2[Nivel Nominación],"Undergraduate / Bachelor") -> 0 | K112: =COUNTIFS(Tabla1[Tipo de Movilidad],"Intercambio*",Tabla1[Universidad KPIs],'Utilización Convenios'!$C112,Tabla1[Año de Movilidad],'Utilización Convenios'!K$3,Tabla1[Nivel],"Pregrado") -> 1 | L112: =COUNTIFS(Tabla2[Tipo de Movilidad],"Intercambio*",Tabla2[Universidad KPIs],'Utilización Convenios'!$C112,Tabla2[Año],'Utilización Convenios'!K$3,Tabla2[Nivel Nominación],"Undergraduate / Bachelor") -> 0 | M112: =COUNTIFS(Tabla1[Tipo de Movilidad],"Intercambio*",Tabla1[Universidad KPIs],'Utilización Convenios'!$C112,Tabla1[Año de Movilidad],'Utilización Convenios'!M$3,Tabla1[Nivel],"Pregrado") -> 1 | N112: =COUNTIFS(Tabla2[Tipo de Movilidad],"Intercambio*",Tabla2[Universidad KPIs],'Utilización Convenios'!$C112,Tabla2[Año],'Utilización Convenios'!M$3,Tabla2[Nivel Nominación],"Undergraduate / Bachelor") -> 0 | O112: =COUNTIFS(Tabla1[Tipo de Movilidad],"Intercambio*",Tabla1[Universidad KPIs],'Utilización Convenios'!$C112,Tabla1[Año de Movilidad],'Utilización Convenios'!O$3,Tabla1[Nivel],"Pregrado") -> 1 | P112: =COUNTIFS(Tabla2[Tipo de Movilidad],"Intercambio*",Tabla2[Universidad KPIs],'Utilización Convenios'!$C112,Tabla2[Año],'Utilización Convenios'!O$3,Tabla2[Nivel Nominación],"Undergraduate / Bachelor") -> 0 | Q112: =SUMIF($E$4:$P$4,Q$4,$E112:$P112) -> 3 | R112: =SUMIF($E$4:$P$4,R$4,$E112:$P112) -> 0
C113: University of New South Wales | D113: Australia | E113: =COUNTIFS(Tabla1[Tipo de Movilidad],"Intercambio*",Tabla1[Universidad KPIs],'Utilización Convenios'!$C113,Tabla1[Año de Movilidad],'Utilización Convenios'!E$3,Tabla1[Nivel],"Pregrado") -> 0 | F113: =COUNTIFS(Tabla2[Tipo de Movilidad],"Intercambio*",Tabla2[Universidad KPIs],'Utilización Convenios'!$C113,Tabla2[Año],'Utilización Convenios'!E$3,Tabla2[Nivel Nominación],"Undergraduate / Bachelor") -> 0 | G113: =COUNTIFS(Tabla1[Tipo de Movilidad],"Intercambio*",Tabla1[Universidad KPIs],'Utilización Convenios'!$C113,Tabla1[Año de Movilidad],'Utilización Convenios'!G$3,Tabla1[Nivel],"Pregrado") -> 0 | H113: =COUNTIFS(Tabla2[Tipo de Movilidad],"Intercambio*",Tabla2[Universidad KPIs],'Utilización Convenios'!$C113,Tabla2[Año],'Utilización Convenios'!G$3,Tabla2[Nivel Nominación],"Undergraduate / Bachelor") -> 0 | I113: =COUNTIFS(Tabla1[Tipo de Movilidad],"Intercambio*",Tabla1[Universidad KPIs],'Utilización Convenios'!$C113,Tabla1[Año de Movilidad],'Utilización Convenios'!I$3,Tabla1[Nivel],"Pregrado") -> 0 | J113: =COUNTIFS(Tabla2[Tipo de Movilidad],"Intercambio*",Tabla2[Universidad KPIs],'Utilización Convenios'!$C113,Tabla2[Año],'Utilización Convenios'!I$3,Tabla2[Nivel Nominación],"Undergraduate / Bachelor") -> 0 | K113: =COUNTIFS(Tabla1[Tipo de Movilidad],"Intercambio*",Tabla1[Universidad KPIs],'Utilización Convenios'!$C113,Tabla1[Año de Movilidad],'Utilización Convenios'!K$3,Tabla1[Nivel],"Pregrado") -> 0 | L113: =COUNTIFS(Tabla2[Tipo de Movilidad],"Intercambio*",Tabla2[Universidad KPIs],'Utilización Convenios'!$C113,Tabla2[Año],'Utilización Convenios'!K$3,Tabla2[Nivel Nominación],"Undergraduate / Bachelor") -> 0 | M113: =COUNTIFS(Tabla1[Tipo de Movilidad],"Intercambio*",Tabla1[Universidad KPIs],'Utilización Convenios'!$C113,Tabla1[Año de Movilidad],'Utilización Convenios'!M$3,Tabla1[Nivel],"Pregrado") -> 2 | N113: =COUNTIFS(Tabla2[Tipo de Movilidad],"Intercambio*",Tabla2[Universidad KPIs],'Utilización Convenios'!$C113,Tabla2[Año],'Utilización Convenios'!M$3,Tabla2[Nivel Nominación],"Undergraduate / Bachelor") -> 0 | O113: =COUNTIFS(Tabla1[Tipo de Movilidad],"Intercambio*",Tabla1[Universidad KPIs],'Utilización Convenios'!$C113,Tabla1[Año de Movilidad],'Utilización Convenios'!O$3,Tabla1[Nivel],"Pregrado") -> 1 | P113: =COUNTIFS(Tabla2[Tipo de Movilidad],"Intercambio*",Tabla2[Universidad KPIs],'Utilización Convenios'!$C113,Tabla2[Año],'Utilización Convenios'!O$3,Tabla2[Nivel Nominación],"Undergraduate / Bachelor") -> 0 | Q113: =SUMIF($E$4:$P$4,Q$4,$E113:$P113) -> 3 | R113: =SUMIF($E$4:$P$4,R$4,$E113:$P113) -> 0
... C122: Erasmus Universiteit Rotterdam | D122: Netherlands | E122: =COUNTIFS(Tabla1[Tipo de Movilidad],"Intercambio*",Tabla1[Universidad KPIs],'Utilización Convenios'!$C122,Tabla1[Año de Movilidad],'Utilización Convenios'!E$3,Tabla1[Nivel],"Pregrado") -> 0 | F122: =COUNTIFS(Tabla2[Tipo de Movilidad],"Intercambio*",Tabla2[Universidad KPIs],'Utilización Convenios'!$C122,Tabla2[Año],'Utilización Convenios'!E$3,Tabla2[Nivel Nominación],"Undergraduate / Bachelor") -> 0 | G122: =COUNTIFS(Tabla1[Tipo de Movilidad],"Intercambio*",Tabla1[Universidad KPIs],'Utilización Convenios'!$C122,Tabla1[Año de Movilidad],'Utilización Convenios'!G$3,Tabla1[Nivel],"Pregrado") -> 0 | H122: =COUNTIFS(Tabla2[Tipo de Movilidad],"Intercambio*",Tabla2[Universidad KPIs],'Utilización Convenios'!$C122,Tabla2[Año],'Utilización Convenios'!G$3,Tabla2[Nivel Nominación],"Undergraduate / Bachelor") -> 0 | I122: =COUNTIFS(Tabla1[Tipo de Movilidad],"Intercambio*",Tabla1[Universidad KPIs],'Utilización Convenios'!$C122,Tabla1[Año de Movilidad],'Utilización Convenios'!I$3,Tabla1[Nivel],"Pregrado") -> 0 | J122: =COUNTIFS(Tabla2[Tipo de Movilidad],"Intercambio*",Tabla2[Universidad KPIs],'Utilización Convenios'!$C122,Tabla2[Año],'Utilización Convenios'!I$3,Tabla2[Nivel Nominación],"Undergraduate / Bachelor") -> 0 | K122: =COUNTIFS(Tabla1[Tipo de Movilidad],"Intercambio*",Tabla1[Universidad KPIs],'Utilización Convenios'!$C122,Tabla1[Año de Movilidad],'Utilización Convenios'!K$3,Tabla1[Nivel],"Pregrado") -> 0 | L122: =COUNTIFS(Tabla2[Tipo de Movilidad],"Intercambio*",Tabla2[Universidad KPIs],'Utilización Convenios'!$C122,Tabla2[Año],'Utilización Convenios'!K$3,Tabla2[Nivel Nominación],"Undergraduate / Bachelor") -> 0 | M122: =COUNTIFS(Tabla1[Tipo de Movilidad],"Intercambio*",Tabla1[Universidad KPIs],'Utilización Convenios'!$C122,Tabla1[Año de Movilidad],'Utilización Convenios'!M$3,Tabla1[Nivel],"Pregrado") -> 0 | N122: =COUNTIFS(Tabla2[Tipo de Movilidad],"Intercambio*",Tabla2[Universidad KPIs],'Utilización Convenios'!$C122,Tabla2[Año],'Utilización Convenios'!M$3,Tabla2[Nivel Nominación],"Undergraduate / Bachelor") -> 2 | O122: =COUNTIFS(Tabla1[Tipo de Movilidad],"Intercambio*",Tabla1[Universidad KPIs],'Utilización Convenios'!$C122,Tabla1[Año de Movilidad],'Utilización Convenios'!O$3,Tabla1[Nivel],"Pregrado") -> 0 | P122: =COUNTIFS(Tabla2[Tipo de Movilidad],"Intercambio*",Tabla2[Universidad KPIs],'Utilización Convenios'!$C122,Tabla2[Año],'Utilización Convenios'!O$3,Tabla2[Nivel Nominación],"Undergraduate / Bachelor") -> 1 | Q122: =SUMIF($E$4:$P$4,Q$4,$E122:$P122) -> 0 | R122: =SUMIF($E$4:$P$4,R$4,$E122:$P122) -> 3
C123: TOTAL | E123: =SUM(E5:E122) -> 43 | F123: =SUM(F5:F122) -> 30 | G123: =SUM(G5:G122) -> 47 | H123: =SUM(H5:H122) -> 20 | I123: =SUM(I5:I122) -> 90 | J123: =SUM(J5:J122) -> 52 | K123: =SUM(K5:K122) -> 137 | L123: =SUM(L5:L122) -> 61 | ... R123: =SUM(R5:R122) -> 278
C125: UNDERGRADUATED DOUBLE DEGREE | E125: 2020 | G125: 2021 | I125: 2022 | K125: 2023 | M125: 2024 | O125: 2025 | Q125: Total
C126: Universidad KPIs | D126: País | E126: Outgoing | F126: Incoming | G126: Outgoing | H126: Incoming | I126: Outgoing | J126: Incoming | K126: Outgoing | L126: Incoming | M126: Outgoing | N126: Incoming | O126: Outgoing | P126: Incoming | Q126: Outgoing | R126: Incoming
C127: A.B. Freeman School of Business, Tulane University | D127: United States | E127: =COUNTIFS(Tabla1[Tipo de Movilidad],"Doble*",Tabla1[Universidad KPIs],'Utilización Convenios'!$C127,Tabla1[Año de Movilidad],'Utilización Convenios'!E$125,Tabla1[Nivel],"Pregrado") -> 1 | F127: =COUNTIFS(Tabla2[Tipo de Movilidad],"Doble*",Tabla2[Universidad KPIs],'Utilización Convenios'!$C127,Tabla2[Año],'Utilización Convenios'!E$125) -> 0 | G127: =COUNTIFS(Tabla1[Tipo de Movilidad],"Doble*",Tabla1[Universidad KPIs],'Utilización Convenios'!$C127,Tabla1[Año de Movilidad],'Utilización Convenios'!G$125,Tabla1[Nivel],"Pregrado") -> 0 | H127: =COUNTIFS(Tabla2[Tipo de Movilidad],"Doble*",Tabla2[Universidad KPIs],'Utilización Convenios'!$C127,Tabla2[Año],'Utilización Convenios'!G$125) -> 0 | I127: =COUNTIFS(Tabla1[Tipo de Movilidad],"Doble*",Tabla1[Universidad KPIs],'Utilización Convenios'!$C127,Tabla1[Año de Movilidad],'Utilización Convenios'!I$125,Tabla1[Nivel],"Pregrado") -> 0 | J127: =COUNTIFS(Tabla2[Tipo de Movilidad],"Doble*",Tabla2[Universidad KPIs],'Utilización Convenios'!$C127,Tabla2[Año],'Utilización Convenios'!I$125) -> 0 | K127: =COUNTIFS(Tabla1[Tipo de Movilidad],"Doble*",Tabla1[Universidad KPIs],'Utilización Convenios'!$C127,Tabla1[Año de Movilidad],'Utilización Convenios'!K$125,Tabla1[Nivel],"Pregrado") -> 1 | L127: =COUNTIFS(Tabla2[Tipo de Movilidad],"Doble*",Tabla2[Universidad KPIs],'Utilización Convenios'!$C127,Tabla2[Año],'Utilización Convenios'!K$125) -> 0 | M127: =COUNTIFS(Tabla1[Tipo de Movilidad],"Doble*",Tabla1[Universidad KPIs],'Utilización Convenios'!$C127,Tabla1[Año de Movilidad],'Utilización Convenios'!M$125,Tabla1[Nivel],"Pregrado") -> 1 | N127: =COUNTIFS(Tabla2[Tipo de Movilidad],"Doble*",Tabla2[Universidad KPIs],'Utilización Convenios'!$C127,Tabla2[Año],'Utilización Convenios'!M$125) -> 0 | O127: =COUNTIFS(Tabla1[Tipo de Movilidad],"Doble*",Tabla1[Universidad KPIs],'Utilización Convenios'!$C127,Tabla1[Año de Movilidad],'Utilización Convenios'!O$125,Tabla1[Nivel],"Pregrado") -> 2 | P127: =COUNTIFS(Tabla2[Tipo de Movilidad],"Doble*",Tabla2[Universidad KPIs],'Utilización Convenios'!$C127,Tabla2[Año],'Utilización Convenios'!O$125) -> 0 | Q127: =SUMIF($E$4:$M$4,Q$4,$E127:$P127) -> 3 | R127: =SUMIF($E$4:$P$4,R$4,$E127:$P127) -> 0
C128: Toulouse Business School | D128: France | E128: =COUNTIFS(Tabla1[Tipo de Movilidad],"Doble*",Tabla1[Universidad KPIs],'Utilización Convenios'!$C128,Tabla1[Año de Movilidad],'Utilización Convenios'!E$125,Tabla1[Nivel],"Pregrado") -> 5 | F128: =COUNTIFS(Tabla2[Tipo de Movilidad],"Doble*",Tabla2[Universidad KPIs],'Utilización Convenios'!$C128,Tabla2[Año],'Utilización Convenios'!E$125) -> 2 | G128: =COUNTIFS(Tabla1[Tipo de Movilidad],"Doble*",Tabla1[Universidad KPIs],'Utilización Convenios'!$C128,Tabla1[Año de Movilidad],'Utilización Convenios'!G$125,Tabla1[Nivel],"Pregrado") -> 5 | H128: =COUNTIFS(Tabla2[Tipo de Movilidad],"Doble*",Tabla2[Universidad KPIs],'Utilización Convenios'!$C128,Tabla2[Año],'Utilización Convenios'!G$125) -> 1 | I128: =COUNTIFS(Tabla1[Tipo de Movilidad],"Doble*",Tabla1[Universidad KPIs],'Utilización Convenios'!$C128,Tabla1[Año de Movilidad],'Utilización Convenios'!I$125,Tabla1[Nivel],"Pregrado") -> 10 | J128: =COUNTIFS(Tabla2[Tipo de Movilidad],"Doble*",Tabla2[Universidad KPIs],'Utilización Convenios'!$C128,Tabla2[Año],'Utilización Convenios'!I$125) -> 0 | K128: =COUNTIFS(Tabla1[Tipo de Movilidad],"Doble*",Tabla1[Universidad KPIs],'Utilización Convenios'!$C128,Tabla1[Año de Movilidad],'Utilización Convenios'!K$125,Tabla1[Nivel],"Pregrado") -> 9 | L128: =COUNTIFS(Tabla2[Tipo de Movilidad],"Doble*",Tabla2[Universidad KPIs],'Utilización Convenios'!$C128,Tabla2[Año],'Utilización Convenios'!K$125) -> 0 | M128: =COUNTIFS(Tabla1[Tipo de Movilidad],"Doble*",Tabla1[Universidad KPIs],'Utilización Convenios'!$C128,Tabla1[Año de Movilidad],'Utilización Convenios'!M$125,Tabla1[Nivel],"Pregrado") -> 6 | N128: =COUNTIFS(Tabla2[Tipo de Movilidad],"Doble*",Tabla2[Universidad KPIs],'Utilización Convenios'!$C128,Tabla2[Año],'Utilización Convenios'!M$125) -> 0 | O128: =COUNTIFS(Tabla1[Tipo de Movilidad],"Doble*",Tabla1[Universidad KPIs],'Utilización Convenios'!$C128,Tabla1[Año de Movilidad],'Utilización Convenios'!O$125,Tabla1[Nivel],"Pregrado") -> 3 | P128: =COUNTIFS(Tabla2[Tipo de Movilidad],"Doble*",Tabla2[Universidad KPIs],'Utilización Convenios'!$C128,Tabla2[Año],'Utilización Convenios'!O$125) -> 0 | Q128: =SUMIF($E$4:$M$4,Q$4,$E128:$P128) -> 35 | R128: =SUMIF($E$4:$P$4,R$4,$E128:$P128) -> 3
C129: Universidad de Tilburg | D129: Netherlands | E129: =COUNTIFS(Tabla1[Tipo de Movilidad],"Doble*",Tabla1[Universidad KPIs],'Utilización Convenios'!$C129,Tabla1[Año de Movilidad],'Utilización Convenios'!E$125,Tabla1[Nivel],"Pregrado") -> 0 | F129: =COUNTIFS(Tabla2[Tipo de Movilidad],"Doble*",Tabla2[Universidad KPIs],'Utilización Convenios'!$C129,Tabla2[Año],'Utilización Convenios'!E$125) -> 0 | G129: =COUNTIFS(Tabla1[Tipo de Movilidad],"Doble*",Tabla1[Universidad KPIs],'Utilización Convenios'!$C129,Tabla1[Año de Movilidad],'Utilización Convenios'!G$125,Tabla1[Nivel],"Pregrado") -> 0 | H129: =COUNTIFS(Tabla2[Tipo de Movilidad],"Doble*",Tabla2[Universidad KPIs],'Utilización Convenios'!$C129,Tabla2[Año],'Utilización Convenios'!G$125) -> 0 | I129: =COUNTIFS(Tabla1[Tipo de Movilidad],"Doble*",Tabla1[Universidad KPIs],'Utilización Convenios'!$C129,Tabla1[Año de Movilidad],'Utilización Convenios'!I$125,Tabla1[Nivel],"Pregrado") -> 2 | J129: =COUNTIFS(Tabla2[Tipo de Movilidad],"Doble*",Tabla2[Universidad KPIs],'Utilización Convenios'!$C129,Tabla2[Año],'Utilización Convenios'!I$125) -> 0 | K129: =COUNTIFS(Tabla1[Tipo de Movilidad],"Doble*",Tabla1[Universidad KPIs],'Utilización Convenios'!$C129,Tabla1[Año de Movilidad],'Utilización Convenios'!K$125,Tabla1[Nivel],"Pregrado") -> 2 | L129: =COUNTIFS(Tabla2[Tipo de Movilidad],"Doble*",Tabla2[Universidad KPIs],'Utilización Convenios'!$C129,Tabla2[Año],'Utilización Convenios'!K$125) -> 0 | M129: =COUNTIFS(Tabla1[Tipo de Movilidad],"Doble*",Tabla1[Universidad KPIs],'Utilización Convenios'!$C129,Tabla1[Año de Movilidad],'Utilización Convenios'!M$125,Tabla1[Nivel],"Pregrado") -> 1 | N129: =COUNTIFS(Tabla2[Tipo de Movilidad],"Doble*",Tabla2[Universidad KPIs],'Utilización Convenios'!$C129,Tabla2[Año],'Utilización Convenios'!M$125) -> 0 | O129: =COUNTIFS(Tabla1[Tipo de Movilidad],"Doble*",Tabla1[Universidad KPIs],'Utilización Convenios'!$C129,Tabla1[Año de Movilidad],'Utilización Convenios'!O$125,Tabla1[Nivel],"Pregrado") -> 1 | P129: =COUNTIFS(Tabla2[Tipo de Movilidad],"Doble*",Tabla2[Universidad KPIs],'Utilización Convenios'!$C129,Tabla2[Año],'Utilización Convenios'!O$125) -> 0 | Q129: =SUMIF($E$4:$M$4,Q$4,$E129:$P129) -> 5 | R129: =SUMIF($E$4:$P$4,R$4,$E129:$P129) -> 0
C130: ESC Rouen (NEOMA) | D130: France | E130: =COUNTIFS(Tabla1[Tipo de Movilidad],"Doble*",Tabla1[Universidad KPIs],'Utilización Convenios'!$C130,Tabla1[Año de Movilidad],'Utilización Convenios'!E$125,Tabla1[Nivel],"Pregrado") -> 0 | F130: =COUNTIFS(Tabla2[Tipo de Movilidad],"Doble*",Tabla2[Universidad KPIs],'Utilización Convenios'!$C130,Tabla2[Año],'Utilización Convenios'!E$125) -> 0 | G130: =COUNTIFS(Tabla1[Tipo de Movilidad],"Doble*",Tabla1[Universidad KPIs],'Utilización Convenios'!$C130,Tabla1[Año de Movilidad],'Utilización Convenios'!G$125,Tabla1[Nivel],"Pregrado") -> 0 | H130: =COUNTIFS(Tabla2[Tipo de Movilidad],"Doble*",Tabla2[Universidad KPIs],'Utilización Convenios'!$C130,Tabla2[Año],'Utilización Convenios'!G$125) -> 0 | I130: =COUNTIFS(Tabla1[Tipo de Movilidad],"Doble*",Tabla1[Universidad KPIs],'Utilización Convenios'!$C130,Tabla1[Año de Movilidad],'Utilización Convenios'!I$125,Tabla1[Nivel],"Pregrado") -> 0 | J130: =COUNTIFS(Tabla2[Tipo de Movilidad],"Doble*",Tabla2[Universidad KPIs],'Utilización Convenios'!$C130,Tabla2[Año],'Utilización Convenios'!I$125) -> 0 | K130: =COUNTIFS(Tabla1[Tipo de Movilidad],"Doble*",Tabla1[Universidad KPIs],'Utilización Convenios'!$C130,Tabla1[Año de Movilidad],'Utilización Convenios'!K$125,Tabla1[Nivel],"Pregrado") -> 0 | L130: =COUNTIFS(Tabla2[Tipo de Movilidad],"Doble*",Tabla2[Universidad KPIs],'Utilización Convenios'!$C130,Tabla2[Año],'Utilización Convenios'!K$125) -> 0 | M130: =COUNTIFS(Tabla1[Tipo de Movilidad],"Doble*",Tabla1[Universidad KPIs],'Utilización Convenios'!$C130,Tabla1[Año de Movilidad],'Utilización Convenios'!M$125,Tabla1[Nivel],"Pregrado") -> 0 | N130: =COUNTIFS(Tabla2[Tipo de Movilidad],"Doble*",Tabla2[Universidad KPIs],'Utilización Convenios'!$C130,Tabla2[Año],'Utilización Convenios'!M$125) -> 0 | O130: =COUNTIFS(Tabla1[Tipo de Movilidad],"Doble*",Tabla1[Universidad KPIs],'Utilización Convenios'!$C130,Tabla1[Año de Movilidad],'Utilización Convenios'!O$125,Tabla1[Nivel],"Pregrado") -> 2 | P130: =COUNTIFS(Tabla2[Tipo de Movilidad],"Doble*",Tabla2[Universidad KPIs],'Utilización Convenios'!$C130,Tabla2[Año],'Utilización Convenios'!O$125) -> 1 | Q130: =SUMIF($E$4:$M$4,Q$4,$E130:$P130) -> 0 | R130: =SUMIF($E$4:$P$4,R$4,$E130:$P130) -> 1
C131: TOTAL | E131: =SUM(E127:E130) -> 6 | F131: =SUM(F127:F130) -> 2 | G131: =SUM(G127:G130) -> 5 | H131: =SUM(H127:H130) -> 1 | I131: =SUM(I127:I130) -> 12 | J131: =SUM(J127:J130) -> 0 | K131: =SUM(K127:K130) -> 12 | L131: =SUM(L127:L130) -> 0 | ... R131: =SUM(R127:R130) -> 4
C133: FREE MOVER INCOMING | E133: 2020 | F133: 2021 | G133: 2022 | H133: 2023 | I133: 2024 | J133: 2025 | K133: Total
C134: FHNW Fachhochschule Nordwestschweiz | D134: Switzerland | E134: =COUNTIFS(Tabla2[Tipo de Movilidad],"Free*",Tabla2[Universidad KPIs],'Utilización Convenios'!$C134,Tabla2[Año],'Utilización Convenios'!E$133) -> 1 | F134: =COUNTIFS(Tabla2[Tipo de Movilidad],"Free*",Tabla2[Universidad KPIs],'Utilización Convenios'!$C134,Tabla2[Año],'Utilización Convenios'!F$133) -> 0 | G134: =COUNTIFS(Tabla2[Tipo de Movilidad],"Free*",Tabla2[Universidad KPIs],'Utilización Convenios'!$C134,Tabla2[Año],'Utilización Convenios'!G$133) -> 0 | H134: =COUNTIFS(Tabla2[Tipo de Movilidad],"Free*",Tabla2[Universidad KPIs],'Utilización Convenios'!$C134,Tabla2[Año],'Utilización Convenios'!H$133) -> 0 | I134: =COUNTIFS(Tabla2[Tipo de Movilidad],"Free*",Tabla2[Universidad KPIs],'Utilización Convenios'!$C134,Tabla2[Año],'Utilización Convenios'!I$133) -> 0 | J134: =COUNTIFS(Tabla2[Tipo de Movilidad],"Free*",Tabla2[Universidad KPIs],'Utilización Convenios'!$C134,Tabla2[Año],'Utilización Convenios'!J$133) -> 0 | K134: =SUM(E134:J134) -> 1
C135: Zeppelin University | D135: Germany | E135: =COUNTIFS(Tabla2[Tipo de Movilidad],"Free*",Tabla2[Universidad KPIs],'Utilización Convenios'!$C135,Tabla2[Año],'Utilización Convenios'!E$133) -> 0 | F135: =COUNTIFS(Tabla2[Tipo de Movilidad],"Free*",Tabla2[Universidad KPIs],'Utilización Convenios'!$C135,Tabla2[Año],'Utilización Convenios'!F$133) -> 0 | G135: =COUNTIFS(Tabla2[Tipo de Movilidad],"Free*",Tabla2[Universidad KPIs],'Utilización Convenios'!$C135,Tabla2[Año],'Utilización Convenios'!G$133) -> 0 | H135: =COUNTIFS(Tabla2[Tipo de Movilidad],"Free*",Tabla2[Universidad KPIs],'Utilización Convenios'!$C135,Tabla2[Año],'Utilización Convenios'!H$133) -> 0 | I135: =COUNTIFS(Tabla2[Tipo de Movilidad],"Free*",Tabla2[Universidad KPIs],'Utilización Convenios'!$C135,Tabla2[Año],'Utilización Convenios'!I$133) -> 0 | J135: =COUNTIFS(Tabla2[Tipo de Movilidad],"Free*",Tabla2[Universidad KPIs],'Utilización Convenios'!$C135,Tabla2[Año],'Utilización Convenios'!J$133) -> 1 | K135: =SUM(E135:J135) -> 1
C136: TOTAL | E136: =SUM(E134:E135) -> 1 | F136: =SUM(F134:F135) -> 0 | G136: =SUM(G134:G135) -> 0 | H136: =SUM(H134:H135) -> 0 | I136: =SUM(I134:I135) -> 0 | J136: =SUM(J134:J135) -> 1 | K136: =SUM(K134:K135) -> 2
C138: PASANTÍA DE INVESTIGACIÓN OUTGOING | E138: 2020 | F138: 2021 | G138: 2022 | H138: 2023 | I138: 2024 | J138: 2025 | K138: Total
C139: Cornell University | D139: United States | E139: =COUNTIFS(Tabla1[Tipo de Movilidad],"Pasant*",Tabla1[Universidad KPIs],$C139,Tabla1[Año de Movilidad],'Utilización Convenios'!E$138) -> 2 | F139: =COUNTIFS(Tabla1[Tipo de Movilidad],"Pasant*",Tabla1[Universidad KPIs],$C139,Tabla1[Año de Movilidad],'Utilización Convenios'!F$138) -> 8 | G139: =COUNTIFS(Tabla1[Tipo de Movilidad],"Pasant*",Tabla1[Universidad KPIs],$C139,Tabla1[Año de Movilidad],'Utilización Convenios'!G$138) -> 3 | H139: =COUNTIFS(Tabla1[Tipo de Movilidad],"Pasant*",Tabla1[Universidad KPIs],$C139,Tabla1[Año de Movilidad],'Utilización Convenios'!H$138) -> 1 | I139: =COUNTIFS(Tabla1[Tipo de Movilidad],"Pasant*",Tabla1[Universidad KPIs],$C139,Tabla1[Año de Movilidad],'Utilización Convenios'!I$138) -> 2 | J139: =COUNTIFS(Tabla1[Tipo de Movilidad],"Pasant*",Tabla1[Universidad KPIs],$C139,Tabla1[Año de Movilidad],'Utilización Convenios'!J$138) -> 3 | K139: =SUM(E139:J139) -> 19
C141: GRADUATED EXCHANGE
E142: 2020 | G142: 2021 | I142: 2022 | K142: 2023 | M142: 2024 | O142: 2025 | Q142: Total
C143: Universidad KPIs | D143: País | E143: Outgoing | F143: Incoming | G143: Outgoing | H143: Incoming | I143: Outgoing | J143: Incoming | K143: Outgoing | L143: Incoming | M143: Outgoing | N143: Incoming | O143: Outgoing | P143: Incoming | Q143: Outgoing | R143: Incoming
B144: C O N V E N I O S E S P E C Í F I C O S | C144: A.B. Freeman School of Business, Tulane University | D144: United States | E144: =COUNTIFS(Tabla1[Tipo de Movilidad],"Intercambio*",Tabla1[Universidad KPIs],'Utilización Convenios'!$C144,Tabla1[Año de Movilidad],'Utilización Convenios'!E$3,Tabla1[Nivel],"Maestría") -> 0 | F144: =COUNTIFS(Tabla2[Tipo de Movilidad],"Intercambio*",Tabla2[Universidad KPIs],'Utilización Convenios'!$C144,Tabla2[Año],'Utilización Convenios'!E$142,Tabla2[Nivel Nominación],"Postgraduate / Master") -> 0 | G144: =COUNTIFS(Tabla1[Tipo de Movilidad],"Intercambio*",Tabla1[Universidad KPIs],'Utilización Convenios'!$C144,Tabla1[Año de Movilidad],'Utilización Convenios'!G$3,Tabla1[Nivel],"Maestría") -> 0 | H144: =COUNTIFS(Tabla2[Tipo de Movilidad],"Intercambio*",Tabla2[Universidad KPIs],'Utilización Convenios'!$C144,Tabla2[Año],'Utilización Convenios'!G$142,Tabla2[Nivel Nominación],"Postgraduate / Master") -> 0 | I144: =COUNTIFS(Tabla1[Tipo de Movilidad],"Intercambio*",Tabla1[Universidad KPIs],'Utilización Convenios'!$C144,Tabla1[Año de Movilidad],'Utilización Convenios'!I$3,Tabla1[Nivel],"Maestría") -> 0 | J144: =COUNTIFS(Tabla2[Tipo de Movilidad],"Intercambio*",Tabla2[Universidad KPIs],'Utilización Convenios'!$C144,Tabla2[Año],'Utilización Convenios'!I$142,Tabla2[Nivel Nominación],"Postgraduate / Master") -> 0 | K144: =COUNTIFS(Tabla1[Tipo de Movilidad],"Intercambio*",Tabla1[Universidad KPIs],'Utilización Convenios'!$C144,Tabla1[Año de Movilidad],'Utilización Convenios'!K$3,Tabla1[Nivel],"Maestría") -> 0 | L144: =COUNTIFS(Tabla2[Tipo de Movilidad],"Intercambio*",Tabla2[Universidad KPIs],'Utilización Convenios'!$C144,Tabla2[Año],'Utilización Convenios'!K$142,Tabla2[Nivel Nominación],"Postgraduate / Master") -> 0 | M144: =COUNTIFS(Tabla1[Tipo de Movilidad],"Intercambio*",Tabla1[Universidad KPIs],'Utilización Convenios'!$C144,Tabla1[Año de Movilidad],'Utilización Convenios'!M$3,Tabla1[Nivel],"Maestría") -> 0 | N144: =COUNTIFS(Tabla2[Tipo de Movilidad],"Intercambio*",Tabla2[Universidad KPIs],'Utilización Convenios'!$C144,Tabla2[Año],'Utilización Convenios'!M$142,Tabla2[Nivel Nominación],"Postgraduate / Master") -> 0 | O144: =COUNTIFS(Tabla1[Tipo de Movilidad],"Intercambio*",Tabla1[Universidad KPIs],'Utilización Convenios'!$C144,Tabla1[Año de Movilidad],'Utilización Convenios'!O$3,Tabla1[Nivel],"Maestría") -> 0 | P144: =COUNTIFS(Tabla2[Tipo de Movilidad],"Intercambio*",Tabla2[Universidad KPIs],'Utilización Convenios'!$C144,Tabla2[Año],'Utilización Convenios'!O$142,Tabla2[Nivel Nominación],"Postgraduate / Master") -> 0 | Q144: =SUMIF($E$143:$P$143,Q$143,$E144:$P144) -> 0 | R144: =SUMIF($E$143:$P$143,R$143,$E144:$P144) -> 0
C145: Aalto University | D145: Finland | E145: =COUNTIFS(Tabla1[Tipo de Movilidad],"Intercambio*",Tabla1[Universidad KPIs],'Utilización Convenios'!$C145,Tabla1[Año de Movilidad],'Utilización Convenios'!E$3,Tabla1[Nivel],"Maestría") -> 0 | F145: =COUNTIFS(Tabla2[Tipo de Movilidad],"Intercambio*",Tabla2[Universidad KPIs],'Utilización Convenios'!$C145,Tabla2[Año],'Utilización Convenios'!E$142,Tabla2[Nivel Nominación],"Postgraduate / Master") -> 0 | G145: =COUNTIFS(Tabla1[Tipo de Movilidad],"Intercambio*",Tabla1[Universidad KPIs],'Utilización Convenios'!$C145,Tabla1[Año de Movilidad],'Utilización Convenios'!G$3,Tabla1[Nivel],"Maestría") -> 0 | H145: =COUNTIFS(Tabla2[Tipo de Movilidad],"Intercambio*",Tabla2[Universidad KPIs],'Utilización Convenios'!$C145,Tabla2[Año],'Utilización Convenios'!G$142,Tabla2[Nivel Nominación],"Postgraduate / Master") -> 0 | I145: =COUNTIFS(Tabla1[Tipo de Movilidad],"Intercambio*",Tabla1[Universidad KPIs],'Utilización Convenios'!$C145,Tabla1[Año de Movilidad],'Utilización Convenios'!I$3,Tabla1[Nivel],"Maestría") -> 0 | J145: =COUNTIFS(Tabla2[Tipo de Movilidad],"Intercambio*",Tabla2[Universidad KPIs],'Utilización Convenios'!$C145,Tabla2[Año],'Utilización Convenios'!I$142,Tabla2[Nivel Nominación],"Postgraduate / Master") -> 0 | K145: =COUNTIFS(Tabla1[Tipo de Movilidad],"Intercambio*",Tabla1[Universidad KPIs],'Utilización Convenios'!$C145,Tabla1[Año de Movilidad],'Utilización Convenios'!K$3,Tabla1[Nivel],"Maestría") -> 0 | L145: =COUNTIFS(Tabla2[Tipo de Movilidad],"Intercambio*",Tabla2[Universidad KPIs],'Utilización Convenios'!$C145,Tabla2[Año],'Utilización Convenios'!K$142,Tabla2[Nivel Nominación],"Postgraduate / Master") -> 0 | M145: =COUNTIFS(Tabla1[Tipo de Movilidad],"Intercambio*",Tabla1[Universidad KPIs],'Utilización Convenios'!$C145,Tabla1[Año de Movilidad],'Utilización Convenios'!M$3,Tabla1[Nivel],"Maestría") -> 0 | N145: =COUNTIFS(Tabla2[Tipo de Movilidad],"Intercambio*",Tabla2[Universidad KPIs],'Utilización Convenios'!$C145,Tabla2[Año],'Utilización Convenios'!M$142,Tabla2[Nivel Nominación],"Postgraduate / Master") -> 1 | O145: =COUNTIFS(Tabla1[Tipo de Movilidad],"Intercambio*",Tabla1[Universidad KPIs],'Utilización Convenios'!$C145,Tabla1[Año de Movilidad],'Utilización Convenios'!O$3,Tabla1[Nivel],"Maestría") -> 0 | P145: =COUNTIFS(Tabla2[Tipo de Movilidad],"Intercambio*",Tabla2[Universidad KPIs],'Utilización Convenios'!$C145,Tabla2[Año],'Utilización Convenios'!O$142,Tabla2[Nivel Nominación],"Postgraduate / Master") -> 0 | Q145: =SUMIF($E$143:$P$143,Q$143,$E145:$P145) -> 0 | R145: =SUMIF($E$143:$P$143,R$143,$E145:$P145) -> 1
C146: Aston University | D146: United Kingdom | E146: =COUNTIFS(Tabla1[Tipo de Movilidad],"Intercambio*",Tabla1[Universidad KPIs],'Utilización Convenios'!$C146,Tabla1[Año de Movilidad],'Utilización Convenios'!E$3,Tabla1[Nivel],"Maestría") -> 0 | F146: =COUNTIFS(Tabla2[Tipo de Movilidad],"Intercambio*",Tabla2[Universidad KPIs],'Utilización Convenios'!$C146,Tabla2[Año],'Utilización Convenios'!E$142,Tabla2[Nivel Nominación],"Postgraduate / Master") -> 0 | G146: =COUNTIFS(Tabla1[Tipo de Movilidad],"Intercambio*",Tabla1[Universidad KPIs],'Utilización Convenios'!$C146,Tabla1[Año de Movilidad],'Utilización Convenios'!G$3,Tabla1[Nivel],"Maestría") -> 0 | H146: =COUNTIFS(Tabla2[Tipo de Movilidad],"Intercambio*",Tabla2[Universidad KPIs],'Utilización Convenios'!$C146,Tabla2[Año],'Utilización Convenios'!G$142,Tabla2[Nivel Nominación],"Postgraduate / Master") -> 0 | I146: =COUNTIFS(Tabla1[Tipo de Movilidad],"Intercambio*",Tabla1[Universidad KPIs],'Utilización Convenios'!$C146,Tabla1[Año de Movilidad],'Utilización Convenios'!I$3,Tabla1[Nivel],"Maestría") -> 0 | J146: =COUNTIFS(Tabla2[Tipo de Movilidad],"Intercambio*",Tabla2[Universidad KPIs],'Utilización Convenios'!$C146,Tabla2[Año],'Utilización Convenios'!I$142,Tabla2[Nivel Nominación],"Postgraduate / Master") -> 0 | K146: =COUNTIFS(Tabla1[Tipo de Movilidad],"Intercambio*",Tabla1[Universidad KPIs],'Utilización Convenios'!$C146,Tabla1[Año de Movilidad],'Utilización Convenios'!K$3,Tabla1[Nivel],"Maestría") -> 0 | L146: =COUNTIFS(Tabla2[Tipo de Movilidad],"Intercambio*",Tabla2[Universidad KPIs],'Utilización Convenios'!$C146,Tabla2[Año],'Utilización Convenios'!K$142,Tabla2[Nivel Nominación],"Postgraduate / Master") -> 0 | M146: =COUNTIFS(Tabla1[Tipo de Movilidad],"Intercambio*",Tabla1[Universidad KPIs],'Utilización Convenios'!$C146,Tabla1[Año de Movilidad],'Utilización Convenios'!M$3,Tabla1[Nivel],"Maestría") -> 0 | N146: =COUNTIFS(Tabla2[Tipo de Movilidad],"Intercambio*",Tabla2[Universidad KPIs],'Utilización Convenios'!$C146,Tabla2[Año],'Utilización Convenios'!M$142,Tabla2[Nivel Nominación],"Postgraduate / Master") -> 0 | O146: =COUNTIFS(Tabla1[Tipo de Movilidad],"Intercambio*",Tabla1[Universidad KPIs],'Utilización Convenios'!$C146,Tabla1[Año de Movilidad],'Utilización Convenios'!O$3,Tabla1[Nivel],"Maestría") -> 0 | P146: =COUNTIFS(Tabla2[Tipo de Movilidad],"Intercambio*",Tabla2[Universidad KPIs],'Utilización Convenios'!$C146,Tabla2[Año],'Utilización Convenios'!O$142,Tabla2[Nivel Nominación],"Postgraduate / Master") -> 0 | Q146: =SUMIF($E$143:$P$143,Q$143,$E146:$P146) -> 0 | R146: =SUMIF($E$143:$P$143,R$143,$E146:$P146) -> 0
C147: Audencia. École de Management | D147: France | E147: =COUNTIFS(Tabla1[Tipo de Movilidad],"Intercambio*",Tabla1[Universidad KPIs],'Utilización Convenios'!$C147,Tabla1[Año de Movilidad],'Utilización Convenios'!E$3,Tabla1[Nivel],"Maestría") -> 0 | F147: =COUNTIFS(Tabla2[Tipo de Movilidad],"Intercambio*",Tabla2[Universidad KPIs],'Utilización Convenios'!$C147,Tabla2[Año],'Utilización Convenios'!E$142,Tabla2[Nivel Nominación],"Postgraduate / Master") -> 0 | G147: =COUNTIFS(Tabla1[Tipo de Movilidad],"Intercambio*",Tabla1[Universidad KPIs],'Utilización Convenios'!$C147,Tabla1[Año de Movilidad],'Utilización Convenios'!G$3,Tabla1[Nivel],"Maestría") -> 0 | H147: =COUNTIFS(Tabla2[Tipo de Movilidad],"Intercambio*",Tabla2[Universidad KPIs],'Utilización Convenios'!$C147,Tabla2[Año],'Utilización Convenios'!G$142,Tabla2[Nivel Nominación],"Postgraduate / Master") -> 1 | I147: =COUNTIFS(Tabla1[Tipo de Movilidad],"Intercambio*",Tabla1[Universidad KPIs],'Utilización Convenios'!$C147,Tabla1[Año de Movilidad],'Utilización Convenios'!I$3,Tabla1[Nivel],"Maestría") -> 0 | J147: =COUNTIFS(Tabla2[Tipo de Movilidad],"Intercambio*",Tabla2[Universidad KPIs],'Utilización Convenios'!$C147,Tabla2[Año],'Utilización Convenios'!I$142,Tabla2[Nivel Nominación],"Postgraduate / Master") -> 1 | K147: =COUNTIFS(Tabla1[Tipo de Movilidad],"Intercambio*",Tabla1[Universidad KPIs],'Utilización Convenios'!$C147,Tabla1[Año de Movilidad],'Utilización Convenios'!K$3,Tabla1[Nivel],"Maestría") -> 0 | L147: =COUNTIFS(Tabla2[Tipo de Movilidad],"Intercambio*",Tabla2[Universidad KPIs],'Utilización Convenios'!$C147,Tabla2[Año],'Utilización Convenios'!K$142,Tabla2[Nivel Nominación],"Postgraduate / Master") -> 0 | M147: =COUNTIFS(Tabla1[Tipo de Movilidad],"Intercambio*",Tabla1[Universidad KPIs],'Utilización Convenios'!$C147,Tabla1[Año de Movilidad],'Utilización Convenios'!M$3,Tabla1[Nivel],"Maestría") -> 0 | N147: =COUNTIFS(Tabla2[Tipo de Movilidad],"Intercambio*",Tabla2[Universidad KPIs],'Utilización Convenios'!$C147,Tabla2[Año],'Utilización Convenios'!M$142,Tabla2[Nivel Nominación],"Postgraduate / Master") -> 0 | O147: =COUNTIFS(Tabla1[Tipo de Movilidad],"Intercambio*",Tabla1[Universidad KPIs],'Utilización Convenios'!$C147,Tabla1[Año de Movilidad],'Utilización Convenios'!O$3,Tabla1[Nivel],"Maestría") -> 0 | P147: =COUNTIFS(Tabla2[Tipo de Movilidad],"Intercambio*",Tabla2[Universidad KPIs],'Utilización Convenios'!$C147,Tabla2[Año],'Utilización Convenios'!O$142,Tabla2[Nivel Nominación],"Postgraduate / Master") -> 1 | Q147: =SUMIF($E$143:$P$143,Q$143,$E147:$P147) -> 0 | R147: =SUMIF($E$143:$P$143,R$143,$E147:$P147) -> 3
C148: BI Norwegian Business School | D148: Norway | E148: =COUNTIFS(Tabla1[Tipo de Movilidad],"Intercambio*",Tabla1[Universidad KPIs],'Utilización Convenios'!$C148,Tabla1[Año de Movilidad],'Utilización Convenios'!E$3,Tabla1[Nivel],"Maestría") -> 0 | F148: =COUNTIFS(Tabla2[Tipo de Movilidad],"Intercambio*",Tabla2[Universidad KPIs],'Utilización Convenios'!$C148,Tabla2[Año],'Utilización Convenios'!E$142,Tabla2[Nivel Nominación],"Postgraduate / Master") -> 0 | G148: =COUNTIFS(Tabla1[Tipo de Movilidad],"Intercambio*",Tabla1[Universidad KPIs],'Utilización Convenios'!$C148,Tabla1[Año de Movilidad],'Utilización Convenios'!G$3,Tabla1[Nivel],"Maestría") -> 0 | H148: =COUNTIFS(Tabla2[Tipo de Movilidad],"Intercambio*",Tabla2[Universidad KPIs],'Utilización Convenios'!$C148,Tabla2[Año],'Utilización Convenios'!G$142,Tabla2[Nivel Nominación],"Postgraduate / Master") -> 0 | I148: =COUNTIFS(Tabla1[Tipo de Movilidad],"Intercambio*",Tabla1[Universidad KPIs],'Utilización Convenios'!$C148,Tabla1[Año de Movilidad],'Utilización Convenios'!I$3,Tabla1[Nivel],"Maestría") -> 0 | J148: =COUNTIFS(Tabla2[Tipo de Movilidad],"Intercambio*",Tabla2[Universidad KPIs],'Utilización Convenios'!$C148,Tabla2[Año],'Utilización Convenios'!I$142,Tabla2[Nivel Nominación],"Postgraduate / Master") -> 0 | K148: =COUNTIFS(Tabla1[Tipo de Movilidad],"Intercambio*",Tabla1[Universidad KPIs],'Utilización Convenios'!$C148,Tabla1[Año de Movilidad],'Utilización Convenios'!K$3,Tabla1[Nivel],"Maestría") -> 0 | L148: =COUNTIFS(Tabla2[Tipo de Movilidad],"Intercambio*",Tabla2[Universidad KPIs],'Utilización Convenios'!$C148,Tabla2[Año],'Utilización Convenios'!K$142,Tabla2[Nivel Nominación],"Postgraduate / Master") -> 0 | M148: =COUNTIFS(Tabla1[Tipo de Movilidad],"Intercambio*",Tabla1[Universidad KPIs],'Utilización Convenios'!$C148,Tabla1[Año de Movilidad],'Utilización Convenios'!M$3,Tabla1[Nivel],"Maestría") -> 0 | N148: =COUNTIFS(Tabla2[Tipo de Movilidad],"Intercambio*",Tabla2[Universidad KPIs],'Utilización Convenios'!$C148,Tabla2[Año],'Utilización Convenios'!M$142,Tabla2[Nivel Nominación],"Postgraduate / Master") -> 0 | O148: =COUNTIFS(Tabla1[Tipo de Movilidad],"Intercambio*",Tabla1[Universidad KPIs],'Utilización Convenios'!$C148,Tabla1[Año de Movilidad],'Utilización Convenios'!O$3,Tabla1[Nivel],"Maestría") -> 0 | P148: =COUNTIFS(Tabla2[Tipo de Movilidad],"Intercambio*",Tabla2[Universidad KPIs],'Utilización Convenios'!$C148,Tabla2[Año],'Utilización Convenios'!O$142,Tabla2[Nivel Nominación],"Postgraduate / Master") -> 0 | Q148: =SUMIF($E$143:$P$143,Q$143,$E148:$P148) -> 0 | R148: =SUMIF($E$143:$P$143,R$143,$E148:$P148) -> 0
C149: Catolica Lisbon Business & Economics. Universidade Católica Portuguesa | D149: Portugal | E149: =COUNTIFS(Tabla1[Tipo de Movilidad],"Intercambio*",Tabla1[Universidad KPIs],'Utilización Convenios'!$C149,Tabla1[Año de Movilidad],'Utilización Convenios'!E$3,Tabla1[Nivel],"Maestría") -> 0 | F149: =COUNTIFS(Tabla2[Tipo de Movilidad],"Intercambio*",Tabla2[Universidad KPIs],'Utilización Convenios'!$C149,Tabla2[Año],'Utilización Convenios'!E$142,Tabla2[Nivel Nominación],"Postgraduate / Master") -> 0 | G149: =COUNTIFS(Tabla1[Tipo de Movilidad],"Intercambio*",Tabla1[Universidad KPIs],'Utilización Convenios'!$C149,Tabla1[Año de Movilidad],'Utilización Convenios'!G$3,Tabla1[Nivel],"Maestría") -> 0 | H149: =COUNTIFS(Tabla2[Tipo de Movilidad],"Intercambio*",Tabla2[Universidad KPIs],'Utilización Convenios'!$C149,Tabla2[Año],'Utilización Convenios'!G$142,Tabla2[Nivel Nominación],"Postgraduate / Master") -> 0 | I149: =COUNTIFS(Tabla1[Tipo de Movilidad],"Intercambio*",Tabla1[Universidad KPIs],'Utilización Convenios'!$C149,Tabla1[Año de Movilidad],'Utilización Convenios'!I$3,Tabla1[Nivel],"Maestría") -> 0 | J149: =COUNTIFS(Tabla2[Tipo de Movilidad],"Intercambio*",Tabla2[Universidad KPIs],'Utilización Convenios'!$C149,Tabla2[Año],'Utilización Convenios'!I$142,Tabla2[Nivel Nominación],"Postgraduate / Master") -> 0 | K149: =COUNTIFS(Tabla1[Tipo de Movilidad],"Intercambio*",Tabla1[Universidad KPIs],'Utilización Convenios'!$C149,Tabla1[Año de Movilidad],'Utilización Convenios'!K$3,Tabla1[Nivel],"Maestría") -> 0 | L149: =COUNTIFS(Tabla2[Tipo de Movilidad],"Intercambio*",Tabla2[Universidad KPIs],'Utilización Convenios'!$C149,Tabla2[Año],'Utilización Convenios'!K$142,Tabla2[Nivel Nominación],"Postgraduate / Master") -> 0 | M149: =COUNTIFS(Tabla1[Tipo de Movilidad],"Intercambio*",Tabla1[Universidad KPIs],'Utilización Convenios'!$C149,Tabla1[Año de Movilidad],'Utilización Convenios'!M$3,Tabla1[Nivel],"Maestría") -> 0 | N149: =COUNTIFS(Tabla2[Tipo de Movilidad],"Intercambio*",Tabla2[Universidad KPIs],'Utilización Convenios'!$C149,Tabla2[Año],'Utilización Convenios'!M$142,Tabla2[Nivel Nominación],"Postgraduate / Master") -> 0 | O149: =COUNTIFS(Tabla1[Tipo de Movilidad],"Intercambio*",Tabla1[Universidad KPIs],'Utilización Convenios'!$C149,Tabla1[Año de Movilidad],'Utilización Convenios'!O$3,Tabla1[Nivel],"Maestría") -> 0 | P149: =COUNTIFS(Tabla2[Tipo de Movilidad],"Intercambio*",Tabla2[Universidad KPIs],'Utilización Convenios'!$C149,Tabla2[Año],'Utilización Convenios'!O$142,Tabla2[Nivel Nominación],"Postgraduate / Master") -> 0 | Q149: =SUMIF($E$143:$P$143,Q$143,$E149:$P149) -> 0 | R149: =SUMIF($E$143:$P$143,R$143,$E149:$P149) -> 0
C150: CBS- Copenhagen Business School | D150: Denmark | E150: =COUNTIFS(Tabla1[Tipo de Movilidad],"Intercambio*",Tabla1[Universidad KPIs],'Utilización Convenios'!$C150,Tabla1[Año de Movilidad],'Utilización Convenios'!E$3,Tabla1[Nivel],"Maestría") -> 0 | F150: =COUNTIFS(Tabla2[Tipo de Movilidad],"Intercambio*",Tabla2[Universidad KPIs],'Utilización Convenios'!$C150,Tabla2[Año],'Utilización Convenios'!E$142,Tabla2[Nivel Nominación],"Postgraduate / Master") -> 0 | G150: =COUNTIFS(Tabla1[Tipo de Movilidad],"Intercambio*",Tabla1[Universidad KPIs],'Utilización Convenios'!$C150,Tabla1[Año de Movilidad],'Utilización Convenios'!G$3,Tabla1[Nivel],"Maestría") -> 0 | H150: =COUNTIFS(Tabla2[Tipo de Movilidad],"Intercambio*",Tabla2[Universidad KPIs],'Utilización Convenios'!$C150,Tabla2[Año],'Utilización Convenios'!G$142,Tabla2[Nivel Nominación],"Postgraduate / Master") -> 0 | I150: =COUNTIFS(Tabla1[Tipo de Movilidad],"Intercambio*",Tabla1[Universidad KPIs],'Utilización Convenios'!$C150,Tabla1[Año de Movilidad],'Utilización Convenios'!I$3,Tabla1[Nivel],"Maestría") -> 0 | J150: =COUNTIFS(Tabla2[Tipo de Movilidad],"Intercambio*",Tabla2[Universidad KPIs],'Utilización Convenios'!$C150,Tabla2[Año],'Utilización Convenios'!I$142,Tabla2[Nivel Nominación],"Postgraduate / Master") -> 0 | K150: =COUNTIFS(Tabla1[Tipo de Movilidad],"Intercambio*",Tabla1[Universidad KPIs],'Utilización Convenios'!$C150,Tabla1[Año de Movilidad],'Utilización Convenios'!K$3,Tabla1[Nivel],"Maestría") -> 0 | L150: =COUNTIFS(Tabla2[Tipo de Movilidad],"Intercambio*",Tabla2[Universidad KPIs],'Utilización Convenios'!$C150,Tabla2[Año],'Utilización Convenios'!K$142,Tabla2[Nivel Nominación],"Postgraduate / Master") -> 1 | M150: =COUNTIFS(Tabla1[Tipo de Movilidad],"Intercambio*",Tabla1[Universidad KPIs],'Utilización Convenios'!$C150,Tabla1[Año de Movilidad],'Utilización Convenios'!M$3,Tabla1[Nivel],"Maestría") -> 0 | N150: =COUNTIFS(Tabla2[Tipo de Movilidad],"Intercambio*",Tabla2[Universidad KPIs],'Utilización Convenios'!$C150,Tabla2[Año],'Utilización Convenios'!M$142,Tabla2[Nivel Nominación],"Postgraduate / Master") -> 0 | O150: =COUNTIFS(Tabla1[Tipo de Movilidad],"Intercambio*",Tabla1[Universidad KPIs],'Utilización Convenios'!$C150,Tabla1[Año de Movilidad],'Utilización Convenios'!O$3,Tabla1[Nivel],"Maestría") -> 0 | P150: =COUNTIFS(Tabla2[Tipo de Movilidad],"Intercambio*",Tabla2[Universidad KPIs],'Utilización Convenios'!$C150,Tabla2[Año],'Utilización Convenios'!O$142,Tabla2[Nivel Nominación],"Postgraduate / Master") -> 0 | Q150: =SUMIF($E$143:$P$143,Q$143,$E150:$P150) -> 0 | R150: =SUMIF($E$143:$P$143,R$143,$E150:$P150) -> 1
C151: City University of Hong Kong | D151: China | E151: =COUNTIFS(Tabla1[Tipo de Movilidad],"Intercambio*",Tabla1[Universidad KPIs],'Utilización Convenios'!$C151,Tabla1[Año de Movilidad],'Utilización Convenios'!E$3,Tabla1[Nivel],"Maestría") -> 0 | F151: =COUNTIFS(Tabla2[Tipo de Movilidad],"Intercambio*",Tabla2[Universidad KPIs],'Utilización Convenios'!$C151,Tabla2[Año],'Utilización Convenios'!E$142,Tabla2[Nivel Nominación],"Postgraduate / Master") -> 0 | G151: =COUNTIFS(Tabla1[Tipo de Movilidad],"Intercambio*",Tabla1[Universidad KPIs],'Utilización Convenios'!$C151,Tabla1[Año de Movilidad],'Utilización Convenios'!G$3,Tabla1[Nivel],"Maestría") -> 0 | H151: =COUNTIFS(Tabla2[Tipo de Movilidad],"Intercambio*",Tabla2[Universidad KPIs],'Utilización Convenios'!$C151,Tabla2[Año],'Utilización Convenios'!G$142,Tabla2[Nivel Nominación],"Postgraduate / Master") -> 0 | I151: =COUNTIFS(Tabla1[Tipo de Movilidad],"Intercambio*",Tabla1[Universidad KPIs],'Utilización Convenios'!$C151,Tabla1[Año de Movilidad],'Utilización Convenios'!I$3,Tabla1[Nivel],"Maestría") -> 0 | J151: =COUNTIFS(Tabla2[Tipo de Movilidad],"Intercambio*",Tabla2[Universidad KPIs],'Utilización Convenios'!$C151,Tabla2[Año],'Utilización Convenios'!I$142,Tabla2[Nivel Nominación],"Postgraduate / Master") -> 0 | K151: =COUNTIFS(Tabla1[Tipo de Movilidad],"Intercambio*",Tabla1[Universidad KPIs],'Utilización Convenios'!$C151,Tabla1[Año de Movilidad],'Utilización Convenios'!K$3,Tabla1[Nivel],"Maestría") -> 0 | L151: =COUNTIFS(Tabla2[Tipo de Movilidad],"Intercambio*",Tabla2[Universidad KPIs],'Utilización Convenios'!$C151,Tabla2[Año],'Utilización Convenios'!K$142,Tabla2[Nivel Nominación],"Postgraduate / Master") -> 0 | M151: =COUNTIFS(Tabla1[Tipo de Movilidad],"Intercambio*",Tabla1[Universidad KPIs],'Utilización Convenios'!$C151,Tabla1[Año de Movilidad],'Utilización Convenios'!M$3,Tabla1[Nivel],"Maestría") -> 0 | N151: =COUNTIFS(Tabla2[Tipo de Movilidad],"Intercambio*",Tabla2[Universidad KPIs],'Utilización Convenios'!$C151,Tabla2[Año],'Utilización Convenios'!M$142,Tabla2[Nivel Nominación],"Postgraduate / Master") -> 0 | O151: =COUNTIFS(Tabla1[Tipo de Movilidad],"Intercambio*",Tabla1[Universidad KPIs],'Utilización Convenios'!$C151,Tabla1[Año de Movilidad],'Utilización Convenios'!O$3,Tabla1[Nivel],"Maestría") -> 0 | P151: =COUNTIFS(Tabla2[Tipo de Movilidad],"Intercambio*",Tabla2[Universidad KPIs],'Utilización Convenios'!$C151,Tabla2[Año],'Utilización Convenios'!O$142,Tabla2[Nivel Nominación],"Postgraduate / Master") -> 0 | Q151: =SUMIF($E$143:$P$143,Q$143,$E151:$P151) -> 0 | R151: =SUMIF($E$143:$P$143,R$143,$E151:$P151) -> 0
C152: EDHEC Business School | D152: France | E152: =COUNTIFS(Tabla1[Tipo de Movilidad],"Intercambio*",Tabla1[Universidad KPIs],'Utilización Convenios'!$C152,Tabla1[Año de Movilidad],'Utilización Convenios'!E$3,Tabla1[Nivel],"Maestría") -> 0 | F152: =COUNTIFS(Tabla2[Tipo de Movilidad],"Intercambio*",Tabla2[Universidad KPIs],'Utilización Convenios'!$C152,Tabla2[Año],'Utilización Convenios'!E$142,Tabla2[Nivel Nominación],"Postgraduate / Master") -> 0 | G152: =COUNTIFS(Tabla1[Tipo de Movilidad],"Intercambio*",Tabla1[Universidad KPIs],'Utilización Convenios'!$C152,Tabla1[Año de Movilidad],'Utilización Convenios'!G$3,Tabla1[Nivel],"Maestría") -> 0 | H152: =COUNTIFS(Tabla2[Tipo de Movilidad],"Intercambio*",Tabla2[Universidad KPIs],'Utilización Convenios'!$C152,Tabla2[Año],'Utilización Convenios'!G$142,Tabla2[Nivel Nominación],"Postgraduate / Master") -> 0 | I152: =COUNTIFS(Tabla1[Tipo de Movilidad],"Intercambio*",Tabla1[Universidad KPIs],'Utilización Convenios'!$C152,Tabla1[Año de Movilidad],'Utilización Convenios'!I$3,Tabla1[Nivel],"Maestría") -> 0 | J152: =COUNTIFS(Tabla2[Tipo de Movilidad],"Intercambio*",Tabla2[Universidad KPIs],'Utilización Convenios'!$C152,Tabla2[Año],'Utilización Convenios'!I$142,Tabla2[Nivel Nominación],"Postgraduate / Master") -> 0 | K152: =COUNTIFS(Tabla1[Tipo de Movilidad],"Intercambio*",Tabla1[Universidad KPIs],'Utilización Convenios'!$C152,Tabla1[Año de Movilidad],'Utilización Convenios'!K$3,Tabla1[Nivel],"Maestría") -> 0 | L152: =COUNTIFS(Tabla2[Tipo de Movilidad],"Intercambio*",Tabla2[Universidad KPIs],'Utilización Convenios'!$C152,Tabla2[Año],'Utilización Convenios'!K$142,Tabla2[Nivel Nominación],"Postgraduate / Master") -> 0 | M152: =COUNTIFS(Tabla1[Tipo de Movilidad],"Intercambio*",Tabla1[Universidad KPIs],'Utilización Convenios'!$C152,Tabla1[Año de Movilidad],'Utilización Convenios'!M$3,Tabla1[Nivel],"Maestría") -> 0 | N152: =COUNTIFS(Tabla2[Tipo de Movilidad],"Intercambio*",Tabla2[Universidad KPIs],'Utilización Convenios'!$C152,Tabla2[Año],'Utilización Convenios'!M$142,Tabla2[Nivel Nominación],"Postgraduate / Master") -> 0 | O152: =COUNTIFS(Tabla1[Tipo de Movilidad],"Intercambio*",Tabla1[Universidad KPIs],'Utilización Convenios'!$C152,Tabla1[Año de Movilidad],'Utilización Convenios'!O$3,Tabla1[Nivel],"Maestría") -> 0 | P152: =COUNTIFS(Tabla2[Tipo de Movilidad],"Intercambio*",Tabla2[Universidad KPIs],'Utilización Convenios'!$C152,Tabla2[Año],'Utilización Convenios'!O$142,Tabla2[Nivel Nominación],"Postgraduate / Master") -> 0 | Q152: =SUMIF($E$143:$P$143,Q$143,$E152:$P152) -> 0 | R152: =SUMIF($E$143:$P$143,R$143,$E152:$P152) -> 0
C153: EM Strasbourg | D153: France | E153: =COUNTIFS(Tabla1[Tipo de Movilidad],"Intercambio*",Tabla1[Universidad KPIs],'Utilización Convenios'!$C153,Tabla1[Año de Movilidad],'Utilización Convenios'!E$3,Tabla1[Nivel],"Maestría") -> 0 | F153: =COUNTIFS(Tabla2[Tipo de Movilidad],"Intercambio*",Tabla2[Universidad KPIs],'Utilización Convenios'!$C153,Tabla2[Año],'Utilización Convenios'!E$142,Tabla2[Nivel Nominación],"Postgraduate / Master") -> 0 | G153: =COUNTIFS(Tabla1[Tipo de Movilidad],"Intercambio*",Tabla1[Universidad KPIs],'Utilización Convenios'!$C153,Tabla1[Año de Movilidad],'Utilización Convenios'!G$3,Tabla1[Nivel],"Maestría") -> 0 | H153: =COUNTIFS(Tabla2[Tipo de Movilidad],"Intercambio*",Tabla2[Universidad KPIs],'Utilización Convenios'!$C153,Tabla2[Año],'Utilización Convenios'!G$142,Tabla2[Nivel Nominación],"Postgraduate / Master") -> 0 | I153: =COUNTIFS(Tabla1[Tipo de Movilidad],"Intercambio*",Tabla1[Universidad KPIs],'Utilización Convenios'!$C153,Tabla1[Año de Movilidad],'Utilización Convenios'!I$3,Tabla1[Nivel],"Maestría") -> 0 | J153: =COUNTIFS(Tabla2[Tipo de Movilidad],"Intercambio*",Tabla2[Universidad KPIs],'Utilización Convenios'!$C153,Tabla2[Año],'Utilización Convenios'!I$142,Tabla2[Nivel Nominación],"Postgraduate / Master") -> 1 | K153: =COUNTIFS(Tabla1[Tipo de Movilidad],"Intercambio*",Tabla1[Universidad KPIs],'Utilización Convenios'!$C153,Tabla1[Año de Movilidad],'Utilización Convenios'!K$3,Tabla1[Nivel],"Maestría") -> 0 | L153: =COUNTIFS(Tabla2[Tipo de Movilidad],"Intercambio*",Tabla2[Universidad KPIs],'Utilización Convenios'!$C153,Tabla2[Año],'Utilización Convenios'!K$142,Tabla2[Nivel Nominación],"Postgraduate / Master") -> 0 | M153: =COUNTIFS(Tabla1[Tipo de Movilidad],"Intercambio*",Tabla1[Universidad KPIs],'Utilización Convenios'!$C153,Tabla1[Año de Movilidad],'Utilización Convenios'!M$3,Tabla1[Nivel],"Maestría") -> 0 | N153: =COUNTIFS(Tabla2[Tipo de Movilidad],"Intercambio*",Tabla2[Universidad KPIs],'Utilización Convenios'!$C153,Tabla2[Año],'Utilización Convenios'!M$142,Tabla2[Nivel Nominación],"Postgraduate / Master") -> 0 | O153: =COUNTIFS(Tabla1[Tipo de Movilidad],"Intercambio*",Tabla1[Universidad KPIs],'Utilización Convenios'!$C153,Tabla1[Año de Movilidad],'Utilización Convenios'!O$3,Tabla1[Nivel],"Maestría") -> 0 | P153: =COUNTIFS(Tabla2[Tipo de Movilidad],"Intercambio*",Tabla2[Universidad KPIs],'Utilización Convenios'!$C153,Tabla2[Año],'Utilización Convenios'!O$142,Tabla2[Nivel Nominación],"Postgraduate / Master") -> 0 | Q153: =SUMIF($E$143:$P$143,Q$143,$E153:$P153) -> 0 | R153: =SUMIF($E$143:$P$143,R$143,$E153:$P153) -> 1
C154: ESADE | D154: Spain | E154: =COUNTIFS(Tabla1[Tipo de Movilidad],"Intercambio*",Tabla1[Universidad KPIs],'Utilización Convenios'!$C154,Tabla1[Año de Movilidad],'Utilización Convenios'!E$3,Tabla1[Nivel],"Maestría") -> 0 | F154: =COUNTIFS(Tabla2[Tipo de Movilidad],"Intercambio*",Tabla2[Universidad KPIs],'Utilización Convenios'!$C154,Tabla2[Año],'Utilización Convenios'!E$142,Tabla2[Nivel Nominación],"Postgraduate / Master") -> 0 | G154: =COUNTIFS(Tabla1[Tipo de Movilidad],"Intercambio*",Tabla1[Universidad KPIs],'Utilización Convenios'!$C154,Tabla1[Año de Movilidad],'Utilización Convenios'!G$3,Tabla1[Nivel],"Maestría") -> 0 | H154: =COUNTIFS(Tabla2[Tipo de Movilidad],"Intercambio*",Tabla2[Universidad KPIs],'Utilización Convenios'!$C154,Tabla2[Año],'Utilización Convenios'!G$142,Tabla2[Nivel Nominación],"Postgraduate / Master") -> 0 | I154: =COUNTIFS(Tabla1[Tipo de Movilidad],"Intercambio*",Tabla1[Universidad KPIs],'Utilización Convenios'!$C154,Tabla1[Año de Movilidad],'Utilización Convenios'!I$3,Tabla1[Nivel],"Maestría") -> 0 | J154: =COUNTIFS(Tabla2[Tipo de Movilidad],"Intercambio*",Tabla2[Universidad KPIs],'Utilización Convenios'!$C154,Tabla2[Año],'Utilización Convenios'!I$142,Tabla2[Nivel Nominación],"Postgraduate / Master") -> 0 | K154: =COUNTIFS(Tabla1[Tipo de Movilidad],"Intercambio*",Tabla1[Universidad KPIs],'Utilización Convenios'!$C154,Tabla1[Año de Movilidad],'Utilización Convenios'!K$3,Tabla1[Nivel],"Maestría") -> 0 | L154: =COUNTIFS(Tabla2[Tipo de Movilidad],"Intercambio*",Tabla2[Universidad KPIs],'Utilización Convenios'!$C154,Tabla2[Año],'Utilización Convenios'!K$142,Tabla2[Nivel Nominación],"Postgraduate / Master") -> 1 | M154: =COUNTIFS(Tabla1[Tipo de Movilidad],"Intercambio*",Tabla1[Universidad KPIs],'Utilización Convenios'!$C154,Tabla1[Año de Movilidad],'Utilización Convenios'!M$3,Tabla1[Nivel],"Maestría") -> 0 | N154: =COUNTIFS(Tabla2[Tipo de Movilidad],"Intercambio*",Tabla2[Universidad KPIs],'Utilización Convenios'!$C154,Tabla2[Año],'Utilización Convenios'!M$142,Tabla2[Nivel Nominación],"Postgraduate / Master") -> 0 | O154: =COUNTIFS(Tabla1[Tipo de Movilidad],"Intercambio*",Tabla1[Universidad KPIs],'Utilización Convenios'!$C154,Tabla1[Año de Movilidad],'Utilización Convenios'!O$3,Tabla1[Nivel],"Maestría") -> 0 | P154: =COUNTIFS(Tabla2[Tipo de Movilidad],"Intercambio*",Tabla2[Universidad KPIs],'Utilización Convenios'!$C154,Tabla2[Año],'Utilización Convenios'!O$142,Tabla2[Nivel Nominación],"Postgraduate / Master") -> 0 | Q154: =SUMIF($E$143:$P$143,Q$143,$E154:$P154) -> 0 | R154: =SUMIF($E$143:$P$143,R$143,$E154:$P154) -> 1
C155: ESC Rouen (NEOMA) | D155: France | E155: =COUNTIFS(Tabla1[Tipo de Movilidad],"Intercambio*",Tabla1[Universidad KPIs],'Utilización Convenios'!$C155,Tabla1[Año de Movilidad],'Utilización Convenios'!E$3,Tabla1[Nivel],"Maestría") -> 0 | F155: =COUNTIFS(Tabla2[Tipo de Movilidad],"Intercambio*",Tabla2[Universidad KPIs],'Utilización Convenios'!$C155,Tabla2[Año],'Utilización Convenios'!E$142,Tabla2[Nivel Nominación],"Postgraduate / Master") -> 2 | G155: =COUNTIFS(Tabla1[Tipo de Movilidad],"Intercambio*",Tabla1[Universidad KPIs],'Utilización Convenios'!$C155,Tabla1[Año de Movilidad],'Utilización Convenios'!G$3,Tabla1[Nivel],"Maestría") -> 0 | H155: =COUNTIFS(Tabla2[Tipo de Movilidad],"Intercambio*",Tabla2[Universidad KPIs],'Utilización Convenios'!$C155,Tabla2[Año],'Utilización Convenios'!G$142,Tabla2[Nivel Nominación],"Postgraduate / Master") -> 4 | I155: =COUNTIFS(Tabla1[Tipo de Movilidad],"Intercambio*",Tabla1[Universidad KPIs],'Utilización Convenios'!$C155,Tabla1[Año de Movilidad],'Utilización Convenios'!I$3,Tabla1[Nivel],"Maestría") -> 0 | J155: =COUNTIFS(Tabla2[Tipo de Movilidad],"Intercambio*",Tabla2[Universidad KPIs],'Utilización Convenios'!$C155,Tabla2[Año],'Utilización Convenios'!I$142,Tabla2[Nivel Nominación],"Postgraduate / Master") -> 3 | K155: =COUNTIFS(Tabla1[Tipo de Movilidad],"Intercambio*",Tabla1[Universidad KPIs],'Utilización Convenios'!$C155,Tabla1[Año de Movilidad],'Utilización Convenios'!K$3,Tabla1[Nivel],"Maestría") -> 0 | L155: =COUNTIFS(Tabla2[Tipo de Movilidad],"Intercambio*",Tabla2[Universidad KPIs],'Utilización Convenios'!$C155,Tabla2[Año],'Utilización Convenios'!K$142,Tabla2[Nivel Nominación],"Postgraduate / Master") -> 2 | M155: =COUNTIFS(Tabla1[Tipo de Movilidad],"Intercambio*",Tabla1[Universidad KPIs],'Utilización Convenios'!$C155,Tabla1[Año de Movilidad],'Utilización Convenios'!M$3,Tabla1[Nivel],"Maestría") -> 0 | N155: =COUNTIFS(Tabla2[Tipo de Movilidad],"Intercambio*",Tabla2[Universidad KPIs],'Utilización Convenios'!$C155,Tabla2[Año],'Utilización Convenios'!M$142,Tabla2[Nivel Nominación],"Postgraduate / Master") -> 2 | O155: =COUNTIFS(Tabla1[Tipo de Movilidad],"Intercambio*",Tabla1[Universidad KPIs],'Utilización Convenios'!$C155,Tabla1[Año de Movilidad],'Utilización Convenios'!O$3,Tabla1[Nivel],"Maestría") -> 0 | P155: =COUNTIFS(Tabla2[Tipo de Movilidad],"Intercambio*",Tabla2[Universidad KPIs],'Utilización Convenios'!$C155,Tabla2[Año],'Utilización Convenios'!O$142,Tabla2[Nivel Nominación],"Postgraduate / Master") -> 0 | Q155: =SUMIF($E$143:$P$143,Q$143,$E155:$P155) -> 0 | R155: =SUMIF($E$143:$P$143,R$143,$E155:$P155) -> 13
C156: ESCP | D156: France | E156: =COUNTIFS(Tabla1[Tipo de Movilidad],"Intercambio*",Tabla1[Universidad KPIs],'Utilización Convenios'!$C156,Tabla1[Año de Movilidad],'Utilización Convenios'!E$3,Tabla1[Nivel],"Maestría") -> 0 | F156: =COUNTIFS(Tabla2[Tipo de Movilidad],"Intercambio*",Tabla2[Universidad KPIs],'Utilización Convenios'!$C156,Tabla2[Año],'Utilización Convenios'!E$142,Tabla2[Nivel Nominación],"Postgraduate / Master") -> 0 | G156: =COUNTIFS(Tabla1[Tipo de Movilidad],"Intercambio*",Tabla1[Universidad KPIs],'Utilización Convenios'!$C156,Tabla1[Año de Movilidad],'Utilización Convenios'!G$3,Tabla1[Nivel],"Maestría") -> 0 | H156: =COUNTIFS(Tabla2[Tipo de Movilidad],"Intercambio*",Tabla2[Universidad KPIs],'Utilización Convenios'!$C156,Tabla2[Año],'Utilización Convenios'!G$142,Tabla2[Nivel Nominación],"Postgraduate / Master") -> 1 | I156: =COUNTIFS(Tabla1[Tipo de Movilidad],"Intercambio*",Tabla1[Universidad KPIs],'Utilización Convenios'!$C156,Tabla1[Año de Movilidad],'Utilización Convenios'!I$3,Tabla1[Nivel],"Maestría") -> 0 | J156: =COUNTIFS(Tabla2[Tipo de Movilidad],"Intercambio*",Tabla2[Universidad KPIs],'Utilización Convenios'!$C156,Tabla2[Año],'Utilización Convenios'!I$142,Tabla2[Nivel Nominación],"Postgraduate / Master") -> 3 | K156: =COUNTIFS(Tabla1[Tipo de Movilidad],"Intercambio*",Tabla1[Universidad KPIs],'Utilización Convenios'!$C156,Tabla1[Año de Movilidad],'Utilización Convenios'!K$3,Tabla1[Nivel],"Maestría") -> 0 | L156: =COUNTIFS(Tabla2[Tipo de Movilidad],"Intercambio*",Tabla2[Universidad KPIs],'Utilización Convenios'!$C156,Tabla2[Año],'Utilización Convenios'!K$142,Tabla2[Nivel Nominación],"Postgraduate / Master") -> 3 | M156: =COUNTIFS(Tabla1[Tipo de Movilidad],"Intercambio*",Tabla1[Universidad KPIs],'Utilización Convenios'!$C156,Tabla1[Año de Movilidad],'Utilización Convenios'!M$3,Tabla1[Nivel],"Maestría") -> 0 | N156: =COUNTIFS(Tabla2[Tipo de Movilidad],"Intercambio*",Tabla2[Universidad KPIs],'Utilización Convenios'!$C156,Tabla2[Año],'Utilización Convenios'!M$142,Tabla2[Nivel Nominación],"Postgraduate / Master") -> 3 | O156: =COUNTIFS(Tabla1[Tipo de Movilidad],"Intercambio*",Tabla1[Universidad KPIs],'Utilización Convenios'!$C156,Tabla1[Año de Movilidad],'Utilización Convenios'!O$3,Tabla1[Nivel],"Maestría") -> 0 | P156: =COUNTIFS(Tabla2[Tipo de Movilidad],"Intercambio*",Tabla2[Universidad KPIs],'Utilización Convenios'!$C156,Tabla2[Año],'Utilización Convenios'!O$142,Tabla2[Nivel Nominación],"Postgraduate / Master") -> 4 | Q156: =SUMIF($E$143:$P$143,Q$143,$E156:$P156) -> 0 | R156: =SUMIF($E$143:$P$143,R$143,$E156:$P156) -> 14
... C167: ITAM - Instituto Tecnológico Autónomo de México | D167: Mexico | E167: =COUNTIFS(Tabla1[Tipo de Movilidad],"Intercambio*",Tabla1[Universidad KPIs],'Utilización Convenios'!$C167,Tabla1[Año de Movilidad],'Utilización Convenios'!E$3,Tabla1[Nivel],"Maestría") -> 0 | F167: =COUNTIFS(Tabla2[Tipo de Movilidad],"Intercambio*",Tabla2[Universidad KPIs],'Utilización Convenios'!$C167,Tabla2[Año],'Utilización Convenios'!E$142,Tabla2[Nivel Nominación],"Postgraduate / Master") -> 0 | G167: =COUNTIFS(Tabla1[Tipo de Movilidad],"Intercambio*",Tabla1[Universidad KPIs],'Utilización Convenios'!$C167,Tabla1[Año de Movilidad],'Utilización Convenios'!G$3,Tabla1[Nivel],"Maestría") -> 0 | H167: =COUNTIFS(Tabla2[Tipo de Movilidad],"Intercambio*",Tabla2[Universidad KPIs],'Utilización Convenios'!$C167,Tabla2[Año],'Utilización Convenios'!G$142,Tabla2[Nivel Nominación],"Postgraduate / Master") -> 0 | I167: =COUNTIFS(Tabla1[Tipo de Movilidad],"Intercambio*",Tabla1[Universidad KPIs],'Utilización Convenios'!$C167,Tabla1[Año de Movilidad],'Utilización Convenios'!I$3,Tabla1[Nivel],"Maestría") -> 0 | J167: =COUNTIFS(Tabla2[Tipo de Movilidad],"Intercambio*",Tabla2[Universidad KPIs],'Utilización Convenios'!$C167,Tabla2[Año],'Utilización Convenios'!I$142,Tabla2[Nivel Nominación],"Postgraduate / Master") -> 0 | K167: =COUNTIFS(Tabla1[Tipo de Movilidad],"Intercambio*",Tabla1[Universidad KPIs],'Utilización Convenios'!$C167,Tabla1[Año de Movilidad],'Utilización Convenios'!K$3,Tabla1[Nivel],"Maestría") -> 0 | L167: =COUNTIFS(Tabla2[Tipo de Movilidad],"Intercambio*",Tabla2[Universidad KPIs],'Utilización Convenios'!$C167,Tabla2[Año],'Utilización Convenios'!K$142,Tabla2[Nivel Nominación],"Postgraduate / Master") -> 0 | M167: =COUNTIFS(Tabla1[Tipo de Movilidad],"Intercambio*",Tabla1[Universidad KPIs],'Utilización Convenios'!$C167,Tabla1[Año de Movilidad],'Utilización Convenios'!M$3,Tabla1[Nivel],"Maestría") -> 0 | N167: =COUNTIFS(Tabla2[Tipo de Movilidad],"Intercambio*",Tabla2[Universidad KPIs],'Utilización Convenios'!$C167,Tabla2[Año],'Utilización Convenios'!M$142,Tabla2[Nivel Nominación],"Postgraduate / Master") -> 0 | O167: =COUNTIFS(Tabla1[Tipo de Movilidad],"Intercambio*",Tabla1[Universidad KPIs],'Utilización Convenios'!$C167,Tabla1[Año de Movilidad],'Utilización Convenios'!O$3,Tabla1[Nivel],"Maestría") -> 0 | P167: =COUNTIFS(Tabla2[Tipo de Movilidad],"Intercambio*",Tabla2[Universidad KPIs],'Utilización Convenios'!$C167,Tabla2[Año],'Utilización Convenios'!O$142,Tabla2[Nivel Nominación],"Postgraduate / Master") -> 0 | Q167: =SUMIF($E$143:$P$143,Q$143,$E167:$P167) -> 0 | R167: =SUMIF($E$143:$P$143,R$143,$E167:$P167) -> 0
C168: ITESM-EGADE -Instituto tecnológico y de estudios superiores de Monterrey | D168: Mexico | E168: =COUNTIFS(Tabla1[Tipo de Movilidad],"Intercambio*",Tabla1[Universidad KPIs],'Utilización Convenios'!$C168,Tabla1[Año de Movilidad],'Utilización Convenios'!E$3,Tabla1[Nivel],"Maestría") -> 0 | F168: =COUNTIFS(Tabla2[Tipo de Movilidad],"Intercambio*",Tabla2[Universidad KPIs],'Utilización Convenios'!$C168,Tabla2[Año],'Utilización Convenios'!E$142,Tabla2[Nivel Nominación],"Postgraduate / Master") -> 0 | G168: =COUNTIFS(Tabla1[Tipo de Movilidad],"Intercambio*",Tabla1[Universidad KPIs],'Utilización Convenios'!$C168,Tabla1[Año de Movilidad],'Utilización Convenios'!G$3,Tabla1[Nivel],"Maestría") -> 0 | H168: =COUNTIFS(Tabla2[Tipo de Movilidad],"Intercambio*",Tabla2[Universidad KPIs],'Utilización Convenios'!$C168,Tabla2[Año],'Utilización Convenios'!G$142,Tabla2[Nivel Nominación],"Postgraduate / Master") -> 0 | I168: =COUNTIFS(Tabla1[Tipo de Movilidad],"Intercambio*",Tabla1[Universidad KPIs],'Utilización Convenios'!$C168,Tabla1[Año de Movilidad],'Utilización Convenios'!I$3,Tabla1[Nivel],"Maestría") -> 0 | J168: =COUNTIFS(Tabla2[Tipo de Movilidad],"Intercambio*",Tabla2[Universidad KPIs],'Utilización Convenios'!$C168,Tabla2[Año],'Utilización Convenios'!I$142,Tabla2[Nivel Nominación],"Postgraduate / Master") -> 0 | K168: =COUNTIFS(Tabla1[Tipo de Movilidad],"Intercambio*",Tabla1[Universidad KPIs],'Utilización Convenios'!$C168,Tabla1[Año de Movilidad],'Utilización Convenios'!K$3,Tabla1[Nivel],"Maestría") -> 0 | L168: =COUNTIFS(Tabla2[Tipo de Movilidad],"Intercambio*",Tabla2[Universidad KPIs],'Utilización Convenios'!$C168,Tabla2[Año],'Utilización Convenios'!K$142,Tabla2[Nivel Nominación],"Postgraduate / Master") -> 0 | M168: =COUNTIFS(Tabla1[Tipo de Movilidad],"Intercambio*",Tabla1[Universidad KPIs],'Utilización Convenios'!$C168,Tabla1[Año de Movilidad],'Utilización Convenios'!M$3,Tabla1[Nivel],"Maestría")+1 -> 1 | N168: =COUNTIFS(Tabla2[Tipo de Movilidad],"Intercambio*",Tabla2[Universidad KPIs],'Utilización Convenios'!$C168,Tabla2[Año],'Utilización Convenios'!M$142,Tabla2[Nivel Nominación],"Postgraduate / Master") -> 0 | O168: =COUNTIFS(Tabla1[Tipo de Movilidad],"Intercambio*",Tabla1[Universidad KPIs],'Utilización Convenios'!$C168,Tabla1[Año de Movilidad],'Utilización Convenios'!O$3,Tabla1[Nivel],"Maestría") -> 0 | P168: =COUNTIFS(Tabla2[Tipo de Movilidad],"Intercambio*",Tabla2[Universidad KPIs],'Utilización Convenios'!$C168,Tabla2[Año],'Utilización Convenios'!O$142,Tabla2[Nivel Nominación],"Postgraduate / Master") -> 0 | Q168: =SUMIF($E$143:$P$143,Q$143,$E168:$P168) -> 1 | R168: =SUMIF($E$143:$P$143,R$143,$E168:$P168) -> 0
C169: JIBS Jönköping International Business School | D169: Sweden | E169: =COUNTIFS(Tabla1[Tipo de Movilidad],"Intercambio*",Tabla1[Universidad KPIs],'Utilización Convenios'!$C169,Tabla1[Año de Movilidad],'Utilización Convenios'!E$3,Tabla1[Nivel],"Maestría") -> 0 | F169: =COUNTIFS(Tabla2[Tipo de Movilidad],"Intercambio*",Tabla2[Universidad KPIs],'Utilización Convenios'!$C169,Tabla2[Año],'Utilización Convenios'!E$142,Tabla2[Nivel Nominación],"Postgraduate / Master") -> 0 | G169: =COUNTIFS(Tabla1[Tipo de Movilidad],"Intercambio*",Tabla1[Universidad KPIs],'Utilización Convenios'!$C169,Tabla1[Año de Movilidad],'Utilización Convenios'!G$3,Tabla1[Nivel],"Maestría") -> 2 | H169: =COUNTIFS(Tabla2[Tipo de Movilidad],"Intercambio*",Tabla2[Universidad KPIs],'Utilización Convenios'!$C169,Tabla2[Año],'Utilización Convenios'!G$142,Tabla2[Nivel Nominación],"Postgraduate / Master") -> 0 | I169: =COUNTIFS(Tabla1[Tipo de Movilidad],"Intercambio*",Tabla1[Universidad KPIs],'Utilización Convenios'!$C169,Tabla1[Año de Movilidad],'Utilización Convenios'!I$3,Tabla1[Nivel],"Maestría") -> 0 | J169: =COUNTIFS(Tabla2[Tipo de Movilidad],"Intercambio*",Tabla2[Universidad KPIs],'Utilización Convenios'!$C169,Tabla2[Año],'Utilización Convenios'!I$142,Tabla2[Nivel Nominación],"Postgraduate / Master") -> 2 | K169: =COUNTIFS(Tabla1[Tipo de Movilidad],"Intercambio*",Tabla1[Universidad KPIs],'Utilización Convenios'!$C169,Tabla1[Año de Movilidad],'Utilización Convenios'!K$3,Tabla1[Nivel],"Maestría") -> 0 | L169: =COUNTIFS(Tabla2[Tipo de Movilidad],"Intercambio*",Tabla2[Universidad KPIs],'Utilización Convenios'!$C169,Tabla2[Año],'Utilización Convenios'!K$142,Tabla2[Nivel Nominación],"Postgraduate / Master") -> 0 | M169: =COUNTIFS(Tabla1[Tipo de Movilidad],"Intercambio*",Tabla1[Universidad KPIs],'Utilización Convenios'!$C169,Tabla1[Año de Movilidad],'Utilización Convenios'!M$3,Tabla1[Nivel],"Maestría") -> 0 | N169: =COUNTIFS(Tabla2[Tipo de Movilidad],"Intercambio*",Tabla2[Universidad KPIs],'Utilización Convenios'!$C169,Tabla2[Año],'Utilización Convenios'!M$142,Tabla2[Nivel Nominación],"Postgraduate / Master") -> 0 | O169: =COUNTIFS(Tabla1[Tipo de Movilidad],"Intercambio*",Tabla1[Universidad KPIs],'Utilización Convenios'!$C169,Tabla1[Año de Movilidad],'Utilización Convenios'!O$3,Tabla1[Nivel],"Maestría") -> 0 | P169: =COUNTIFS(Tabla2[Tipo de Movilidad],"Intercambio*",Tabla2[Universidad KPIs],'Utilización Convenios'!$C169,Tabla2[Año],'Utilización Convenios'!O$142,Tabla2[Nivel Nominación],"Postgraduate / Master") -> 0 | Q169: =SUMIF($E$143:$P$143,Q$143,$E169:$P169) -> 2 | R169: =SUMIF($E$143:$P$143,R$143,$E169:$P169) -> 2
C170: KLU Kühne Logistics University | D170: Germany | E170: =COUNTIFS(Tabla1[Tipo de Movilidad],"Intercambio*",Tabla1[Universidad KPIs],'Utilización Convenios'!$C170,Tabla1[Año de Movilidad],'Utilización Convenios'!E$3,Tabla1[Nivel],"Maestría") -> 0 | F170: =COUNTIFS(Tabla2[Tipo de Movilidad],"Intercambio*",Tabla2[Universidad KPIs],'Utilización Convenios'!$C170,Tabla2[Año],'Utilización Convenios'!E$142,Tabla2[Nivel Nominación],"Postgraduate / Master") -> 0 | G170: =COUNTIFS(Tabla1[Tipo de Movilidad],"Intercambio*",Tabla1[Universidad KPIs],'Utilización Convenios'!$C170,Tabla1[Año de Movilidad],'Utilización Convenios'!G$3,Tabla1[Nivel],"Maestría") -> 0 | H170: =COUNTIFS(Tabla2[Tipo de Movilidad],"Intercambio*",Tabla2[Universidad KPIs],'Utilización Convenios'!$C170,Tabla2[Año],'Utilización Convenios'!G$142,Tabla2[Nivel Nominación],"Postgraduate / Master") -> 0 | I170: =COUNTIFS(Tabla1[Tipo de Movilidad],"Intercambio*",Tabla1[Universidad KPIs],'Utilización Convenios'!$C170,Tabla1[Año de Movilidad],'Utilización Convenios'!I$3,Tabla1[Nivel],"Maestría") -> 1 | J170: =COUNTIFS(Tabla2[Tipo de Movilidad],"Intercambio*",Tabla2[Universidad KPIs],'Utilización Convenios'!$C170,Tabla2[Año],'Utilización Convenios'!I$142,Tabla2[Nivel Nominación],"Postgraduate / Master") -> 0 | K170: =COUNTIFS(Tabla1[Tipo de Movilidad],"Intercambio*",Tabla1[Universidad KPIs],'Utilización Convenios'!$C170,Tabla1[Año de Movilidad],'Utilización Convenios'!K$3,Tabla1[Nivel],"Maestría") -> 1 | L170: =COUNTIFS(Tabla2[Tipo de Movilidad],"Intercambio*",Tabla2[Universidad KPIs],'Utilización Convenios'!$C170,Tabla2[Año],'Utilización Convenios'!K$142,Tabla2[Nivel Nominación],"Postgraduate / Master") -> 1 | M170: =COUNTIFS(Tabla1[Tipo de Movilidad],"Intercambio*",Tabla1[Universidad KPIs],'Utilización Convenios'!$C170,Tabla1[Año de Movilidad],'Utilización Convenios'!M$3,Tabla1[Nivel],"Maestría") -> 0 | N170: =COUNTIFS(Tabla2[Tipo de Movilidad],"Intercambio*",Tabla2[Universidad KPIs],'Utilización Convenios'!$C170,Tabla2[Año],'Utilización Convenios'!M$142,Tabla2[Nivel Nominación],"Postgraduate / Master") -> 0 | O170: =COUNTIFS(Tabla1[Tipo de Movilidad],"Intercambio*",Tabla1[Universidad KPIs],'Utilización Convenios'!$C170,Tabla1[Año de Movilidad],'Utilización Convenios'!O$3,Tabla1[Nivel],"Maestría") -> 0 | P170: =COUNTIFS(Tabla2[Tipo de Movilidad],"Intercambio*",Tabla2[Universidad KPIs],'Utilización Convenios'!$C170,Tabla2[Año],'Utilización Convenios'!O$142,Tabla2[Nivel Nominación],"Postgraduate / Master") -> 0 | Q170: =SUMIF($E$143:$P$143,Q$143,$E170:$P170) -> 2 | R170: =SUMIF($E$143:$P$143,R$143,$E170:$P170) -> 1
C171: Koc University | D171: Türkiye | E171: =COUNTIFS(Tabla1[Tipo de Movilidad],"Intercambio*",Tabla1[Universidad KPIs],'Utilización Convenios'!$C171,Tabla1[Año de Movilidad],'Utilización Convenios'!E$3,Tabla1[Nivel],"Maestría") -> 0 | F171: =COUNTIFS(Tabla2[Tipo de Movilidad],"Intercambio*",Tabla2[Universidad KPIs],'Utilización Convenios'!$C171,Tabla2[Año],'Utilización Convenios'!E$142,Tabla2[Nivel Nominación],"Postgraduate / Master") -> 0 | G171: =COUNTIFS(Tabla1[Tipo de Movilidad],"Intercambio*",Tabla1[Universidad KPIs],'Utilización Convenios'!$C171,Tabla1[Año de Movilidad],'Utilización Convenios'!G$3,Tabla1[Nivel],"Maestría") -> 0 | H171: =COUNTIFS(Tabla2[Tipo de Movilidad],"Intercambio*",Tabla2[Universidad KPIs],'Utilización Convenios'!$C171,Tabla2[Año],'Utilización Convenios'!G$142,Tabla2[Nivel Nominación],"Postgraduate / Master") -> 0 | I171: =COUNTIFS(Tabla1[Tipo de Movilidad],"Intercambio*",Tabla1[Universidad KPIs],'Utilización Convenios'!$C171,Tabla1[Año de Movilidad],'Utilización Convenios'!I$3,Tabla1[Nivel],"Maestría") -> 0 | J171: =COUNTIFS(Tabla2[Tipo de Movilidad],"Intercambio*",Tabla2[Universidad KPIs],'Utilización Convenios'!$C171,Tabla2[Año],'Utilización Convenios'!I$142,Tabla2[Nivel Nominación],"Postgraduate / Master") -> 0 | K171: =COUNTIFS(Tabla1[Tipo de Movilidad],"Intercambio*",Tabla1[Universidad KPIs],'Utilización Convenios'!$C171,Tabla1[Año de Movilidad],'Utilización Convenios'!K$3,Tabla1[Nivel],"Maestría") -> 0 | L171: =COUNTIFS(Tabla2[Tipo de Movilidad],"Intercambio*",Tabla2[Universidad KPIs],'Utilización Convenios'!$C171,Tabla2[Año],'Utilización Convenios'!K$142,Tabla2[Nivel Nominación],"Postgraduate / Master") -> 0 | M171: =COUNTIFS(Tabla1[Tipo de Movilidad],"Intercambio*",Tabla1[Universidad KPIs],'Utilización Convenios'!$C171,Tabla1[Año de Movilidad],'Utilización Convenios'!M$3,Tabla1[Nivel],"Maestría") -> 0 | N171: =COUNTIFS(Tabla2[Tipo de Movilidad],"Intercambio*",Tabla2[Universidad KPIs],'Utilización Convenios'!$C171,Tabla2[Año],'Utilización Convenios'!M$142,Tabla2[Nivel Nominación],"Postgraduate / Master") -> 0 | O171: =COUNTIFS(Tabla1[Tipo de Movilidad],"Intercambio*",Tabla1[Universidad KPIs],'Utilización Convenios'!$C171,Tabla1[Año de Movilidad],'Utilización Convenios'!O$3,Tabla1[Nivel],"Maestría") -> 0 | P171: =COUNTIFS(Tabla2[Tipo de Movilidad],"Intercambio*",Tabla2[Universidad KPIs],'Utilización Convenios'!$C171,Tabla2[Año],'Utilización Convenios'!O$142,Tabla2[Nivel Nominación],"Postgraduate / Master") -> 0 | Q171: =SUMIF($E$143:$P$143,Q$143,$E171:$P171) -> 0 | R171: =SUMIF($E$143:$P$143,R$143,$E171:$P171) -> 0
C172: London Business School | D172: United Kingdom | E172: =COUNTIFS(Tabla1[Tipo de Movilidad],"Intercambio*",Tabla1[Universidad KPIs],'Utilización Convenios'!$C172,Tabla1[Año de Movilidad],'Utilización Convenios'!E$3,Tabla1[Nivel],"Maestría") -> 0 | F172: =COUNTIFS(Tabla2[Tipo de Movilidad],"Intercambio*",Tabla2[Universidad KPIs],'Utilización Convenios'!$C172,Tabla2[Año],'Utilización Convenios'!E$142,Tabla2[Nivel Nominación],"Postgraduate / Master") -> 0 | G172: =COUNTIFS(Tabla1[Tipo de Movilidad],"Intercambio*",Tabla1[Universidad KPIs],'Utilización Convenios'!$C172,Tabla1[Año de Movilidad],'Utilización Convenios'!G$3,Tabla1[Nivel],"Maestría") -> 0 | H172: =COUNTIFS(Tabla2[Tipo de Movilidad],"Intercambio*",Tabla2[Universidad KPIs],'Utilización Convenios'!$C172,Tabla2[Año],'Utilización Convenios'!G$142,Tabla2[Nivel Nominación],"Postgraduate / Master") -> 0 | I172: =COUNTIFS(Tabla1[Tipo de Movilidad],"Intercambio*",Tabla1[Universidad KPIs],'Utilización Convenios'!$C172,Tabla1[Año de Movilidad],'Utilización Convenios'!I$3,Tabla1[Nivel],"Maestría") -> 1 | J172: =COUNTIFS(Tabla2[Tipo de Movilidad],"Intercambio*",Tabla2[Universidad KPIs],'Utilización Convenios'!$C172,Tabla2[Año],'Utilización Convenios'!I$142,Tabla2[Nivel Nominación],"Postgraduate / Master") -> 0 | K172: =COUNTIFS(Tabla1[Tipo de Movilidad],"Intercambio*",Tabla1[Universidad KPIs],'Utilización Convenios'!$C172,Tabla1[Año de Movilidad],'Utilización Convenios'!K$3,Tabla1[Nivel],"Maestría") -> 0 | L172: =COUNTIFS(Tabla2[Tipo de Movilidad],"Intercambio*",Tabla2[Universidad KPIs],'Utilización Convenios'!$C172,Tabla2[Año],'Utilización Convenios'!K$142,Tabla2[Nivel Nominación],"Postgraduate / Master") -> 0 | M172: =COUNTIFS(Tabla1[Tipo de Movilidad],"Intercambio*",Tabla1[Universidad KPIs],'Utilización Convenios'!$C172,Tabla1[Año de Movilidad],'Utilización Convenios'!M$3,Tabla1[Nivel],"Maestría") -> 0 | N172: =COUNTIFS(Tabla2[Tipo de Movilidad],"Intercambio*",Tabla2[Universidad KPIs],'Utilización Convenios'!$C172,Tabla2[Año],'Utilización Convenios'!M$142,Tabla2[Nivel Nominación],"Postgraduate / Master") -> 0 | O172: =COUNTIFS(Tabla1[Tipo de Movilidad],"Intercambio*",Tabla1[Universidad KPIs],'Utilización Convenios'!$C172,Tabla1[Año de Movilidad],'Utilización Convenios'!O$3,Tabla1[Nivel],"Maestría") -> 1 | P172: =COUNTIFS(Tabla2[Tipo de Movilidad],"Intercambio*",Tabla2[Universidad KPIs],'Utilización Convenios'!$C172,Tabla2[Año],'Utilización Convenios'!O$142,Tabla2[Nivel Nominación],"Postgraduate / Master") -> 0 | Q172: =SUMIF($E$143:$P$143,Q$143,$E172:$P172) -> 2 | R172: =SUMIF($E$143:$P$143,R$143,$E172:$P172) -> 0
C173: Maastricht University | D173: Netherlands | E173: =COUNTIFS(Tabla1[Tipo de Movilidad],"Intercambio*",Tabla1[Universidad KPIs],'Utilización Convenios'!$C173,Tabla1[Año de Movilidad],'Utilización Convenios'!E$3,Tabla1[Nivel],"Maestría") -> 0 | F173: =COUNTIFS(Tabla2[Tipo de Movilidad],"Intercambio*",Tabla2[Universidad KPIs],'Utilización Convenios'!$C173,Tabla2[Año],'Utilización Convenios'!E$142,Tabla2[Nivel Nominación],"Postgraduate / Master") -> 0 | G173: =COUNTIFS(Tabla1[Tipo de Movilidad],"Intercambio*",Tabla1[Universidad KPIs],'Utilización Convenios'!$C173,Tabla1[Año de Movilidad],'Utilización Convenios'!G$3,Tabla1[Nivel],"Maestría") -> 0 | H173: =COUNTIFS(Tabla2[Tipo de Movilidad],"Intercambio*",Tabla2[Universidad KPIs],'Utilización Convenios'!$C173,Tabla2[Año],'Utilización Convenios'!G$142,Tabla2[Nivel Nominación],"Postgraduate / Master") -> 0 | I173: =COUNTIFS(Tabla1[Tipo de Movilidad],"Intercambio*",Tabla1[Universidad KPIs],'Utilización Convenios'!$C173,Tabla1[Año de Movilidad],'Utilización Convenios'!I$3,Tabla1[Nivel],"Maestría") -> 1 | J173: =COUNTIFS(Tabla2[Tipo de Movilidad],"Intercambio*",Tabla2[Universidad KPIs],'Utilización Convenios'!$C173,Tabla2[Año],'Utilización Convenios'!I$142,Tabla2[Nivel Nominación],"Postgraduate / Master") -> 1 | K173: =COUNTIFS(Tabla1[Tipo de Movilidad],"Intercambio*",Tabla1[Universidad KPIs],'Utilización Convenios'!$C173,Tabla1[Año de Movilidad],'Utilización Convenios'!K$3,Tabla1[Nivel],"Maestría") -> 0 | L173: =COUNTIFS(Tabla2[Tipo de Movilidad],"Intercambio*",Tabla2[Universidad KPIs],'Utilización Convenios'!$C173,Tabla2[Año],'Utilización Convenios'!K$142,Tabla2[Nivel Nominación],"Postgraduate / Master") -> 0 | M173: =COUNTIFS(Tabla1[Tipo de Movilidad],"Intercambio*",Tabla1[Universidad KPIs],'Utilización Convenios'!$C173,Tabla1[Año de Movilidad],'Utilización Convenios'!M$3,Tabla1[Nivel],"Maestría") -> 1 | N173: =COUNTIFS(Tabla2[Tipo de Movilidad],"Intercambio*",Tabla2[Universidad KPIs],'Utilización Convenios'!$C173,Tabla2[Año],'Utilización Convenios'!M$142,Tabla2[Nivel Nominación],"Postgraduate / Master") -> 1 | O173: =COUNTIFS(Tabla1[Tipo de Movilidad],"Intercambio*",Tabla1[Universidad KPIs],'Utilización Convenios'!$C173,Tabla1[Año de Movilidad],'Utilización Convenios'!O$3,Tabla1[Nivel],"Maestría") -> 0 | P173: =COUNTIFS(Tabla2[Tipo de Movilidad],"Intercambio*",Tabla2[Universidad KPIs],'Utilización Convenios'!$C173,Tabla2[Año],'Utilización Convenios'!O$142,Tabla2[Nivel Nominación],"Postgraduate / Master") -> 0 | Q173: =SUMIF($E$143:$P$143,Q$143,$E173:$P173) -> 2 | R173: =SUMIF($E$143:$P$143,R$143,$E173:$P173) -> 2
C174: McGill University | D174: Canada | E174: =COUNTIFS(Tabla1[Tipo de Movilidad],"Intercambio*",Tabla1[Universidad KPIs],'Utilización Convenios'!$C174,Tabla1[Año de Movilidad],'Utilización Convenios'!E$3,Tabla1[Nivel],"Maestría") -> 0 | F174: =COUNTIFS(Tabla2[Tipo de Movilidad],"Intercambio*",Tabla2[Universidad KPIs],'Utilización Convenios'!$C174,Tabla2[Año],'Utilización Convenios'!E$142,Tabla2[Nivel Nominación],"Postgraduate / Master") -> 0 | G174: =COUNTIFS(Tabla1[Tipo de Movilidad],"Intercambio*",Tabla1[Universidad KPIs],'Utilización Convenios'!$C174,Tabla1[Año de Movilidad],'Utilización Convenios'!G$3,Tabla1[Nivel],"Maestría") -> 0 | H174: =COUNTIFS(Tabla2[Tipo de Movilidad],"Intercambio*",Tabla2[Universidad KPIs],'Utilización Convenios'!$C174,Tabla2[Año],'Utilización Convenios'!G$142,Tabla2[Nivel Nominación],"Postgraduate / Master") -> 0 | I174: =COUNTIFS(Tabla1[Tipo de Movilidad],"Intercambio*",Tabla1[Universidad KPIs],'Utilización Convenios'!$C174,Tabla1[Año de Movilidad],'Utilización Convenios'!I$3,Tabla1[Nivel],"Maestría") -> 0 | J174: =COUNTIFS(Tabla2[Tipo de Movilidad],"Intercambio*",Tabla2[Universidad KPIs],'Utilización Convenios'!$C174,Tabla2[Año],'Utilización Convenios'!I$142,Tabla2[Nivel Nominación],"Postgraduate / Master") -> 0 | K174: =COUNTIFS(Tabla1[Tipo de Movilidad],"Intercambio*",Tabla1[Universidad KPIs],'Utilización Convenios'!$C174,Tabla1[Año de Movilidad],'Utilización Convenios'!K$3,Tabla1[Nivel],"Maestría") -> 0 | L174: =COUNTIFS(Tabla2[Tipo de Movilidad],"Intercambio*",Tabla2[Universidad KPIs],'Utilización Convenios'!$C174,Tabla2[Año],'Utilización Convenios'!K$142,Tabla2[Nivel Nominación],"Postgraduate / Master") -> 0 | M174: =COUNTIFS(Tabla1[Tipo de Movilidad],"Intercambio*",Tabla1[Universidad KPIs],'Utilización Convenios'!$C174,Tabla1[Año de Movilidad],'Utilización Convenios'!M$3,Tabla1[Nivel],"Maestría") -> 0 | N174: =COUNTIFS(Tabla2[Tipo de Movilidad],"Intercambio*",Tabla2[Universidad KPIs],'Utilización Convenios'!$C174,Tabla2[Año],'Utilización Convenios'!M$142,Tabla2[Nivel Nominación],"Postgraduate / Master") -> 0 | O174: =COUNTIFS(Tabla1[Tipo de Movilidad],"Intercambio*",Tabla1[Universidad KPIs],'Utilización Convenios'!$C174,Tabla1[Año de Movilidad],'Utilización Convenios'!O$3,Tabla1[Nivel],"Maestría") -> 0 | P174: =COUNTIFS(Tabla2[Tipo de Movilidad],"Intercambio*",Tabla2[Universidad KPIs],'Utilización Convenios'!$C174,Tabla2[Año],'Utilización Convenios'!O$142,Tabla2[Nivel Nominación],"Postgraduate / Master") -> 0 | Q174: =SUMIF($E$143:$P$143,Q$143,$E174:$P174) -> 0 | R174: =SUMIF($E$143:$P$143,R$143,$E174:$P174) -> 0
C175: NCCU- National Chengchi University | D175: Taiwan | E175: =COUNTIFS(Tabla1[Tipo de Movilidad],"Intercambio*",Tabla1[Universidad KPIs],'Utilización Convenios'!$C175,Tabla1[Año de Movilidad],'Utilización Convenios'!E$3,Tabla1[Nivel],"Maestría") -> 0 | F175: =COUNTIFS(Tabla2[Tipo de Movilidad],"Intercambio*",Tabla2[Universidad KPIs],'Utilización Convenios'!$C175,Tabla2[Año],'Utilización Convenios'!E$142,Tabla2[Nivel Nominación],"Postgraduate / Master") -> 0 | G175: =COUNTIFS(Tabla1[Tipo de Movilidad],"Intercambio*",Tabla1[Universidad KPIs],'Utilización Convenios'!$C175,Tabla1[Año de Movilidad],'Utilización Convenios'!G$3,Tabla1[Nivel],"Maestría") -> 0 | H175: =COUNTIFS(Tabla2[Tipo de Movilidad],"Intercambio*",Tabla2[Universidad KPIs],'Utilización Convenios'!$C175,Tabla2[Año],'Utilización Convenios'!G$142,Tabla2[Nivel Nominación],"Postgraduate / Master") -> 0 | I175: =COUNTIFS(Tabla1[Tipo de Movilidad],"Intercambio*",Tabla1[Universidad KPIs],'Utilización Convenios'!$C175,Tabla1[Año de Movilidad],'Utilización Convenios'!I$3,Tabla1[Nivel],"Maestría") -> 0 | J175: =COUNTIFS(Tabla2[Tipo de Movilidad],"Intercambio*",Tabla2[Universidad KPIs],'Utilización Convenios'!$C175,Tabla2[Año],'Utilización Convenios'!I$142,Tabla2[Nivel Nominación],"Postgraduate / Master") -> 0 | K175: =COUNTIFS(Tabla1[Tipo de Movilidad],"Intercambio*",Tabla1[Universidad KPIs],'Utilización Convenios'!$C175,Tabla1[Año de Movilidad],'Utilización Convenios'!K$3,Tabla1[Nivel],"Maestría") -> 0 | L175: =COUNTIFS(Tabla2[Tipo de Movilidad],"Intercambio*",Tabla2[Universidad KPIs],'Utilización Convenios'!$C175,Tabla2[Año],'Utilización Convenios'!K$142,Tabla2[Nivel Nominación],"Postgraduate / Master") -> 0 | M175: =COUNTIFS(Tabla1[Tipo de Movilidad],"Intercambio*",Tabla1[Universidad KPIs],'Utilización Convenios'!$C175,Tabla1[Año de Movilidad],'Utilización Convenios'!M$3,Tabla1[Nivel],"Maestría") -> 0 | N175: =COUNTIFS(Tabla2[Tipo de Movilidad],"Intercambio*",Tabla2[Universidad KPIs],'Utilización Convenios'!$C175,Tabla2[Año],'Utilización Convenios'!M$142,Tabla2[Nivel Nominación],"Postgraduate / Master") -> 0 | O175: =COUNTIFS(Tabla1[Tipo de Movilidad],"Intercambio*",Tabla1[Universidad KPIs],'Utilización Convenios'!$C175,Tabla1[Año de Movilidad],'Utilización Convenios'!O$3,Tabla1[Nivel],"Maestría") -> 0 | P175: =COUNTIFS(Tabla2[Tipo de Movilidad],"Intercambio*",Tabla2[Universidad KPIs],'Utilización Convenios'!$C175,Tabla2[Año],'Utilización Convenios'!O$142,Tabla2[Nivel Nominación],"Postgraduate / Master") -> 0 | Q175: =SUMIF($E$143:$P$143,Q$143,$E175:$P175) -> 0 | R175: =SUMIF($E$143:$P$143,R$143,$E175:$P175) -> 0
C176: Nova School of Business and Economics | D176: Portugal | E176: =COUNTIFS(Tabla1[Tipo de Movilidad],"Intercambio*",Tabla1[Universidad KPIs],'Utilización Convenios'!$C176,Tabla1[Año de Movilidad],'Utilización Convenios'!E$3,Tabla1[Nivel],"Maestría") -> 0 | F176: =COUNTIFS(Tabla2[Tipo de Movilidad],"Intercambio*",Tabla2[Universidad KPIs],'Utilización Convenios'!$C176,Tabla2[Año],'Utilización Convenios'!E$142,Tabla2[Nivel Nominación],"Postgraduate / Master") -> 0 | G176: =COUNTIFS(Tabla1[Tipo de Movilidad],"Intercambio*",Tabla1[Universidad KPIs],'Utilización Convenios'!$C176,Tabla1[Año de Movilidad],'Utilización Convenios'!G$3,Tabla1[Nivel],"Maestría") -> 0 | H176: =COUNTIFS(Tabla2[Tipo de Movilidad],"Intercambio*",Tabla2[Universidad KPIs],'Utilización Convenios'!$C176,Tabla2[Año],'Utilización Convenios'!G$142,Tabla2[Nivel Nominación],"Postgraduate / Master") -> 0 | I176: =COUNTIFS(Tabla1[Tipo de Movilidad],"Intercambio*",Tabla1[Universidad KPIs],'Utilización Convenios'!$C176,Tabla1[Año de Movilidad],'Utilización Convenios'!I$3,Tabla1[Nivel],"Maestría") -> 0 | J176: =COUNTIFS(Tabla2[Tipo de Movilidad],"Intercambio*",Tabla2[Universidad KPIs],'Utilización Convenios'!$C176,Tabla2[Año],'Utilización Convenios'!I$142,Tabla2[Nivel Nominación],"Postgraduate / Master") -> 0 | K176: =COUNTIFS(Tabla1[Tipo de Movilidad],"Intercambio*",Tabla1[Universidad KPIs],'Utilización Convenios'!$C176,Tabla1[Año de Movilidad],'Utilización Convenios'!K$3,Tabla1[Nivel],"Maestría") -> 1 | L176: =COUNTIFS(Tabla2[Tipo de Movilidad],"Intercambio*",Tabla2[Universidad KPIs],'Utilización Convenios'!$C176,Tabla2[Año],'Utilización Convenios'!K$142,Tabla2[Nivel Nominación],"Postgraduate / Master") -> 1 | M176: =COUNTIFS(Tabla1[Tipo de Movilidad],"Intercambio*",Tabla1[Universidad KPIs],'Utilización Convenios'!$C176,Tabla1[Año de Movilidad],'Utilización Convenios'!M$3,Tabla1[Nivel],"Maestría") -> 0 | N176: =COUNTIFS(Tabla2[Tipo de Movilidad],"Intercambio*",Tabla2[Universidad KPIs],'Utilización Convenios'!$C176,Tabla2[Año],'Utilización Convenios'!M$142,Tabla2[Nivel Nominación],"Postgraduate / Master") -> 1 | O176: =COUNTIFS(Tabla1[Tipo de Movilidad],"Intercambio*",Tabla1[Universidad KPIs],'Utilización Convenios'!$C176,Tabla1[Año de Movilidad],'Utilización Convenios'!O$3,Tabla1[Nivel],"Maestría") -> 0 | P176: =COUNTIFS(Tabla2[Tipo de Movilidad],"Intercambio*",Tabla2[Universidad KPIs],'Utilización Convenios'!$C176,Tabla2[Año],'Utilización Convenios'!O$142,Tabla2[Nivel Nominación],"Postgraduate / Master") -> 3 | Q176: =SUMIF($E$143:$P$143,Q$143,$E176:$P176) -> 1 | R176: =SUMIF($E$143:$P$143,R$143,$E176:$P176) -> 5
C177: NUCB- Nagoya University of commerce and business | D177: Japan | E177: =COUNTIFS(Tabla1[Tipo de Movilidad],"Intercambio*",Tabla1[Universidad KPIs],'Utilización Convenios'!$C177,Tabla1[Año de Movilidad],'Utilización Convenios'!E$3,Tabla1[Nivel],"Maestría") -> 0 | F177: =COUNTIFS(Tabla2[Tipo de Movilidad],"Intercambio*",Tabla2[Universidad KPIs],'Utilización Convenios'!$C177,Tabla2[Año],'Utilización Convenios'!E$142,Tabla2[Nivel Nominación],"Postgraduate / Master") -> 0 | G177: =COUNTIFS(Tabla1[Tipo de Movilidad],"Intercambio*",Tabla1[Universidad KPIs],'Utilización Convenios'!$C177,Tabla1[Año de Movilidad],'Utilización Convenios'!G$3,Tabla1[Nivel],"Maestría") -> 0 | H177: =COUNTIFS(Tabla2[Tipo de Movilidad],"Intercambio*",Tabla2[Universidad KPIs],'Utilización Convenios'!$C177,Tabla2[Año],'Utilización Convenios'!G$142,Tabla2[Nivel Nominación],"Postgraduate / Master") -> 0 | I177: =COUNTIFS(Tabla1[Tipo de Movilidad],"Intercambio*",Tabla1[Universidad KPIs],'Utilización Convenios'!$C177,Tabla1[Año de Movilidad],'Utilización Convenios'!I$3,Tabla1[Nivel],"Maestría") -> 0 | J177: =COUNTIFS(Tabla2[Tipo de Movilidad],"Intercambio*",Tabla2[Universidad KPIs],'Utilización Convenios'!$C177,Tabla2[Año],'Utilización Convenios'!I$142,Tabla2[Nivel Nominación],"Postgraduate / Master") -> 0 | K177: =COUNTIFS(Tabla1[Tipo de Movilidad],"Intercambio*",Tabla1[Universidad KPIs],'Utilización Convenios'!$C177,Tabla1[Año de Movilidad],'Utilización Convenios'!K$3,Tabla1[Nivel],"Maestría") -> 0 | L177: =COUNTIFS(Tabla2[Tipo de Movilidad],"Intercambio*",Tabla2[Universidad KPIs],'Utilización Convenios'!$C177,Tabla2[Año],'Utilización Convenios'!K$142,Tabla2[Nivel Nominación],"Postgraduate / Master") -> 0 | M177: =COUNTIFS(Tabla1[Tipo de Movilidad],"Intercambio*",Tabla1[Universidad KPIs],'Utilización Convenios'!$C177,Tabla1[Año de Movilidad],'Utilización Convenios'!M$3,Tabla1[Nivel],"Maestría") -> 0 | N177: =COUNTIFS(Tabla2[Tipo de Movilidad],"Intercambio*",Tabla2[Universidad KPIs],'Utilización Convenios'!$C177,Tabla2[Año],'Utilización Convenios'!M$142,Tabla2[Nivel Nominación],"Postgraduate / Master") -> 0 | O177: =COUNTIFS(Tabla1[Tipo de Movilidad],"Intercambio*",Tabla1[Universidad KPIs],'Utilización Convenios'!$C177,Tabla1[Año de Movilidad],'Utilización Convenios'!O$3,Tabla1[Nivel],"Maestría") -> 0 | P177: =COUNTIFS(Tabla2[Tipo de Movilidad],"Intercambio*",Tabla2[Universidad KPIs],'Utilización Convenios'!$C177,Tabla2[Año],'Utilización Convenios'!O$142,Tabla2[Nivel Nominación],"Postgraduate / Master") -> 0 | Q177: =SUMIF($E$143:$P$143,Q$143,$E177:$P177) -> 0 | R177: =SUMIF($E$143:$P$143,R$143,$E177:$P177) -> 0
C178: Politecnico di Milano | D178: Italy | E178: =COUNTIFS(Tabla1[Tipo de Movilidad],"Intercambio*",Tabla1[Universidad KPIs],'Utilización Convenios'!$C178,Tabla1[Año de Movilidad],'Utilización Convenios'!E$3,Tabla1[Nivel],"Maestría") -> 0 | F178: =COUNTIFS(Tabla2[Tipo de Movilidad],"Intercambio*",Tabla2[Universidad KPIs],'Utilización Convenios'!$C178,Tabla2[Año],'Utilización Convenios'!E$142,Tabla2[Nivel Nominación],"Postgraduate / Master") -> 0 | G178: =COUNTIFS(Tabla1[Tipo de Movilidad],"Intercambio*",Tabla1[Universidad KPIs],'Utilización Convenios'!$C178,Tabla1[Año de Movilidad],'Utilización Convenios'!G$3,Tabla1[Nivel],"Maestría") -> 0 | H178: =COUNTIFS(Tabla2[Tipo de Movilidad],"Intercambio*",Tabla2[Universidad KPIs],'Utilización Convenios'!$C178,Tabla2[Año],'Utilización Convenios'!G$142,Tabla2[Nivel Nominación],"Postgraduate / Master") -> 2 | I178: =COUNTIFS(Tabla1[Tipo de Movilidad],"Intercambio*",Tabla1[Universidad KPIs],'Utilización Convenios'!$C178,Tabla1[Año de Movilidad],'Utilización Convenios'!I$3,Tabla1[Nivel],"Maestría") -> 0 | J178: =COUNTIFS(Tabla2[Tipo de Movilidad],"Intercambio*",Tabla2[Universidad KPIs],'Utilización Convenios'!$C178,Tabla2[Año],'Utilización Convenios'!I$142,Tabla2[Nivel Nominación],"Postgraduate / Master") -> 1 | K178: =COUNTIFS(Tabla1[Tipo de Movilidad],"Intercambio*",Tabla1[Universidad KPIs],'Utilización Convenios'!$C178,Tabla1[Año de Movilidad],'Utilización Convenios'!K$3,Tabla1[Nivel],"Maestría") -> 0 | L178: =COUNTIFS(Tabla2[Tipo de Movilidad],"Intercambio*",Tabla2[Universidad KPIs],'Utilización Convenios'!$C178,Tabla2[Año],'Utilización Convenios'!K$142,Tabla2[Nivel Nominación],"Postgraduate / Master") -> 7 | M178: =COUNTIFS(Tabla1[Tipo de Movilidad],"Intercambio*",Tabla1[Universidad KPIs],'Utilización Convenios'!$C178,Tabla1[Año de Movilidad],'Utilización Convenios'!M$3,Tabla1[Nivel],"Maestría") -> 0 | N178: =COUNTIFS(Tabla2[Tipo de Movilidad],"Intercambio*",Tabla2[Universidad KPIs],'Utilización Convenios'!$C178,Tabla2[Año],'Utilización Convenios'!M$142,Tabla2[Nivel Nominación],"Postgraduate / Master") -> 4 | O178: =COUNTIFS(Tabla1[Tipo de Movilidad],"Intercambio*",Tabla1[Universidad KPIs],'Utilización Convenios'!$C178,Tabla1[Año de Movilidad],'Utilización Convenios'!O$3,Tabla1[Nivel],"Maestría") -> 0 | P178: =COUNTIFS(Tabla2[Tipo de Movilidad],"Intercambio*",Tabla2[Universidad KPIs],'Utilización Convenios'!$C178,Tabla2[Año],'Utilización Convenios'!O$142,Tabla2[Nivel Nominación],"Postgraduate / Master") -> 0 | Q178: =SUMIF($E$143:$P$143,Q$143,$E178:$P178) -> 0 | R178: =SUMIF($E$143:$P$143,R$143,$E178:$P178) -> 14
