Workbook

Sheet Información a reportar
B2: BASES DE DATOS MOVILIDAD INCOMING Y OUTGOING FACULTAD DE ADMINISTRACIÓN
B4: Información solicitada:
B6: Movildiad Outgoing | H6: Movildiad Incoming
B7: Requerimos todos los datos y detalles de los estudiantes que finalmente tuvieron movilidad internacional Outgoing y fueron postulados por la Facultad de Administración | H7: Requerimos todos los datos y detalles de los estudiantes extranjeros que fueron nominados a la Facultad de Administración, y tomaron como mínimo 1 curso de Administración
B11: Campos requeridos obligatorios | H11: Campos requeridos obligatorios
B12: Datos estudiantes | E12: Correo electrónico | H12: Datos estudiantes | K12: Código
E13: Código Uniandes | K13: Nombre
E14: First name | K14: Apellido
E15: Surname | K15: Cuenta Alterna
E16: Nombre completo | K16: Cuenta Uniandes
B17: Detalles académicos | E17: Programa1 | H17: Detalles procedencia | K17: Año
E18: Facultad1 | K18: Semestre de Movilidad
E19: Programa2 | K19: Universidad
E20: Facultad2 | K20: País
B21: Detalles postulación | E21: Año de Movilidad | K21: Tipo de Movilidad
E22: Período de Movilidad | H22: Detalles nominación | K22: Programa Nominación | M22: Es muy importante saber el programa al que se nominó el estudiante
E23: Convocatoria | K23: Nivel Nominación
E24: Tipo de Movilidad
E25: Nivel
E26: Programa Postulación
E27: Facultad de Postulación
E28: Universidad
E29: País
B31: Periodo solicitud información movilidad Primer Semestre
B32: Finales de junio para las convocatorias -10
B33: Periodo solicitud información movilidad Segundo Semestre
B34: Finales de enero para las convocatorias -20

Sheet Utilización Convenios
C2: UNDERGRADUATED EXCHANGE
E3: 2020 | G3: 2021 | I3: 2022 | K3: 2023 | M3: 2024 | O3: 2025 | Q3: Total
C4: Universidad KPIs | D4: País | E4: Outgoing | F4: Incoming | G4: Outgoing | H4: Incoming | I4: Outgoing | J4: Incoming | K4: Outgoing | L4: Incoming | M4: Outgoing | N4: Incoming | O4: Outgoing | P4: Incoming | Q4: Outgoing | R4: Incoming
B5: C O N V E N I O S E S P E C Í F I C O S | C5: A.B. Freeman School of Business, Tulane University | D5: United States | E5: =COUNTIFS(Tabla1[Tipo de Movilidad],"Intercambio*",Tabla1[Universidad KPIs],'Utilización Convenios'!$C5,Tabla1[Año de Movilidad],'Utilización Convenios'!E$3,Tabla1[Nivel],"Pregrado") -> 1 | F5: =COUNTIFS(Tabla2[Tipo de Movilidad],"Intercambio*",Tabla2[Universidad KPIs],'Utilización Convenios'!$C5,Tabla2[Año],'Utilización Convenios'!E$3,Tabla2[Nivel Nominación],"Undergraduate / Bachelor") -> 2 | G5: =COUNTIFS(Tabla1[Tipo de Movilidad],"Intercambio*",Tabla1[Universidad KPIs],'Utilización Convenios'!$C5,Tabla1[Año de Movilidad],'Utilización Convenios'!G$3,Tabla1[Nivel],"Pregrado") -> 2 | H5: =COUNTIFS(Tabla2[Tipo de Movilidad],"Intercambio*",Tabla2[Universidad KPIs],'Utilización Convenios'!$C5,Tabla2[Año],'Utilización Convenios'!G$3,Tabla2[Nivel Nominación],"Undergraduate / Bachelor") -> 0 | I5: =COUNTIFS(Tabla1[Tipo de Movilidad],"Intercambio*",Tabla1[Universidad KPIs],'Utilización Convenios'!$C5,Tabla1[Año de Movilidad],'Utilización Convenios'!I$3,Tabla1[Nivel],"Pregrado") -> 4 | J5: =COUNTIFS(Tabla2[Tipo de Movilidad],"Intercambio*",Tabla2[Universidad KPIs],'Utilización Convenios'!$C5,Tabla2[Año],'Utilización Convenios'!I$3,Tabla2[Nivel Nominación],"Undergraduate / Bachelor") -> 5 | K5: =COUNTIFS(Tabla1[Tipo de Movilidad],"Intercambio*",Tabla1[Universidad KPIs],'Utilización Convenios'!$C5,Tabla1[Año de Movilidad],'Utilización Convenios'!K$3,Tabla1[Nivel],"Pregrado") -> 5 | L5: =COUNTIFS(Tabla2[Tipo de Movilidad],"Intercambio*",Tabla2[Universidad KPIs],'Utilización Convenios'!$C5,Tabla2[Año],'Utilización Convenios'!K$3,Tabla2[Nivel Nominación],"Undergraduate / Bachelor") -> 3 | M5: =COUNTIFS(Tabla1[Tipo de Movilidad],"Intercambio*",Tabla1[Universidad KPIs],'Utilización Convenios'!$C5,Tabla1[Año de Movilidad],'Utilización Convenios'!M$3,Tabla1[Nivel],"Pregrado") -> 1 | N5: =COUNTIFS(Tabla2[Tipo de Movilidad],"Intercambio*",Tabla2[Universidad KPIs],'Utilización Convenios'!$C5,Tabla2[Año],'Utilización Convenios'!M$3,Tabla2[Nivel Nominación],"Undergraduate / Bachelor") -> 2 | O5: =COUNTIFS(Tabla1[Tipo de Movilidad],"Intercambio*",Tabla1[Universidad KPIs],'Utilización Convenios'!$C5,Tabla1[Año de Movilidad],'Utilización Convenios'!O$3,Tabla1[Nivel],"Pregrado") -> 1 | P5: =COUNTIFS(Tabla2[Tipo de Movilidad],"Intercambio*",Tabla2[Universidad KPIs],'Utilización Convenios'!$C5,Tabla2[Año],'Utilización Convenios'!O$3,Tabla2[Nivel Nominación],"Undergraduate / Bachelor") -> 3 | Q5: =SUMIF($E$4:$P$4,Q$4,$E5:$P5) -> 14 | R5: =SUMIF($E$4:$P$4,R$4,$E5:$P5) -> 15
C6: Aalto University | D6: Finland | E6: =COUNTIFS(Tabla1[Tipo de Movilidad],"Intercambio*",Tabla1[Universidad KPIs],'Utilización Convenios'!$C6,Tabla1[Año de Movilidad],'Utilización Convenios'!E$3,Tabla1[Nivel],"Pregrado") -> 1 | F6: =COUNTIFS(Tabla2[Tipo de Movilidad],"Intercambio*",Tabla2[Universidad KPIs],'Utilización Convenios'!$C6,Tabla2[Año],'Utilización Convenios'!E$3,Tabla2[Nivel Nominación],"Undergraduate / Bachelor") -> 0 | G6: =COUNTIFS(Tabla1[Tipo de Movilidad],"Intercambio*",Tabla1[Universidad KPIs],'Utilización Convenios'!$C6,Tabla1[Año de Movilidad],'Utilización Convenios'!G$3,Tabla1[Nivel],"Pregrado") -> 1 | H6: =COUNTIFS(Tabla2[Tipo de Movilidad],"Intercambio*",Tabla2[Universidad KPIs],'Utilización Convenios'!$C6,Tabla2[Año],'Utilización Convenios'!G$3,Tabla2[Nivel Nominación],"Undergraduate / Bachelor") -> 1 | I6: =COUNTIFS(Tabla1[Tipo de Movilidad],"Intercambio*",Tabla1[Universidad KPIs],'Utilización Convenios'!$C6,Tabla1[Año de Movilidad],'Utilización Convenios'!I$3,Tabla1[Nivel],"Pregrado") -> 0 | J6: =COUNTIFS(Tabla2[Tipo de Movilidad],"Intercambio*",Tabla2[Universidad KPIs],'Utilización Convenios'!$C6,Tabla2[Año],'Utilización Convenios'!I$3,Tabla2[Nivel Nominación],"Undergraduate / Bachelor") -> 0 | K6: =COUNTIFS(Tabla1[Tipo de Movilidad],"Intercambio*",Tabla1[Universidad KPIs],'Utilización Convenios'!$C6,Tabla1[Año de Movilidad],'Utilización Convenios'!K$3,Tabla1[Nivel],"Pregrado") -> 2 | L6: =COUNTIFS(Tabla2[Tipo de Movilidad],"Intercambio*",Tabla2[Universidad KPIs],'Utilización Convenios'!$C6,Tabla2[Año],'Utilización Convenios'!K$3,Tabla2[Nivel Nominación],"Undergraduate / Bachelor") -> 1 | M6: =COUNTIFS(Tabla1[Tipo de Movilidad],"Intercambio*",Tabla1[Universidad KPIs],'Utilización Convenios'!$C6,Tabla1[Año de Movilidad],'Utilización Convenios'!M$3,Tabla1[Nivel],"Pregrado") -> 0 | N6: =COUNTIFS(Tabla2[Tipo de Movilidad],"Intercambio*",Tabla2[Universidad KPIs],'Utilización Convenios'!$C6,Tabla2[Año],'Utilización Convenios'!M$3,Tabla2[Nivel Nominación],"Undergraduate / Bachelor") -> 1 | O6: =COUNTIFS(Tabla1[Tipo de Movilidad],"Intercambio*",Tabla1[Universidad KPIs],'Utilización Convenios'!$C6,Tabla1[Año de Movilidad],'Utilización Convenios'!O$3,Tabla1[Nivel],"Pregrado") -> 1 | P6: =COUNTIFS(Tabla2[Tipo de Movilidad],"Intercambio*",Tabla2[Universidad KPIs],'Utilización Convenios'!$C6,Tabla2[Año],'Utilización Convenios'!O$3,Tabla2[Nivel Nominación],"Undergraduate / Bachelor") -> 0 | Q6: =SUMIF($E$4:$P$4,Q$4,$E6:$P6) -> 5 | R6: =SUMIF($E$4:$P$4,R$4,$E6:$P6) -> 3
C7: Aston University | D7: United Kingdom | E7: =COUNTIFS(Tabla1[Tipo de Movilidad],"Intercambio*",Tabla1[Universidad KPIs],'Utilización Convenios'!$C7,Tabla1[Año de Movilidad],'Utilización Convenios'!E$3,Tabla1[Nivel],"Pregrado") -> 2 | F7: =COUNTIFS(Tabla2[Tipo de Movilidad],"Intercambio*",Tabla2[Universidad KPIs],'Utilización Convenios'!$C7,Tabla2[Año],'Utilización Convenios'!E$3,Tabla2[Nivel Nominación],"Undergraduate / Bachelor") -> 1 | G7: =COUNTIFS(Tabla1[Tipo de Movilidad],"Intercambio*",Tabla1[Universidad KPIs],'Utilización Convenios'!$C7,Tabla1[Año de Movilidad],'Utilización Convenios'!G$3,Tabla1[Nivel],"Pregrado") -> 2 | H7: =COUNTIFS(Tabla2[Tipo de Movilidad],"Intercambio*",Tabla2[Universidad KPIs],'Utilización Convenios'!$C7,Tabla2[Año],'Utilización Convenios'!G$3,Tabla2[Nivel Nominación],"Undergraduate / Bachelor") -> 0 | I7: =COUNTIFS(Tabla1[Tipo de Movilidad],"Intercambio*",Tabla1[Universidad KPIs],'Utilización Convenios'!$C7,Tabla1[Año de Movilidad],'Utilización Convenios'!I$3,Tabla1[Nivel],"Pregrado") -> 2 | J7: =COUNTIFS(Tabla2[Tipo de Movilidad],"Intercambio*",Tabla2[Universidad KPIs],'Utilización Convenios'!$C7,Tabla2[Año],'Utilización Convenios'!I$3,Tabla2[Nivel Nominación],"Undergraduate / Bachelor") -> 0 | K7: =COUNTIFS(Tabla1[Tipo de Movilidad],"Intercambio*",Tabla1[Universidad KPIs],'Utilización Convenios'!$C7,Tabla1[Año de Movilidad],'Utilización Convenios'!K$3,Tabla1[Nivel],"Pregrado") -> 3 | L7: =COUNTIFS(Tabla2[Tipo de Movilidad],"Intercambio*",Tabla2[Universidad KPIs],'Utilización Convenios'!$C7,Tabla2[Año],'Utilización Convenios'!K$3,Tabla2[Nivel Nominación],"Undergraduate / Bachelor") -> 0 | M7: =COUNTIFS(Tabla1[Tipo de Movilidad],"Intercambio*",Tabla1[Universidad KPIs],'Utilización Convenios'!$C7,Tabla1[Año de Movilidad],'Utilización Convenios'!M$3,Tabla1[Nivel],"Pregrado") -> 2 | N7: =COUNTIFS(Tabla2[Tipo de Movilidad],"Intercambio*",Tabla2[Universidad KPIs],'Utilización Convenios'!$C7,Tabla2[Año],'Utilización Convenios'!M$3,Tabla2[Nivel Nominación],"Undergraduate / Bachelor") -> 0 | O7: =COUNTIFS(Tabla1[Tipo de Movilidad],"Intercambio*",Tabla1[Universidad KPIs],'Utilización Convenios'!$C7,Tabla1[Año de Movilidad],'Utilización Convenios'!O$3,Tabla1[Nivel],"Pregrado") -> 1 | P7: =COUNTIFS(Tabla2[Tipo de Movilidad],"Intercambio*",Tabla2[Universidad KPIs],'Utilización Convenios'!$C7,Tabla2[Año],'Utilización Convenios'!O$3,Tabla2[Nivel Nominación],"Undergraduate / Bachelor") -> 0 | Q7: =SUMIF($E$4:$P$4,Q$4,$E7:$P7) -> 12 | R7: =SUMIF($E$4:$P$4,R$4,$E7:$P7) -> 1
C8: Audencia. École de Management | D8: France | E8: =COUNTIFS(Tabla1[Tipo de Movilidad],"Intercambio*",Tabla1[Universidad KPIs],'Utilización Convenios'!$C8,Tabla1[Año de Movilidad],'Utilización Convenios'!E$3,Tabla1[Nivel],"Pregrado") -> 1 | F8: =COUNTIFS(Tabla2[Tipo de Movilidad],"Intercambio*",Tabla2[Universidad KPIs],'Utilización Convenios'!$C8,Tabla2[Año],'Utilización Convenios'!E$3,Tabla2[Nivel Nominación],"Undergraduate / Bachelor") -> 2 | G8: =COUNTIFS(Tabla1[Tipo de Movilidad],"Intercambio*",Tabla1[Universidad KPIs],'Utilización Convenios'!$C8,Tabla1[Año de Movilidad],'Utilización Convenios'!G$3,Tabla1[Nivel],"Pregrado") -> 1 | H8: =COUNTIFS(Tabla2[Tipo de Movilidad],"Intercambio*",Tabla2[Universidad KPIs],'Utilización Convenios'!$C8,Tabla2[Año],'Utilización Convenios'!G$3,Tabla2[Nivel Nominación],"Undergraduate / Bachelor") -> 1 | I8: =COUNTIFS(Tabla1[Tipo de Movilidad],"Intercambio*",Tabla1[Universidad KPIs],'Utilización Convenios'!$C8,Tabla1[Año de Movilidad],'Utilización Convenios'!I$3,Tabla1[Nivel],"Pregrado") -> 2 | J8: =COUNTIFS(Tabla2[Tipo de Movilidad],"Intercambio*",Tabla2[Universidad KPIs],'Utilización Convenios'!$C8,Tabla2[Año],'Utilización Convenios'!I$3,Tabla2[Nivel Nominación],"Undergraduate / Bachelor") -> 3 | K8: =COUNTIFS(Tabla1[Tipo de Movilidad],"Intercambio*",Tabla1[Universidad KPIs],'Utilización Convenios'!$C8,Tabla1[Año de Movilidad],'Utilización Convenios'!K$3,Tabla1[Nivel],"Pregrado") -> 3 | L8: =COUNTIFS(Tabla2[Tipo de Movilidad],"Intercambio*",Tabla2[Universidad KPIs],'Utilización Convenios'!$C8,Tabla2[Año],'Utilización Convenios'!K$3,Tabla2[Nivel Nominación],"Undergraduate / Bachelor") -> 4 | M8: =COUNTIFS(Tabla1[Tipo de Movilidad],"Intercambio*",Tabla1[Universidad KPIs],'Utilización Convenios'!$C8,Tabla1[Año de Movilidad],'Utilización Convenios'!M$3,Tabla1[Nivel],"Pregrado") -> 1 | N8: =COUNTIFS(Tabla2[Tipo de Movilidad],"Intercambio*",Tabla2[Universidad KPIs],'Utilización Convenios'!$C8,Tabla2[Año],'Utilización Convenios'!M$3,Tabla2[Nivel Nominación],"Undergraduate / Bachelor") -> 2 | O8: =COUNTIFS(Tabla1[Tipo de Movilidad],"Intercambio*",Tabla1[Universidad KPIs],'Utilización Convenios'!$C8,Tabla1[Año de Movilidad],'Utilización Convenios'!O$3,Tabla1[Nivel],"Pregrado") -> 1 | P8: =COUNTIFS(Tabla2[Tipo de Movilidad],"Intercambio*",Tabla2[Universidad KPIs],'Utilización Convenios'!$C8,Tabla2[Año],'Utilización Convenios'!O$3,Tabla2[Nivel Nominación],"Undergraduate / Bachelor") -> 1 | Q8: =SUMIF($E$4:$P$4,Q$4,$E8:$P8) -> 9 | R8: =SUMIF($E$4:$P$4,R$4,$E8:$P8) -> 13
C9: BI Norwegian Business School | D9: Norway | E9: =COUNTIFS(Tabla1[Tipo de Movilidad],"Intercambio*",Tabla1[Universidad KPIs],'Utilización Convenios'!$C9,Tabla1[Año de Movilidad],'Utilización Convenios'!E$3,Tabla1[Nivel],"Pregrado") -> 0 | F9: =COUNTIFS(Tabla2[Tipo de Movilidad],"Intercambio*",Tabla2[Universidad KPIs],'Utilización Convenios'!$C9,Tabla2[Año],'Utilización Convenios'!E$3,Tabla2[Nivel Nominación],"Undergraduate / Bachelor") -> 0 | G9: =COUNTIFS(Tabla1[Tipo de Movilidad],"Intercambio*",Tabla1[Universidad KPIs],'Utilización Convenios'!$C9,Tabla1[Año de Movilidad],'Utilización Convenios'!G$3,Tabla1[Nivel],"Pregrado") -> 0 | H9: =COUNTIFS(Tabla2[Tipo de Movilidad],"Intercambio*",Tabla2[Universidad KPIs],'Utilización Convenios'!$C9,Tabla2[Año],'Utilización Convenios'!G$3,Tabla2[Nivel Nominación],"Undergraduate / Bachelor") -> 0 | I9: =COUNTIFS(Tabla1[Tipo de Movilidad],"Intercambio*",Tabla1[Universidad KPIs],'Utilización Convenios'!$C9,Tabla1[Año de Movilidad],'Utilización Convenios'!I$3,Tabla1[Nivel],"Pregrado") -> 0 | J9: =COUNTIFS(Tabla2[Tipo de Movilidad],"Intercambio*",Tabla2[Universidad KPIs],'Utilización Convenios'!$C9,Tabla2[Año],'Utilización Convenios'!I$3,Tabla2[Nivel Nominación],"Undergraduate / Bachelor") -> 0 | K9: =COUNTIFS(Tabla1[Tipo de Movilidad],"Intercambio*",Tabla1[Universidad KPIs],'Utilización Convenios'!$C9,Tabla1[Año de Movilidad],'Utilización Convenios'!K$3,Tabla1[Nivel],"Pregrado") -> 2 | L9: =COUNTIFS(Tabla2[Tipo de Movilidad],"Intercambio*",Tabla2[Universidad KPIs],'Utilización Convenios'!$C9,Tabla2[Año],'Utilización Convenios'!K$3,Tabla2[Nivel Nominación],"Undergraduate / Bachelor") -> 0 | M9: =COUNTIFS(Tabla1[Tipo de Movilidad],"Intercambio*",Tabla1[Universidad KPIs],'Utilización Convenios'!$C9,Tabla1[Año de Movilidad],'Utilización Convenios'!M$3,Tabla1[Nivel],"Pregrado") -> 2 | N9: =COUNTIFS(Tabla2[Tipo de Movilidad],"Intercambio*",Tabla2[Universidad KPIs],'Utilización Convenios'!$C9,Tabla2[Año],'Utilización Convenios'!M$3,Tabla2[Nivel Nominación],"Undergraduate / Bachelor") -> 0 | O9: =COUNTIFS(Tabla1[Tipo de Movilidad],"Intercambio*",Tabla1[Universidad KPIs],'Utilización Convenios'!$C9,Tabla1[Año de Movilidad],'Utilización Convenios'!O$3,Tabla1[Nivel],"Pregrado") -> 0 | P9: =COUNTIFS(Tabla2[Tipo de Movilidad],"Intercambio*",Tabla2[Universidad KPIs],'Utilización Convenios'!$C9,Tabla2[Año],'Utilización Convenios'!O$3,Tabla2[Nivel Nominación],"Undergraduate / Bachelor") -> 0 | Q9: =SUMIF($E$4:$P$4,Q$4,$E9:$P9) -> 4 | R9: =SUMIF($E$4:$P$4,R$4,$E9:$P9) -> 0
C10: Catolica Lisbon Business & Economics. Universidade Católica Portuguesa | D10: Portugal | E10: =COUNTIFS(Tabla1[Tipo de Movilidad],"Intercambio*",Tabla1[Universidad KPIs],'Utilización Convenios'!$C10,Tabla1[Año de Movilidad],'Utilización Convenios'!E$3,Tabla1[Nivel],"Pregrado") -> 2 | F10: =COUNTIFS(Tabla2[Tipo de Movilidad],"Intercambio*",Tabla2[Universidad KPIs],'Utilización Convenios'!$C10,Tabla2[Año],'Utilización Convenios'!E$3,Tabla2[Nivel Nominación],"Undergraduate / Bachelor") -> 0 | G10: =COUNTIFS(Tabla1[Tipo de Movilidad],"Intercambio*",Tabla1[Universidad KPIs],'Utilización Convenios'!$C10,Tabla1[Año de Movilidad],'Utilización Convenios'!G$3,Tabla1[Nivel],"Pregrado") -> 2 | H10: =COUNTIFS(Tabla2[Tipo de Movilidad],"Intercambio*",Tabla2[Universidad KPIs],'Utilización Convenios'!$C10,Tabla2[Año],'Utilización Convenios'!G$3,Tabla2[Nivel Nominación],"Undergraduate / Bachelor") -> 0 | I10: =COUNTIFS(Tabla1[Tipo de Movilidad],"Intercambio*",Tabla1[Universidad KPIs],'Utilización Convenios'!$C10,Tabla1[Año de Movilidad],'Utilización Convenios'!I$3,Tabla1[Nivel],"Pregrado") -> 4 | J10: =COUNTIFS(Tabla2[Tipo de Movilidad],"Intercambio*",Tabla2[Universidad KPIs],'Utilización Convenios'!$C10,Tabla2[Año],'Utilización Convenios'!I$3,Tabla2[Nivel Nominación],"Undergraduate / Bachelor") -> 1 | K10: =COUNTIFS(Tabla1[Tipo de Movilidad],"Intercambio*",Tabla1[Universidad KPIs],'Utilización Convenios'!$C10,Tabla1[Año de Movilidad],'Utilización Convenios'!K$3,Tabla1[Nivel],"Pregrado") -> 3 | L10: =COUNTIFS(Tabla2[Tipo de Movilidad],"Intercambio*",Tabla2[Universidad KPIs],'Utilización Convenios'!$C10,Tabla2[Año],'Utilización Convenios'!K$3,Tabla2[Nivel Nominación],"Undergraduate / Bachelor") -> 4 | M10: =COUNTIFS(Tabla1[Tipo de Movilidad],"Intercambio*",Tabla1[Universidad KPIs],'Utilización Convenios'!$C10,Tabla1[Año de Movilidad],'Utilización Convenios'!M$3,Tabla1[Nivel],"Pregrado") -> 2 | N10: =COUNTIFS(Tabla2[Tipo de Movilidad],"Intercambio*",Tabla2[Universidad KPIs],'Utilización Convenios'!$C10,Tabla2[Año],'Utilización Convenios'!M$3,Tabla2[Nivel Nominación],"Undergraduate / Bachelor") -> 2 | O10: =COUNTIFS(Tabla1[Tipo de Movilidad],"Intercambio*",Tabla1[Universidad KPIs],'Utilización Convenios'!$C10,Tabla1[Año de Movilidad],'Utilización Convenios'!O$3,Tabla1[Nivel],"Pregrado") -> 2 | P10: =COUNTIFS(Tabla2[Tipo de Movilidad],"Intercambio*",Tabla2[Universidad KPIs],'Utilización Convenios'!$C10,Tabla2[Año],'Utilización Convenios'!O$3,Tabla2[Nivel Nominación],"Undergraduate / Bachelor") -> 0 | Q10: =SUMIF($E$4:$P$4,Q$4,$E10:$P10) -> 15 | R10: =SUMIF($E$4:$P$4,R$4,$E10:$P10) -> 7
C11: CBS- Copenhagen Business School | D11: Denmark | E11: =COUNTIFS(Tabla1[Tipo de Movilidad],"Intercambio*",Tabla1[Universidad KPIs],'Utilización Convenios'!$C11,Tabla1[Año de Movilidad],'Utilización Convenios'!E$3,Tabla1[Nivel],"Pregrado") -> 2 | F11: =COUNTIFS(Tabla2[Tipo de Movilidad],"Intercambio*",Tabla2[Universidad KPIs],'Utilización Convenios'!$C11,Tabla2[Año],'Utilización Convenios'!E$3,Tabla2[Nivel Nominación],"Undergraduate / Bachelor") -> 0 | G11: =COUNTIFS(Tabla1[Tipo de Movilidad],"Intercambio*",Tabla1[Universidad KPIs],'Utilización Convenios'!$C11,Tabla1[Año de Movilidad],'Utilización Convenios'!G$3,Tabla1[Nivel],"Pregrado") -> 2 | H11: =COUNTIFS(Tabla2[Tipo de Movilidad],"Intercambio*",Tabla2[Universidad KPIs],'Utilización Convenios'!$C11,Tabla2[Año],'Utilización Convenios'!G$3,Tabla2[Nivel Nominación],"Undergraduate / Bachelor") -> 1 | I11: =COUNTIFS(Tabla1[Tipo de Movilidad],"Intercambio*",Tabla1[Universidad KPIs],'Utilización Convenios'!$C11,Tabla1[Año de Movilidad],'Utilización Convenios'!I$3,Tabla1[Nivel],"Pregrado") -> 2 | J11: =COUNTIFS(Tabla2[Tipo de Movilidad],"Intercambio*",Tabla2[Universidad KPIs],'Utilización Convenios'!$C11,Tabla2[Año],'Utilización Convenios'!I$3,Tabla2[Nivel Nominación],"Undergraduate / Bachelor") -> 3 | K11: =COUNTIFS(Tabla1[Tipo de Movilidad],"Intercambio*",Tabla1[Universidad KPIs],'Utilización Convenios'!$C11,Tabla1[Año de Movilidad],'Utilización Convenios'!K$3,Tabla1[Nivel],"Pregrado") -> 2 | L11: =COUNTIFS(Tabla2[Tipo de Movilidad],"Intercambio*",Tabla2[Universidad KPIs],'Utilización Convenios'!$C11,Tabla2[Año],'Utilización Convenios'!K$3,Tabla2[Nivel Nominación],"Undergraduate / Bachelor") -> 2 | M11: =COUNTIFS(Tabla1[Tipo de Movilidad],"Intercambio*",Tabla1[Universidad KPIs],'Utilización Convenios'!$C11,Tabla1[Año de Movilidad],'Utilización Convenios'!M$3,Tabla1[Nivel],"Pregrado") -> 1 | N11: =COUNTIFS(Tabla2[Tipo de Movilidad],"Intercambio*",Tabla2[Universidad KPIs],'Utilización Convenios'!$C11,Tabla2[Año],'Utilización Convenios'!M$3,Tabla2[Nivel Nominación],"Undergraduate / Bachelor") -> 1 | O11: =COUNTIFS(Tabla1[Tipo de Movilidad],"Intercambio*",Tabla1[Universidad KPIs],'Utilización Convenios'!$C11,Tabla1[Año de Movilidad],'Utilización Convenios'!O$3,Tabla1[Nivel],"Pregrado") -> 2 | P11: =COUNTIFS(Tabla2[Tipo de Movilidad],"Intercambio*",Tabla2[Universidad KPIs],'Utilización Convenios'!$C11,Tabla2[Año],'Utilización Convenios'!O$3,Tabla2[Nivel Nominación],"Undergraduate / Bachelor") -> 0 | Q11: =SUMIF($E$4:$P$4,Q$4,$E11:$P11) -> 11 | R11: =SUMIF($E$4:$P$4,R$4,$E11:$P11) -> 7
C12: City University of Hong Kong | D12: China | E12: =COUNTIFS(Tabla1[Tipo de Movilidad],"Intercambio*",Tabla1[Universidad KPIs],'Utilización Convenios'!$C12,Tabla1[Año de Movilidad],'Utilización Convenios'!E$3,Tabla1[Nivel],"Pregrado") -> 0 | F12: =COUNTIFS(Tabla2[Tipo de Movilidad],"Intercambio*",Tabla2[Universidad KPIs],'Utilización Convenios'!$C12,Tabla2[Año],'Utilización Convenios'!E$3,Tabla2[Nivel Nominación],"Undergraduate / Bachelor") -> 0 | G12: =COUNTIFS(Tabla1[Tipo de Movilidad],"Intercambio*",Tabla1[Universidad KPIs],'Utilización Convenios'!$C12,Tabla1[Año de Movilidad],'Utilización Convenios'!G$3,Tabla1[Nivel],"Pregrado") -> 0 | H12: =COUNTIFS(Tabla2[Tipo de Movilidad],"Intercambio*",Tabla2[Universidad KPIs],'Utilización Convenios'!$C12,Tabla2[Año],'Utilización Convenios'!G$3,Tabla2[Nivel Nominación],"Undergraduate / Bachelor") -> 0 | I12: =COUNTIFS(Tabla1[Tipo de Movilidad],"Intercambio*",Tabla1[Universidad KPIs],'Utilización Convenios'!$C12,Tabla1[Año de Movilidad],'Utilización Convenios'!I$3,Tabla1[Nivel],"Pregrado") -> 1 | J12: =COUNTIFS(Tabla2[Tipo de Movilidad],"Intercambio*",Tabla2[Universidad KPIs],'Utilización Convenios'!$C12,Tabla2[Año],'Utilización Convenios'!I$3,Tabla2[Nivel Nominación],"Undergraduate / Bachelor") -> 0 | K12: =COUNTIFS(Tabla1[Tipo de Movilidad],"Intercambio*",Tabla1[Universidad KPIs],'Utilización Convenios'!$C12,Tabla1[Año de Movilidad],'Utilización Convenios'!K$3,Tabla1[Nivel],"Pregrado") -> 2 | L12: =COUNTIFS(Tabla2[Tipo de Movilidad],"Intercambio*",Tabla2[Universidad KPIs],'Utilización Convenios'!$C12,Tabla2[Año],'Utilización Convenios'!K$3,Tabla2[Nivel Nominación],"Undergraduate / Bachelor") -> 0 | M12: =COUNTIFS(Tabla1[Tipo de Movilidad],"Intercambio*",Tabla1[Universidad KPIs],'Utilización Convenios'!$C12,Tabla1[Año de Movilidad],'Utilización Convenios'!M$3,Tabla1[Nivel],"Pregrado") -> 0 | N12: =COUNTIFS(Tabla2[Tipo de Movilidad],"Intercambio*",Tabla2[Universidad KPIs],'Utilización Convenios'!$C12,Tabla2[Año],'Utilización Convenios'!M$3,Tabla2[Nivel Nominación],"Undergraduate / Bachelor") -> 0 | O12: =COUNTIFS(Tabla1[Tipo de Movilidad],"Intercambio*",Tabla1[Universidad KPIs],'Utilización Convenios'!$C12,Tabla1[Año de Movilidad],'Utilización Convenios'!O$3,Tabla1[Nivel],"Pregrado") -> 1 | P12: =COUNTIFS(Tabla2[Tipo de Movilidad],"Intercambio*",Tabla2[Universidad KPIs],'Utilización Convenios'!$C12,Tabla2[Año],'Utilización Convenios'!O$3,Tabla2[Nivel Nominación],"Undergraduate / Bachelor") -> 0 | Q12: =SUMIF($E$4:$P$4,Q$4,$E12:$P12) -> 4 | R12: =SUMIF($E$4:$P$4,R$4,$E12:$P12) -> 0
C13: EDHEC Business School | D13: France | E13: =COUNTIFS(Tabla1[Tipo de Movilidad],"Intercambio*",Tabla1[Universidad KPIs],'Utilización Convenios'!$C13,Tabla1[Año de Movilidad],'Utilización Convenios'!E$3,Tabla1[Nivel],"Pregrado") -> 0 | F13: =COUNTIFS(Tabla2[Tipo de Movilidad],"Intercambio*",Tabla2[Universidad KPIs],'Utilización Convenios'!$C13,Tabla2[Año],'Utilización Convenios'!E$3,Tabla2[Nivel Nominación],"Undergraduate / Bachelor") -> 1 | G13: =COUNTIFS(Tabla1[Tipo de Movilidad],"Intercambio*",Tabla1[Universidad KPIs],'Utilización Convenios'!$C13,Tabla1[Año de Movilidad],'Utilización Convenios'!G$3,Tabla1[Nivel],"Pregrado") -> 0 | H13: =COUNTIFS(Tabla2[Tipo de Movilidad],"Intercambio*",Tabla2[Universidad KPIs],'Utilización Convenios'!$C13,Tabla2[Año],'Utilización Convenios'!G$3,Tabla2[Nivel Nominación],"Undergraduate / Bachelor") -> 0 | I13: =COUNTIFS(Tabla1[Tipo de Movilidad],"Intercambio*",Tabla1[Universidad KPIs],'Utilización Convenios'!$C13,Tabla1[Año de Movilidad],'Utilización Convenios'!I$3,Tabla1[Nivel],"Pregrado") -> 3 | J13: =COUNTIFS(Tabla2[Tipo de Movilidad],"Intercambio*",Tabla2[Universidad KPIs],'Utilización Convenios'!$C13,Tabla2[Año],'Utilización Convenios'!I$3,Tabla2[Nivel Nominación],"Undergraduate / Bachelor") -> 0 | K13: =COUNTIFS(Tabla1[Tipo de Movilidad],"Intercambio*",Tabla1[Universidad KPIs],'Utilización Convenios'!$C13,Tabla1[Año de Movilidad],'Utilización Convenios'!K$3,Tabla1[Nivel],"Pregrado") -> 2 | L13: =COUNTIFS(Tabla2[Tipo de Movilidad],"Intercambio*",Tabla2[Universidad KPIs],'Utilización Convenios'!$C13,Tabla2[Año],'Utilización Convenios'!K$3,Tabla2[Nivel Nominación],"Undergraduate / Bachelor") -> 2 | M13: =COUNTIFS(Tabla1[Tipo de Movilidad],"Intercambio*",Tabla1[Universidad KPIs],'Utilización Convenios'!$C13,Tabla1[Año de Movilidad],'Utilización Convenios'!M$3,Tabla1[Nivel],"Pregrado") -> 2 | N13: =COUNTIFS(Tabla2[Tipo de Movilidad],"Intercambio*",Tabla2[Universidad KPIs],'Utilización Convenios'!$C13,Tabla2[Año],'Utilización Convenios'!M$3,Tabla2[Nivel Nominación],"Undergraduate / Bachelor") -> 0 | O13: =COUNTIFS(Tabla1[Tipo de Movilidad],"Intercambio*",Tabla1[Universidad KPIs],'Utilización Convenios'!$C13,Tabla1[Año de Movilidad],'Utilización Convenios'!O$3,Tabla1[Nivel],"Pregrado") -> 1 | P13: =COUNTIFS(Tabla2[Tipo de Movilidad],"Intercambio*",Tabla2[Universidad KPIs],'Utilización Convenios'!$C13,Tabla2[Año],'Utilización Convenios'!O$3,Tabla2[Nivel Nominación],"Undergraduate / Bachelor") -> 0 | Q13: =SUMIF($E$4:$P$4,Q$4,$E13:$P13) -> 8 | R13: =SUMIF($E$4:$P$4,R$4,$E13:$P13) -> 3
C14: EM Strasbourg | D14: France | E14: =COUNTIFS(Tabla1[Tipo de Movilidad],"Intercambio*",Tabla1[Universidad KPIs],'Utilización Convenios'!$C14,Tabla1[Año de Movilidad],'Utilización Convenios'!E$3,Tabla1[Nivel],"Pregrado") -> 0 | F14: =COUNTIFS(Tabla2[Tipo de Movilidad],"Intercambio*",Tabla2[Universidad KPIs],'Utilización Convenios'!$C14,Tabla2[Año],'Utilización Convenios'!E$3,Tabla2[Nivel Nominación],"Undergraduate / Bachelor") -> 1 | G14: =COUNTIFS(Tabla1[Tipo de Movilidad],"Intercambio*",Tabla1[Universidad KPIs],'Utilización Convenios'!$C14,Tabla1[Año de Movilidad],'Utilización Convenios'!G$3,Tabla1[Nivel],"Pregrado") -> 0 | H14: =COUNTIFS(Tabla2[Tipo de Movilidad],"Intercambio*",Tabla2[Universidad KPIs],'Utilización Convenios'!$C14,Tabla2[Año],'Utilización Convenios'!G$3,Tabla2[Nivel Nominación],"Undergraduate / Bachelor") -> 1 | I14: =COUNTIFS(Tabla1[Tipo de Movilidad],"Intercambio*",Tabla1[Universidad KPIs],'Utilización Convenios'!$C14,Tabla1[Año de Movilidad],'Utilización Convenios'!I$3,Tabla1[Nivel],"Pregrado") -> 0 | J14: =COUNTIFS(Tabla2[Tipo de Movilidad],"Intercambio*",Tabla2[Universidad KPIs],'Utilización Convenios'!$C14,Tabla2[Año],'Utilización Convenios'!I$3,Tabla2[Nivel Nominación],"Undergraduate / Bachelor") -> 1 | K14: =COUNTIFS(Tabla1[Tipo de Movilidad],"Intercambio*",Tabla1[Universidad KPIs],'Utilización Convenios'!$C14,Tabla1[Año de Movilidad],'Utilización Convenios'!K$3,Tabla1[Nivel],"Pregrado") -> 3 | L14: =COUNTIFS(Tabla2[Tipo de Movilidad],"Intercambio*",Tabla2[Universidad KPIs],'Utilización Convenios'!$C14,Tabla2[Año],'Utilización Convenios'!K$3,Tabla2[Nivel Nominación],"Undergraduate / Bachelor") -> 1 | M14: =COUNTIFS(Tabla1[Tipo de Movilidad],"Intercambio*",Tabla1[Universidad KPIs],'Utilización Convenios'!$C14,Tabla1[Año de Movilidad],'Utilización Convenios'!M$3,Tabla1[Nivel],"Pregrado") -> 2 | N14: =COUNTIFS(Tabla2[Tipo de Movilidad],"Intercambio*",Tabla2[Universidad KPIs],'Utilización Convenios'!$C14,Tabla2[Año],'Utilización Convenios'!M$3,Tabla2[Nivel Nominación],"Undergraduate / Bachelor") -> 1 | O14: =COUNTIFS(Tabla1[Tipo de Movilidad],"Intercambio*",Tabla1[Universidad KPIs],'Utilización Convenios'!$C14,Tabla1[Año de Movilidad],'Utilización Convenios'!O$3,Tabla1[Nivel],"Pregrado") -> 1 | P14: =COUNTIFS(Tabla2[Tipo de Movilidad],"Intercambio*",Tabla2[Universidad KPIs],'Utilización Convenios'!$C14,Tabla2[Año],'Utilización Convenios'!O$3,Tabla2[Nivel Nominación],"Undergraduate / Bachelor") -> 0 | Q14: =SUMIF($E$4:$P$4,Q$4,$E14:$P14) -> 6 | R14: =SUMIF($E$4:$P$4,R$4,$E14:$P14) -> 5
C15: ESADE | D15: Spain | E15: =COUNTIFS(Tabla1[Tipo de Movilidad],"Intercambio*",Tabla1[Universidad KPIs],'Utilización Convenios'!$C15,Tabla1[Año de Movilidad],'Utilización Convenios'!E$3,Tabla1[Nivel],"Pregrado") -> 2 | F15: =COUNTIFS(Tabla2[Tipo de Movilidad],"Intercambio*",Tabla2[Universidad KPIs],'Utilización Convenios'!$C15,Tabla2[Año],'Utilización Convenios'!E$3,Tabla2[Nivel Nominación],"Undergraduate / Bachelor") -> 0 | G15: =COUNTIFS(Tabla1[Tipo de Movilidad],"Intercambio*",Tabla1[Universidad KPIs],'Utilización Convenios'!$C15,Tabla1[Año de Movilidad],'Utilización Convenios'!G$3,Tabla1[Nivel],"Pregrado") -> 2 | H15: =COUNTIFS(Tabla2[Tipo de Movilidad],"Intercambio*",Tabla2[Universidad KPIs],'Utilización Convenios'!$C15,Tabla2[Año],'Utilización Convenios'!G$3,Tabla2[Nivel Nominación],"Undergraduate / Bachelor") -> 1 | I15: =COUNTIFS(Tabla1[Tipo de Movilidad],"Intercambio*",Tabla1[Universidad KPIs],'Utilización Convenios'!$C15,Tabla1[Año de Movilidad],'Utilización Convenios'!I$3,Tabla1[Nivel],"Pregrado") -> 6 | J15: =COUNTIFS(Tabla2[Tipo de Movilidad],"Intercambio*",Tabla2[Universidad KPIs],'Utilización Convenios'!$C15,Tabla2[Año],'Utilización Convenios'!I$3,Tabla2[Nivel Nominación],"Undergraduate / Bachelor") -> 1 | K15: =COUNTIFS(Tabla1[Tipo de Movilidad],"Intercambio*",Tabla1[Universidad KPIs],'Utilización Convenios'!$C15,Tabla1[Año de Movilidad],'Utilización Convenios'!K$3,Tabla1[Nivel],"Pregrado") -> 4 | L15: =COUNTIFS(Tabla2[Tipo de Movilidad],"Intercambio*",Tabla2[Universidad KPIs],'Utilización Convenios'!$C15,Tabla2[Año],'Utilización Convenios'!K$3,Tabla2[Nivel Nominación],"Undergraduate / Bachelor") -> 5 | M15: =COUNTIFS(Tabla1[Tipo de Movilidad],"Intercambio*",Tabla1[Universidad KPIs],'Utilización Convenios'!$C15,Tabla1[Año de Movilidad],'Utilización Convenios'!M$3,Tabla1[Nivel],"Pregrado") -> 2 | N15: =COUNTIFS(Tabla2[Tipo de Movilidad],"Intercambio*",Tabla2[Universidad KPIs],'Utilización Convenios'!$C15,Tabla2[Año],'Utilización Convenios'!M$3,Tabla2[Nivel Nominación],"Undergraduate / Bachelor") -> 2 | O15: =COUNTIFS(Tabla1[Tipo de Movilidad],"Intercambio*",Tabla1[Universidad KPIs],'Utilización Convenios'!$C15,Tabla1[Año de Movilidad],'Utilización Convenios'!O$3,Tabla1[Nivel],"Pregrado") -> 2 | P15: =COUNTIFS(Tabla2[Tipo de Movilidad],"Intercambio*",Tabla2[Universidad KPIs],'Utilización Convenios'!$C15,Tabla2[Año],'Utilización Convenios'!O$3,Tabla2[Nivel Nominación],"Undergraduate / Bachelor") -> 0 | Q15: =SUMIF($E$4:$P$4,Q$4,$E15:$P15) -> 18 | R15: =SUMIF($E$4:$P$4,R$4,$E15:$P15) -> 9
C16: ESC Rouen (NEOMA) | D16: France | E16: =COUNTIFS(Tabla1[Tipo de Movilidad],"Intercambio*",Tabla1[Universidad KPIs],'Utilización Convenios'!$C16,Tabla1[Año de Movilidad],'Utilización Convenios'!E$3,Tabla1[Nivel],"Pregrado") -> 1 | F16: =COUNTIFS(Tabla2[Tipo de Movilidad],"Intercambio*",Tabla2[Universidad KPIs],'Utilización Convenios'!$C16,Tabla2[Año],'Utilización Convenios'!E$3,Tabla2[Nivel Nominación],"Undergraduate / Bachelor") -> 0 | G16: =COUNTIFS(Tabla1[Tipo de Movilidad],"Intercambio*",Tabla1[Universidad KPIs],'Utilización Convenios'!$C16,Tabla1[Año de Movilidad],'Utilización Convenios'!G$3,Tabla1[Nivel],"Pregrado") -> 4 | H16: =COUNTIFS(Tabla2[Tipo de Movilidad],"Intercambio*",Tabla2[Universidad KPIs],'Utilización Convenios'!$C16,Tabla2[Año],'Utilización Convenios'!G$3,Tabla2[Nivel Nominación],"Undergraduate / Bachelor") -> 0 | I16: =COUNTIFS(Tabla1[Tipo de Movilidad],"Intercambio*",Tabla1[Universidad KPIs],'Utilización Convenios'!$C16,Tabla1[Año de Movilidad],'Utilización Convenios'!I$3,Tabla1[Nivel],"Pregrado") -> 6 | J16: =COUNTIFS(Tabla2[Tipo de Movilidad],"Intercambio*",Tabla2[Universidad KPIs],'Utilización Convenios'!$C16,Tabla2[Año],'Utilización Convenios'!I$3,Tabla2[Nivel Nominación],"Undergraduate / Bachelor") -> 0 | K16: =COUNTIFS(Tabla1[Tipo de Movilidad],"Intercambio*",Tabla1[Universidad KPIs],'Utilización Convenios'!$C16,Tabla1[Año de Movilidad],'Utilización Convenios'!K$3,Tabla1[Nivel],"Pregrado") -> 4 | L16: =COUNTIFS(Tabla2[Tipo de Movilidad],"Intercambio*",Tabla2[Universidad KPIs],'Utilización Convenios'!$C16,Tabla2[Año],'Utilización Convenios'!K$3,Tabla2[Nivel Nominación],"Undergraduate / Bachelor") -> 3 | M16: =COUNTIFS(Tabla1[Tipo de Movilidad],"Intercambio*",Tabla1[Universidad KPIs],'Utilización Convenios'!$C16,Tabla1[Año de Movilidad],'Utilización Convenios'!M$3,Tabla1[Nivel],"Pregrado") -> 2 | N16: =COUNTIFS(Tabla2[Tipo de Movilidad],"Intercambio*",Tabla2[Universidad KPIs],'Utilización Convenios'!$C16,Tabla2[Año],'Utilización Convenios'!M$3,Tabla2[Nivel Nominación],"Undergraduate / Bachelor") -> 0 | O16: =COUNTIFS(Tabla1[Tipo de Movilidad],"Intercambio*",Tabla1[Universidad KPIs],'Utilización Convenios'!$C16,Tabla1[Año de Movilidad],'Utilización Convenios'!O$3,Tabla1[Nivel],"Pregrado") -> 2 | P16: =COUNTIFS(Tabla2[Tipo de Movilidad],"Intercambio*",Tabla2[Universidad KPIs],'Utilización Convenios'!$C16,Tabla2[Año],'Utilización Convenios'!O$3,Tabla2[Nivel Nominación],"Undergraduate / Bachelor") -> 1 | Q16: =SUMIF($E$4:$P$4,Q$4,$E16:$P16) -> 19 | R16: =SUMIF($E$4:$P$4,R$4,$E16:$P16) -> 4
C17: ESCP | D17: France | E17: =COUNTIFS(Tabla1[Tipo de Movilidad],"Intercambio*",Tabla1[Universidad KPIs],'Utilización Convenios'!$C17,Tabla1[Año de Movilidad],'Utilización Convenios'!E$3,Tabla1[Nivel],"Pregrado") -> 1 | F17: =COUNTIFS(Tabla2[Tipo de Movilidad],"Intercambio*",Tabla2[Universidad KPIs],'Utilización Convenios'!$C17,Tabla2[Año],'Utilización Convenios'!E$3,Tabla2[Nivel Nominación],"Undergraduate / Bachelor") -> 0 | G17: =COUNTIFS(Tabla1[Tipo de Movilidad],"Intercambio*",Tabla1[Universidad KPIs],'Utilización Convenios'!$C17,Tabla1[Año de Movilidad],'Utilización Convenios'!G$3,Tabla1[Nivel],"Pregrado") -> 3 | H17: =COUNTIFS(Tabla2[Tipo de Movilidad],"Intercambio*",Tabla2[Universidad KPIs],'Utilización Convenios'!$C17,Tabla2[Año],'Utilización Convenios'!G$3,Tabla2[Nivel Nominación],"Undergraduate / Bachelor") -> 0 | I17: =COUNTIFS(Tabla1[Tipo de Movilidad],"Intercambio*",Tabla1[Universidad KPIs],'Utilización Convenios'!$C17,Tabla1[Año de Movilidad],'Utilización Convenios'!I$3,Tabla1[Nivel],"Pregrado") -> 0 | J17: =COUNTIFS(Tabla2[Tipo de Movilidad],"Intercambio*",Tabla2[Universidad KPIs],'Utilización Convenios'!$C17,Tabla2[Año],'Utilización Convenios'!I$3,Tabla2[Nivel Nominación],"Undergraduate / Bachelor") -> 0 | K17: =COUNTIFS(Tabla1[Tipo de Movilidad],"Intercambio*",Tabla1[Universidad KPIs],'Utilización Convenios'!$C17,Tabla1[Año de Movilidad],'Utilización Convenios'!K$3,Tabla1[Nivel],"Pregrado") -> 4 | L17: =COUNTIFS(Tabla2[Tipo de Movilidad],"Intercambio*",Tabla2[Universidad KPIs],'Utilización Convenios'!$C17,Tabla2[Año],'Utilización Convenios'!K$3,Tabla2[Nivel Nominación],"Undergraduate / Bachelor") -> 0 | M17: =COUNTIFS(Tabla1[Tipo de Movilidad],"Intercambio*",Tabla1[Universidad KPIs],'Utilización Convenios'!$C17,Tabla1[Año de Movilidad],'Utilización Convenios'!M$3,Tabla1[Nivel],"Pregrado") -> 3 | N17: =COUNTIFS(Tabla2[Tipo de Movilidad],"Intercambio*",Tabla2[Universidad KPIs],'Utilización Convenios'!$C17,Tabla2[Año],'Utilización Convenios'!M$3,Tabla2[Nivel Nominación],"Undergraduate / Bachelor") -> 1 | O17: =COUNTIFS(Tabla1[Tipo de Movilidad],"Intercambio*",Tabla1[Universidad KPIs],'Utilización Convenios'!$C17,Tabla1[Año de Movilidad],'Utilización Convenios'!O$3,Tabla1[Nivel],"Pregrado") -> 1 | P17: =COUNTIFS(Tabla2[Tipo de Movilidad],"Intercambio*",Tabla2[Universidad KPIs],'Utilización Convenios'!$C17,Tabla2[Año],'Utilización Convenios'!O$3,Tabla2[Nivel Nominación],"Undergraduate / Bachelor") -> 0 | Q17: =SUMIF($E$4:$P$4,Q$4,$E17:$P17) -> 12 | R17: =SUMIF($E$4:$P$4,R$4,$E17:$P17) -> 1
... C63: Warsaw School of Economics | D63: Warsaw | E63: =COUNTIFS(Tabla1[Tipo de Movilidad],"Intercambio*",Tabla1[Universidad KPIs],'Utilización Convenios'!$C63,Tabla1[Año de Movilidad],'Utilización Convenios'!E$3,Tabla1[Nivel],"Pregrado") -> 0 | F63: =COUNTIFS(Tabla2[Tipo de Movilidad],"Intercambio*",Tabla2[Universidad KPIs],'Utilización Convenios'!$C63,Tabla2[Año],'Utilización Convenios'!E$3,Tabla2[Nivel Nominación],"Undergraduate / Bachelor") -> 0 | G63: =COUNTIFS(Tabla1[Tipo de Movilidad],"Intercambio*",Tabla1[Universidad KPIs],'Utilización Convenios'!$C63,Tabla1[Año de Movilidad],'Utilización Convenios'!G$3,Tabla1[Nivel],"Pregrado") -> 0 | H63: =COUNTIFS(Tabla2[Tipo de Movilidad],"Intercambio*",Tabla2[Universidad KPIs],'Utilización Convenios'!$C63,Tabla2[Año],'Utilización Convenios'!G$3,Tabla2[Nivel Nominación],"Undergraduate / Bachelor") -> 0 | I63: =COUNTIFS(Tabla1[Tipo de Movilidad],"Intercambio*",Tabla1[Universidad KPIs],'Utilización Convenios'!$C63,Tabla1[Año de Movilidad],'Utilización Convenios'!I$3,Tabla1[Nivel],"Pregrado") -> 0 | J63: =COUNTIFS(Tabla2[Tipo de Movilidad],"Intercambio*",Tabla2[Universidad KPIs],'Utilización Convenios'!$C63,Tabla2[Año],'Utilización Convenios'!I$3,Tabla2[Nivel Nominación],"Undergraduate / Bachelor") -> 0 | K63: =COUNTIFS(Tabla1[Tipo de Movilidad],"Intercambio*",Tabla1[Universidad KPIs],'Utilización Convenios'!$C63,Tabla1[Año de Movilidad],'Utilización Convenios'!K$3,Tabla1[Nivel],"Pregrado") -> 0 | L63: =COUNTIFS(Tabla2[Tipo de Movilidad],"Intercambio*",Tabla2[Universidad KPIs],'Utilización Convenios'!$C63,Tabla2[Año],'Utilización Convenios'!K$3,Tabla2[Nivel Nominación],"Undergraduate / Bachelor") -> 0 | M63: =COUNTIFS(Tabla1[Tipo de Movilidad],"Intercambio*",Tabla1[Universidad KPIs],'Utilización Convenios'!$C63,Tabla1[Año de Movilidad],'Utilización Convenios'!M$3,Tabla1[Nivel],"Pregrado") -> 0 | N63: =COUNTIFS(Tabla2[Tipo de Movilidad],"Intercambio*",Tabla2[Universidad KPIs],'Utilización Convenios'!$C63,Tabla2[Año],'Utilización Convenios'!M$3,Tabla2[Nivel Nominación],"Undergraduate / Bachelor") -> 0 | O63: =COUNTIFS(Tabla1[Tipo de Movilidad],"Intercambio*",Tabla1[Universidad KPIs],'Utilización Convenios'!$C63,Tabla1[Año de Movilidad],'Utilización Convenios'!O$3,Tabla1[Nivel],"Pregrado") -> 0 | P63: =COUNTIFS(Tabla2[Tipo de Movilidad],"Intercambio*",Tabla2[Universidad KPIs],'Utilización Convenios'!$C63,Tabla2[Año],'Utilización Convenios'!O$3,Tabla2[Nivel Nominación],"Undergraduate / Bachelor") -> 0 | Q63: =SUMIF($E$4:$P$4,Q$4,$E63:$P63) -> 0 | R63: =SUMIF($E$4:$P$4,R$4,$E63:$P63) -> 0
B64: C O N V E N I O S G E N E E R A L E S | C64: American University of Central Asia | D64: Kyrgyzstan | E64: =COUNTIFS(Tabla1[Tipo de Movilidad],"Intercambio*",Tabla1[Universidad KPIs],'Utilización Convenios'!$C64,Tabla1[Año de Movilidad],'Utilización Convenios'!E$3,Tabla1[Nivel],"Pregrado") -> 0 | F64: =COUNTIFS(Tabla2[Tipo de Movilidad],"Intercambio*",Tabla2[Universidad KPIs],'Utilización Convenios'!$C64,Tabla2[Año],'Utilización Convenios'!E$3,Tabla2[Nivel Nominación],"Undergraduate / Bachelor") -> 0 | G64: =COUNTIFS(Tabla1[Tipo de Movilidad],"Intercambio*",Tabla1[Universidad KPIs],'Utilización Convenios'!$C64,Tabla1[Año de Movilidad],'Utilización Convenios'!G$3,Tabla1[Nivel],"Pregrado") -> 0 | H64: =COUNTIFS(Tabla2[Tipo de Movilidad],"Intercambio*",Tabla2[Universidad KPIs],'Utilización Convenios'!$C64,Tabla2[Año],'Utilización Convenios'!G$3,Tabla2[Nivel Nominación],"Undergraduate / Bachelor") -> 0 | I64: =COUNTIFS(Tabla1[Tipo de Movilidad],"Intercambio*",Tabla1[Universidad KPIs],'Utilización Convenios'!$C64,Tabla1[Año de Movilidad],'Utilización Convenios'!I$3,Tabla1[Nivel],"Pregrado") -> 0 | J64: =COUNTIFS(Tabla2[Tipo de Movilidad],"Intercambio*",Tabla2[Universidad KPIs],'Utilización Convenios'!$C64,Tabla2[Año],'Utilización Convenios'!I$3,Tabla2[Nivel Nominación],"Undergraduate / Bachelor") -> 0 | K64: =COUNTIFS(Tabla1[Tipo de Movilidad],"Intercambio*",Tabla1[Universidad KPIs],'Utilización Convenios'!$C64,Tabla1[Año de Movilidad],'Utilización Convenios'!K$3,Tabla1[Nivel],"Pregrado") -> 1 | L64: =COUNTIFS(Tabla2[Tipo de Movilidad],"Intercambio*",Tabla2[Universidad KPIs],'Utilización Convenios'!$C64,Tabla2[Año],'Utilización Convenios'!K$3,Tabla2[Nivel Nominación],"Undergraduate / Bachelor") -> 2 | M64: =COUNTIFS(Tabla1[Tipo de Movilidad],"Intercambio*",Tabla1[Universidad KPIs],'Utilización Convenios'!$C64,Tabla1[Año de Movilidad],'Utilización Convenios'!M$3,Tabla1[Nivel],"Pregrado") -> 0 | N64: =COUNTIFS(Tabla2[Tipo de Movilidad],"Intercambio*",Tabla2[Universidad KPIs],'Utilización Convenios'!$C64,Tabla2[Año],'Utilización Convenios'!M$3,Tabla2[Nivel Nominación],"Undergraduate / Bachelor") -> 2 | O64: =COUNTIFS(Tabla1[Tipo de Movilidad],"Intercambio*",Tabla1[Universidad KPIs],'Utilización Convenios'!$C64,Tabla1[Año de Movilidad],'Utilización Convenios'!O$3,Tabla1[Nivel],"Pregrado") -> 0 | P64: =COUNTIFS(Tabla2[Tipo de Movilidad],"Intercambio*",Tabla2[Universidad KPIs],'Utilización Convenios'!$C64,Tabla2[Año],'Utilización Convenios'!O$3,Tabla2[Nivel Nominación],"Undergraduate / Bachelor") -> 0 | Q64: =SUMIF($E$4:$P$4,Q$4,$E64:$P64) -> 1 | R64: =SUMIF($E$4:$P$4,R$4,$E64:$P64) -> 4
C65: Amherst College | D65: United States | E65: =COUNTIFS(Tabla1[Tipo de Movilidad],"Intercambio*",Tabla1[Universidad KPIs],'Utilización Convenios'!$C65,Tabla1[Año de Movilidad],'Utilización Convenios'!E$3,Tabla1[Nivel],"Pregrado") -> 0 | F65: =COUNTIFS(Tabla2[Tipo de Movilidad],"Intercambio*",Tabla2[Universidad KPIs],'Utilización Convenios'!$C65,Tabla2[Año],'Utilización Convenios'!E$3,Tabla2[Nivel Nominación],"Undergraduate / Bachelor") -> 0 | G65: =COUNTIFS(Tabla1[Tipo de Movilidad],"Intercambio*",Tabla1[Universidad KPIs],'Utilización Convenios'!$C65,Tabla1[Año de Movilidad],'Utilización Convenios'!G$3,Tabla1[Nivel],"Pregrado") -> 0 | H65: =COUNTIFS(Tabla2[Tipo de Movilidad],"Intercambio*",Tabla2[Universidad KPIs],'Utilización Convenios'!$C65,Tabla2[Año],'Utilización Convenios'!G$3,Tabla2[Nivel Nominación],"Undergraduate / Bachelor") -> 0 | I65: =COUNTIFS(Tabla1[Tipo de Movilidad],"Intercambio*",Tabla1[Universidad KPIs],'Utilización Convenios'!$C65,Tabla1[Año de Movilidad],'Utilización Convenios'!I$3,Tabla1[Nivel],"Pregrado") -> 0 | J65: =COUNTIFS(Tabla2[Tipo de Movilidad],"Intercambio*",Tabla2[Universidad KPIs],'Utilización Convenios'!$C65,Tabla2[Año],'Utilización Convenios'!I$3,Tabla2[Nivel Nominación],"Undergraduate / Bachelor") -> 0 | K65: =COUNTIFS(Tabla1[Tipo de Movilidad],"Intercambio*",Tabla1[Universidad KPIs],'Utilización Convenios'!$C65,Tabla1[Año de Movilidad],'Utilización Convenios'!K$3,Tabla1[Nivel],"Pregrado") -> 0 | L65: =COUNTIFS(Tabla2[Tipo de Movilidad],"Intercambio*",Tabla2[Universidad KPIs],'Utilización Convenios'!$C65,Tabla2[Año],'Utilización Convenios'!K$3,Tabla2[Nivel Nominación],"Undergraduate / Bachelor") -> 0 | M65: =COUNTIFS(Tabla1[Tipo de Movilidad],"Intercambio*",Tabla1[Universidad KPIs],'Utilización Convenios'!$C65,Tabla1[Año de Movilidad],'Utilización Convenios'!M$3,Tabla1[Nivel],"Pregrado") -> 1 | N65: =COUNTIFS(Tabla2[Tipo de Movilidad],"Intercambio*",Tabla2[Universidad KPIs],'Utilización Convenios'!$C65,Tabla2[Año],'Utilización Convenios'!M$3,Tabla2[Nivel Nominación],"Undergraduate / Bachelor") -> 0 | O65: =COUNTIFS(Tabla1[Tipo de Movilidad],"Intercambio*",Tabla1[Universidad KPIs],'Utilización Convenios'!$C65,Tabla1[Año de Movilidad],'Utilización Convenios'!O$3,Tabla1[Nivel],"Pregrado") -> 1 | P65: =COUNTIFS(Tabla2[Tipo de Movilidad],"Intercambio*",Tabla2[Universidad KPIs],'Utilización Convenios'!$C65,Tabla2[Año],'Utilización Convenios'!O$3,Tabla2[Nivel Nominación],"Undergraduate / Bachelor") -> 0 | Q65: =SUMIF($E$4:$P$4,Q$4,$E65:$P65) -> 2 | R65: =SUMIF($E$4:$P$4,R$4,$E65:$P65) -> 0
C66: Curtin University | D66: Australia | E66: =COUNTIFS(Tabla1[Tipo de Movilidad],"Intercambio*",Tabla1[Universidad KPIs],'Utilización Convenios'!$C66,Tabla1[Año de Movilidad],'Utilización Convenios'!E$3,Tabla1[Nivel],"Pregrado") -> 0 | F66: =COUNTIFS(Tabla2[Tipo de Movilidad],"Intercambio*",Tabla2[Universidad KPIs],'Utilización Convenios'!$C66,Tabla2[Año],'Utilización Convenios'!E$3,Tabla2[Nivel Nominación],"Undergraduate / Bachelor") -> 0 | G66: =COUNTIFS(Tabla1[Tipo de Movilidad],"Intercambio*",Tabla1[Universidad KPIs],'Utilización Convenios'!$C66,Tabla1[Año de Movilidad],'Utilización Convenios'!G$3,Tabla1[Nivel],"Pregrado") -> 0 | H66: =COUNTIFS(Tabla2[Tipo de Movilidad],"Intercambio*",Tabla2[Universidad KPIs],'Utilización Convenios'!$C66,Tabla2[Año],'Utilización Convenios'!G$3,Tabla2[Nivel Nominación],"Undergraduate / Bachelor") -> 0 | I66: =COUNTIFS(Tabla1[Tipo de Movilidad],"Intercambio*",Tabla1[Universidad KPIs],'Utilización Convenios'!$C66,Tabla1[Año de Movilidad],'Utilización Convenios'!I$3,Tabla1[Nivel],"Pregrado") -> 0 | J66: =COUNTIFS(Tabla2[Tipo de Movilidad],"Intercambio*",Tabla2[Universidad KPIs],'Utilización Convenios'!$C66,Tabla2[Año],'Utilización Convenios'!I$3,Tabla2[Nivel Nominación],"Undergraduate / Bachelor") -> 0 | K66: =COUNTIFS(Tabla1[Tipo de Movilidad],"Intercambio*",Tabla1[Universidad KPIs],'Utilización Convenios'!$C66,Tabla1[Año de Movilidad],'Utilización Convenios'!K$3,Tabla1[Nivel],"Pregrado") -> 1 | L66: =COUNTIFS(Tabla2[Tipo de Movilidad],"Intercambio*",Tabla2[Universidad KPIs],'Utilización Convenios'!$C66,Tabla2[Año],'Utilización Convenios'!K$3,Tabla2[Nivel Nominación],"Undergraduate / Bachelor") -> 0 | M66: =COUNTIFS(Tabla1[Tipo de Movilidad],"Intercambio*",Tabla1[Universidad KPIs],'Utilización Convenios'!$C66,Tabla1[Año de Movilidad],'Utilización Convenios'!M$3,Tabla1[Nivel],"Pregrado") -> 0 | N66: =COUNTIFS(Tabla2[Tipo de Movilidad],"Intercambio*",Tabla2[Universidad KPIs],'Utilización Convenios'!$C66,Tabla2[Año],'Utilización Convenios'!M$3,Tabla2[Nivel Nominación],"Undergraduate / Bachelor") -> 0 | O66: =COUNTIFS(Tabla1[Tipo de Movilidad],"Intercambio*",Tabla1[Universidad KPIs],'Utilización Convenios'!$C66,Tabla1[Año de Movilidad],'Utilización Convenios'!O$3,Tabla1[Nivel],"Pregrado") -> 0 | P66: =COUNTIFS(Tabla2[Tipo de Movilidad],"Intercambio*",Tabla2[Universidad KPIs],'Utilización Convenios'!$C66,Tabla2[Año],'Utilización Convenios'!O$3,Tabla2[Nivel Nominación],"Undergraduate / Bachelor") -> 0 | Q66: =SUMIF($E$4:$P$4,Q$4,$E66:$P66) -> 1 | R66: =SUMIF($E$4:$P$4,R$4,$E66:$P66) -> 0
C67: CY Cergy Paris Université | D67: France | E67: =COUNTIFS(Tabla1[Tipo de Movilidad],"Intercambio*",Tabla1[Universidad KPIs],'Utilización Convenios'!$C67,Tabla1[Año de Movilidad],'Utilización Convenios'!E$3,Tabla1[Nivel],"Pregrado") -> 0 | F67: =COUNTIFS(Tabla2[Tipo de Movilidad],"Intercambio*",Tabla2[Universidad KPIs],'Utilización Convenios'!$C67,Tabla2[Año],'Utilización Convenios'!E$3,Tabla2[Nivel Nominación],"Undergraduate / Bachelor") -> 0 | G67: =COUNTIFS(Tabla1[Tipo de Movilidad],"Intercambio*",Tabla1[Universidad KPIs],'Utilización Convenios'!$C67,Tabla1[Año de Movilidad],'Utilización Convenios'!G$3,Tabla1[Nivel],"Pregrado") -> 0 | H67: =COUNTIFS(Tabla2[Tipo de Movilidad],"Intercambio*",Tabla2[Universidad KPIs],'Utilización Convenios'!$C67,Tabla2[Año],'Utilización Convenios'!G$3,Tabla2[Nivel Nominación],"Undergraduate / Bachelor") -> 2 | I67: =COUNTIFS(Tabla1[Tipo de Movilidad],"Intercambio*",Tabla1[Universidad KPIs],'Utilización Convenios'!$C67,Tabla1[Año de Movilidad],'Utilización Convenios'!I$3,Tabla1[Nivel],"Pregrado") -> 0 | J67: =COUNTIFS(Tabla2[Tipo de Movilidad],"Intercambio*",Tabla2[Universidad KPIs],'Utilización Convenios'!$C67,Tabla2[Año],'Utilización Convenios'!I$3,Tabla2[Nivel Nominación],"Undergraduate / Bachelor") -> 0 | K67: =COUNTIFS(Tabla1[Tipo de Movilidad],"Intercambio*",Tabla1[Universidad KPIs],'Utilización Convenios'!$C67,Tabla1[Año de Movilidad],'Utilización Convenios'!K$3,Tabla1[Nivel],"Pregrado") -> 0 | L67: =COUNTIFS(Tabla2[Tipo de Movilidad],"Intercambio*",Tabla2[Universidad KPIs],'Utilización Convenios'!$C67,Tabla2[Año],'Utilización Convenios'!K$3,Tabla2[Nivel Nominación],"Undergraduate / Bachelor") -> 0 | M67: =COUNTIFS(Tabla1[Tipo de Movilidad],"Intercambio*",Tabla1[Universidad KPIs],'Utilización Convenios'!$C67,Tabla1[Año de Movilidad],'Utilización Convenios'!M$3,Tabla1[Nivel],"Pregrado") -> 0 | N67: =COUNTIFS(Tabla2[Tipo de Movilidad],"Intercambio*",Tabla2[Universidad KPIs],'Utilización Convenios'!$C67,Tabla2[Año],'Utilización Convenios'!M$3,Tabla2[Nivel Nominación],"Undergraduate / Bachelor") -> 0 | O67: =COUNTIFS(Tabla1[Tipo de Movilidad],"Intercambio*",Tabla1[Universidad KPIs],'Utilización Convenios'!$C67,Tabla1[Año de Movilidad],'Utilización Convenios'!O$3,Tabla1[Nivel],"Pregrado") -> 0 | P67: =COUNTIFS(Tabla2[Tipo de Movilidad],"Intercambio*",Tabla2[Universidad KPIs],'Utilización Convenios'!$C67,Tabla2[Año],'Utilización Convenios'!O$3,Tabla2[Nivel Nominación],"Undergraduate / Bachelor") -> 0 | Q67: =SUMIF($E$4:$P$4,Q$4,$E67:$P67) -> 0 | R67: =SUMIF($E$4:$P$4,R$4,$E67:$P67) -> 2
C68: FHNW Fachhochschule Nordwestschweiz | D68: Switzerland | E68: =COUNTIFS(Tabla1[Tipo de Movilidad],"Intercambio*",Tabla1[Universidad KPIs],'Utilización Convenios'!$C68,Tabla1[Año de Movilidad],'Utilización Convenios'!E$3,Tabla1[Nivel],"Pregrado") -> 0 | F68: =COUNTIFS(Tabla2[Tipo de Movilidad],"Intercambio*",Tabla2[Universidad KPIs],'Utilización Convenios'!$C68,Tabla2[Año],'Utilización Convenios'!E$3,Tabla2[Nivel Nominación],"Undergraduate / Bachelor") -> 1 | G68: =COUNTIFS(Tabla1[Tipo de Movilidad],"Intercambio*",Tabla1[Universidad KPIs],'Utilización Convenios'!$C68,Tabla1[Año de Movilidad],'Utilización Convenios'!G$3,Tabla1[Nivel],"Pregrado") -> 0 | H68: =COUNTIFS(Tabla2[Tipo de Movilidad],"Intercambio*",Tabla2[Universidad KPIs],'Utilización Convenios'!$C68,Tabla2[Año],'Utilización Convenios'!G$3,Tabla2[Nivel Nominación],"Undergraduate / Bachelor") -> 1 | I68: =COUNTIFS(Tabla1[Tipo de Movilidad],"Intercambio*",Tabla1[Universidad KPIs],'Utilización Convenios'!$C68,Tabla1[Año de Movilidad],'Utilización Convenios'!I$3,Tabla1[Nivel],"Pregrado") -> 0 | J68: =COUNTIFS(Tabla2[Tipo de Movilidad],"Intercambio*",Tabla2[Universidad KPIs],'Utilización Convenios'!$C68,Tabla2[Año],'Utilización Convenios'!I$3,Tabla2[Nivel Nominación],"Undergraduate / Bachelor") -> 0 | K68: =COUNTIFS(Tabla1[Tipo de Movilidad],"Intercambio*",Tabla1[Universidad KPIs],'Utilización Convenios'!$C68,Tabla1[Año de Movilidad],'Utilización Convenios'!K$3,Tabla1[Nivel],"Pregrado") -> 0 | L68: =COUNTIFS(Tabla2[Tipo de Movilidad],"Intercambio*",Tabla2[Universidad KPIs],'Utilización Convenios'!$C68,Tabla2[Año],'Utilización Convenios'!K$3,Tabla2[Nivel Nominación],"Undergraduate / Bachelor") -> 0 | M68: =COUNTIFS(Tabla1[Tipo de Movilidad],"Intercambio*",Tabla1[Universidad KPIs],'Utilización Convenios'!$C68,Tabla1[Año de Movilidad],'Utilización Convenios'!M$3,Tabla1[Nivel],"Pregrado") -> 0 | N68: =COUNTIFS(Tabla2[Tipo de Movilidad],"Intercambio*",Tabla2[Universidad KPIs],'Utilización Convenios'!$C68,Tabla2[Año],'Utilización Convenios'!M$3,Tabla2[Nivel Nominación],"Undergraduate / Bachelor") -> 1 | O68: =COUNTIFS(Tabla1[Tipo de Movilidad],"Intercambio*",Tabla1[Universidad KPIs],'Utilización Convenios'!$C68,Tabla1[Año de Movilidad],'Utilización Convenios'!O$3,Tabla1[Nivel],"Pregrado") -> 0 | P68: =COUNTIFS(Tabla2[Tipo de Movilidad],"Intercambio*",Tabla2[Universidad KPIs],'Utilización Convenios'!$C68,Tabla2[Año],'Utilización Convenios'!O$3,Tabla2[Nivel Nominación],"Undergraduate / Bachelor") -> 0 | Q68: =SUMIF($E$4:$P$4,Q$4,$E68:$P68) -> 0 | R68: =SUMIF($E$4:$P$4,R$4,$E68:$P68) -> 3
C69: Institut d’Etudes Politiques de Paris | D69: France | E69: =COUNTIFS(Tabla1[Tipo de Movilidad],"Intercambio*",Tabla1[Universidad KPIs],'Utilización Convenios'!$C69,Tabla1[Año de Movilidad],'Utilización Convenios'!E$3,Tabla1[Nivel],"Pregrado") -> 0 | F69: =COUNTIFS(Tabla2[Tipo de Movilidad],"Intercambio*",Tabla2[Universidad KPIs],'Utilización Convenios'!$C69,Tabla2[Año],'Utilización Convenios'!E$3,Tabla2[Nivel Nominación],"Undergraduate / Bachelor") -> 0 | G69: =COUNTIFS(Tabla1[Tipo de Movilidad],"Intercambio*",Tabla1[Universidad KPIs],'Utilización Convenios'!$C69,Tabla1[Año de Movilidad],'Utilización Convenios'!G$3,Tabla1[Nivel],"Pregrado") -> 0 | H69: =COUNTIFS(Tabla2[Tipo de Movilidad],"Intercambio*",Tabla2[Universidad KPIs],'Utilización Convenios'!$C69,Tabla2[Año],'Utilización Convenios'!G$3,Tabla2[Nivel Nominación],"Undergraduate / Bachelor") -> 0 | I69: =COUNTIFS(Tabla1[Tipo de Movilidad],"Intercambio*",Tabla1[Universidad KPIs],'Utilización Convenios'!$C69,Tabla1[Año de Movilidad],'Utilización Convenios'!I$3,Tabla1[Nivel],"Pregrado") -> 0 | J69: =COUNTIFS(Tabla2[Tipo de Movilidad],"Intercambio*",Tabla2[Universidad KPIs],'Utilización Convenios'!$C69,Tabla2[Año],'Utilización Convenios'!I$3,Tabla2[Nivel Nominación],"Undergraduate / Bachelor") -> 1 | K69: =COUNTIFS(Tabla1[Tipo de Movilidad],"Intercambio*",Tabla1[Universidad KPIs],'Utilización Convenios'!$C69,Tabla1[Año de Movilidad],'Utilización Convenios'!K$3,Tabla1[Nivel],"Pregrado") -> 0 | L69: =COUNTIFS(Tabla2[Tipo de Movilidad],"Intercambio*",Tabla2[Universidad KPIs],'Utilización Convenios'!$C69,Tabla2[Año],'Utilización Convenios'!K$3,Tabla2[Nivel Nominación],"Undergraduate / Bachelor") -> 0 | M69: =COUNTIFS(Tabla1[Tipo de Movilidad],"Intercambio*",Tabla1[Universidad KPIs],'Utilización Convenios'!$C69,Tabla1[Año de Movilidad],'Utilización Convenios'!M$3,Tabla1[Nivel],"Pregrado") -> 0 | N69: =COUNTIFS(Tabla2[Tipo de Movilidad],"Intercambio*",Tabla2[Universidad KPIs],'Utilización Convenios'!$C69,Tabla2[Año],'Utilización Convenios'!M$3,Tabla2[Nivel Nominación],"Undergraduate / Bachelor") -> 0 | O69: =COUNTIFS(Tabla1[Tipo de Movilidad],"Intercambio*",Tabla1[Universidad KPIs],'Utilización Convenios'!$C69,Tabla1[Año de Movilidad],'Utilización Convenios'!O$3,Tabla1[Nivel],"Pregrado") -> 0 | P69: =COUNTIFS(Tabla2[Tipo de Movilidad],"Intercambio*",Tabla2[Universidad KPIs],'Utilización Convenios'!$C69,Tabla2[Año],'Utilización Convenios'!O$3,Tabla2[Nivel Nominación],"Undergraduate / Bachelor") -> 0 | Q69: =SUMIF($E$4:$P$4,Q$4,$E69:$P69) -> 0 | R69: =SUMIF($E$4:$P$4,R$4,$E69:$P69) -> 1
C70: Johannes Gutemberg - Universität Mainz | D70: Germany | E70: =COUNTIFS(Tabla1[Tipo de Movilidad],"Intercambio*",Tabla1[Universidad KPIs],'Utilización Convenios'!$C70,Tabla1[Año de Movilidad],'Utilización Convenios'!E$3,Tabla1[Nivel],"Pregrado") -> 0 | F70: =COUNTIFS(Tabla2[Tipo de Movilidad],"Intercambio*",Tabla2[Universidad KPIs],'Utilización Convenios'!$C70,Tabla2[Año],'Utilización Convenios'!E$3,Tabla2[Nivel Nominación],"Undergraduate / Bachelor") -> 0 | G70: =COUNTIFS(Tabla1[Tipo de Movilidad],"Intercambio*",Tabla1[Universidad KPIs],'Utilización Convenios'!$C70,Tabla1[Año de Movilidad],'Utilización Convenios'!G$3,Tabla1[Nivel],"Pregrado") -> 0 | H70: =COUNTIFS(Tabla2[Tipo de Movilidad],"Intercambio*",Tabla2[Universidad KPIs],'Utilización Convenios'!$C70,Tabla2[Año],'Utilización Convenios'!G$3,Tabla2[Nivel Nominación],"Undergraduate / Bachelor") -> 0 | I70: =COUNTIFS(Tabla1[Tipo de Movilidad],"Intercambio*",Tabla1[Universidad KPIs],'Utilización Convenios'!$C70,Tabla1[Año de Movilidad],'Utilización Convenios'!I$3,Tabla1[Nivel],"Pregrado") -> 1 | J70: =COUNTIFS(Tabla2[Tipo de Movilidad],"Intercambio*",Tabla2[Universidad KPIs],'Utilización Convenios'!$C70,Tabla2[Año],'Utilización Convenios'!I$3,Tabla2[Nivel Nominación],"Undergraduate / Bachelor") -> 0 | K70: =COUNTIFS(Tabla1[Tipo de Movilidad],"Intercambio*",Tabla1[Universidad KPIs],'Utilización Convenios'!$C70,Tabla1[Año de Movilidad],'Utilización Convenios'!K$3,Tabla1[Nivel],"Pregrado") -> 0 | L70: =COUNTIFS(Tabla2[Tipo de Movilidad],"Intercambio*",Tabla2[Universidad KPIs],'Utilización Convenios'!$C70,Tabla2[Año],'Utilización Convenios'!K$3,Tabla2[Nivel Nominación],"Undergraduate / Bachelor") -> 0 | M70: =COUNTIFS(Tabla1[Tipo de Movilidad],"Intercambio*",Tabla1[Universidad KPIs],'Utilización Convenios'!$C70,Tabla1[Año de Movilidad],'Utilización Convenios'!M$3,Tabla1[Nivel],"Pregrado") -> 0 | N70: =COUNTIFS(Tabla2[Tipo de Movilidad],"Intercambio*",Tabla2[Universidad KPIs],'Utilización Convenios'!$C70,Tabla2[Año],'Utilización Convenios'!M$3,Tabla2[Nivel Nominación],"Undergraduate / Bachelor") -> 0 | O70: =COUNTIFS(Tabla1[Tipo de Movilidad],"Intercambio*",Tabla1[Universidad KPIs],'Utilización Convenios'!$C70,Tabla1[Año de Movilidad],'Utilización Convenios'!O$3,Tabla1[Nivel],"Pregrado") -> 0 | P70: =COUNTIFS(Tabla2[Tipo de Movilidad],"Intercambio*",Tabla2[Universidad KPIs],'Utilización Convenios'!$C70,Tabla2[Año],'Utilización Convenios'!O$3,Tabla2[Nivel Nominación],"Undergraduate / Bachelor") -> 0 | Q70: =SUMIF($E$4:$P$4,Q$4,$E70:$P70) -> 1 | R70: =SUMIF($E$4:$P$4,R$4,$E70:$P70) -> 0
C71: Northumbria University, Newcastle | D71: United Kingdom | E71: =COUNTIFS(Tabla1[Tipo de Movilidad],"Intercambio*",Tabla1[Universidad KPIs],'Utilización Convenios'!$C71,Tabla1[Año de Movilidad],'Utilización Convenios'!E$3,Tabla1[Nivel],"Pregrado") -> 0 | F71: =COUNTIFS(Tabla2[Tipo de Movilidad],"Intercambio*",Tabla2[Universidad KPIs],'Utilización Convenios'!$C71,Tabla2[Año],'Utilización Convenios'!E$3,Tabla2[Nivel Nominación],"Undergraduate / Bachelor") -> 1 | G71: =COUNTIFS(Tabla1[Tipo de Movilidad],"Intercambio*",Tabla1[Universidad KPIs],'Utilización Convenios'!$C71,Tabla1[Año de Movilidad],'Utilización Convenios'!G$3,Tabla1[Nivel],"Pregrado") -> 0 | H71: =COUNTIFS(Tabla2[Tipo de Movilidad],"Intercambio*",Tabla2[Universidad KPIs],'Utilización Convenios'!$C71,Tabla2[Año],'Utilización Convenios'!G$3,Tabla2[Nivel Nominación],"Undergraduate / Bachelor") -> 0 | I71: =COUNTIFS(Tabla1[Tipo de Movilidad],"Intercambio*",Tabla1[Universidad KPIs],'Utilización Convenios'!$C71,Tabla1[Año de Movilidad],'Utilización Convenios'!I$3,Tabla1[Nivel],"Pregrado") -> 0 | J71: =COUNTIFS(Tabla2[Tipo de Movilidad],"Intercambio*",Tabla2[Universidad KPIs],'Utilización Convenios'!$C71,Tabla2[Año],'Utilización Convenios'!I$3,Tabla2[Nivel Nominación],"Undergraduate / Bachelor") -> 0 | K71: =COUNTIFS(Tabla1[Tipo de Movilidad],"Intercambio*",Tabla1[Universidad KPIs],'Utilización Convenios'!$C71,Tabla1[Año de Movilidad],'Utilización Convenios'!K$3,Tabla1[Nivel],"Pregrado") -> 1 | L71: =COUNTIFS(Tabla2[Tipo de Movilidad],"Intercambio*",Tabla2[Universidad KPIs],'Utilización Convenios'!$C71,Tabla2[Año],'Utilización Convenios'!K$3,Tabla2[Nivel Nominación],"Undergraduate / Bachelor") -> 0 | M71: =COUNTIFS(Tabla1[Tipo de Movilidad],"Intercambio*",Tabla1[Universidad KPIs],'Utilización Convenios'!$C71,Tabla1[Año de Movilidad],'Utilización Convenios'!M$3,Tabla1[Nivel],"Pregrado") -> 0 | N71: =COUNTIFS(Tabla2[Tipo de Movilidad],"Intercambio*",Tabla2[Universidad KPIs],'Utilización Convenios'!$C71,Tabla2[Año],'Utilización Convenios'!M$3,Tabla2[Nivel Nominación],"Undergraduate / Bachelor") -> 0 | O71: =COUNTIFS(Tabla1[Tipo de Movilidad],"Intercambio*",Tabla1[Universidad KPIs],'Utilización Convenios'!$C71,Tabla1[Año de Movilidad],'Utilización Convenios'!O$3,Tabla1[Nivel],"Pregrado") -> 1 | P71: =COUNTIFS(Tabla2[Tipo de Movilidad],"Intercambio*",Tabla2[Universidad KPIs],'Utilización Convenios'!$C71,Tabla2[Año],'Utilización Convenios'!O$3,Tabla2[Nivel Nominación],"Undergraduate / Bachelor") -> 0 | Q71: =SUMIF($E$4:$P$4,Q$4,$E71:$P71) -> 2 | R71: =SUMIF($E$4:$P$4,R$4,$E71:$P71) -> 1
C72: Pontificia Universidad Católica de Chile | D72: Chile | E72: =COUNTIFS(Tabla1[Tipo de Movilidad],"Intercambio*",Tabla1[Universidad KPIs],'Utilización Convenios'!$C72,Tabla1[Año de Movilidad],'Utilización Convenios'!E$3,Tabla1[Nivel],"Pregrado") -> 0 | F72: =COUNTIFS(Tabla2[Tipo de Movilidad],"Intercambio*",Tabla2[Universidad KPIs],'Utilización Convenios'!$C72,Tabla2[Año],'Utilización Convenios'!E$3,Tabla2[Nivel Nominación],"Undergraduate / Bachelor") -> 0 | G72: =COUNTIFS(Tabla1[Tipo de Movilidad],"Intercambio*",Tabla1[Universidad KPIs],'Utilización Convenios'!$C72,Tabla1[Año de Movilidad],'Utilización Convenios'!G$3,Tabla1[Nivel],"Pregrado") -> 0 | H72: =COUNTIFS(Tabla2[Tipo de Movilidad],"Intercambio*",Tabla2[Universidad KPIs],'Utilización Convenios'!$C72,Tabla2[Año],'Utilización Convenios'!G$3,Tabla2[Nivel Nominación],"Undergraduate / Bachelor") -> 0 | I72: =COUNTIFS(Tabla1[Tipo de Movilidad],"Intercambio*",Tabla1[Universidad KPIs],'Utilización Convenios'!$C72,Tabla1[Año de Movilidad],'Utilización Convenios'!I$3,Tabla1[Nivel],"Pregrado") -> 0 | J72: =COUNTIFS(Tabla2[Tipo de Movilidad],"Intercambio*",Tabla2[Universidad KPIs],'Utilización Convenios'!$C72,Tabla2[Año],'Utilización Convenios'!I$3,Tabla2[Nivel Nominación],"Undergraduate / Bachelor") -> 1 | K72: =COUNTIFS(Tabla1[Tipo de Movilidad],"Intercambio*",Tabla1[Universidad KPIs],'Utilización Convenios'!$C72,Tabla1[Año de Movilidad],'Utilización Convenios'!K$3,Tabla1[Nivel],"Pregrado") -> 0 | L72: =COUNTIFS(Tabla2[Tipo de Movilidad],"Intercambio*",Tabla2[Universidad KPIs],'Utilización Convenios'!$C72,Tabla2[Año],'Utilización Convenios'!K$3,Tabla2[Nivel Nominación],"Undergraduate / Bachelor") -> 0 | M72: =COUNTIFS(Tabla1[Tipo de Movilidad],"Intercambio*",Tabla1[Universidad KPIs],'Utilización Convenios'!$C72,Tabla1[Año de Movilidad],'Utilización Convenios'!M$3,Tabla1[Nivel],"Pregrado") -> 0 | N72: =COUNTIFS(Tabla2[Tipo de Movilidad],"Intercambio*",Tabla2[Universidad KPIs],'Utilización Convenios'!$C72,Tabla2[Año],'Utilización Convenios'!M$3,Tabla2[Nivel Nominación],"Undergraduate / Bachelor") -> 0 | O72: =COUNTIFS(Tabla1[Tipo de Movilidad],"Intercambio*",Tabla1[Universidad KPIs],'Utilización Convenios'!$C72,Tabla1[Año de Movilidad],'Utilización Convenios'!O$3,Tabla1[Nivel],"Pregrado") -> 0 | P72: =COUNTIFS(Tabla2[Tipo de Movilidad],"Intercambio*",Tabla2[Universidad KPIs],'Utilización Convenios'!$C72,Tabla2[Año],'Utilización Convenios'!O$3,Tabla2[Nivel Nominación],"Undergraduate / Bachelor") -> 0 | Q72: =SUMIF($E$4:$P$4,Q$4,$E72:$P72) -> 0 | R72: =SUMIF($E$4:$P$4,R$4,$E72:$P72) -> 1
C73: Pontificia Universidad Católica del Perú | D73: Peru | E73: =COUNTIFS(Tabla1[Tipo de Movilidad],"Intercambio*",Tabla1[Universidad KPIs],'Utilización Convenios'!$C73,Tabla1[Año de Movilidad],'Utilización Convenios'!E$3,Tabla1[Nivel],"Pregrado") -> 0 | F73: =COUNTIFS(Tabla2[Tipo de Movilidad],"Intercambio*",Tabla2[Universidad KPIs],'Utilización Convenios'!$C73,Tabla2[Año],'Utilización Convenios'!E$3,Tabla2[Nivel Nominación],"Undergraduate / Bachelor") -> 0 | G73: =COUNTIFS(Tabla1[Tipo de Movilidad],"Intercambio*",Tabla1[Universidad KPIs],'Utilización Convenios'!$C73,Tabla1[Año de Movilidad],'Utilización Convenios'!G$3,Tabla1[Nivel],"Pregrado") -> 0 | H73: =COUNTIFS(Tabla2[Tipo de Movilidad],"Intercambio*",Tabla2[Universidad KPIs],'Utilización Convenios'!$C73,Tabla2[Año],'Utilización Convenios'!G$3,Tabla2[Nivel Nominación],"Undergraduate / Bachelor") -> 0 | I73: =COUNTIFS(Tabla1[Tipo de Movilidad],"Intercambio*",Tabla1[Universidad KPIs],'Utilización Convenios'!$C73,Tabla1[Año de Movilidad],'Utilización Convenios'!I$3,Tabla1[Nivel],"Pregrado") -> 0 | J73: =COUNTIFS(Tabla2[Tipo de Movilidad],"Intercambio*",Tabla2[Universidad KPIs],'Utilización Convenios'!$C73,Tabla2[Año],'Utilización Convenios'!I$3,Tabla2[Nivel Nominación],"Undergraduate / Bachelor") -> 0 | K73: =COUNTIFS(Tabla1[Tipo de Movilidad],"Intercambio*",Tabla1[Universidad KPIs],'Utilización Convenios'!$C73,Tabla1[Año de Movilidad],'Utilización Convenios'!K$3,Tabla1[Nivel],"Pregrado") -> 1 | L73: =COUNTIFS(Tabla2[Tipo de Movilidad],"Intercambio*",Tabla2[Universidad KPIs],'Utilización Convenios'!$C73,Tabla2[Año],'Utilización Convenios'!K$3,Tabla2[Nivel Nominación],"Undergraduate / Bachelor") -> 0 | M73: =COUNTIFS(Tabla1[Tipo de Movilidad],"Intercambio*",Tabla1[Universidad KPIs],'Utilización Convenios'!$C73,Tabla1[Año de Movilidad],'Utilización Convenios'!M$3,Tabla1[Nivel],"Pregrado") -> 0 | N73: =COUNTIFS(Tabla2[Tipo de Movilidad],"Intercambio*",Tabla2[Universidad KPIs],'Utilización Convenios'!$C73,Tabla2[Año],'Utilización Convenios'!M$3,Tabla2[Nivel Nominación],"Undergraduate / Bachelor") -> 0 | O73: =COUNTIFS(Tabla1[Tipo de Movilidad],"Intercambio*",Tabla1[Universidad KPIs],'Utilización Convenios'!$C73,Tabla1[Año de Movilidad],'Utilización Convenios'!O$3,Tabla1[Nivel],"Pregrado") -> 0 | P73: =COUNTIFS(Tabla2[Tipo de Movilidad],"Intercambio*",Tabla2[Universidad KPIs],'Utilización Convenios'!$C73,Tabla2[Año],'Utilización Convenios'!O$3,Tabla2[Nivel Nominación],"Undergraduate / Bachelor") -> 0 | Q73: =SUMIF($E$4:$P$4,Q$4,$E73:$P73) -> 1 | R73: =SUMIF($E$4:$P$4,R$4,$E73:$P73) -> 0
C74: Pontificia Universidade Católica do Rio Grande do Sul (PUCRS) | D74: Brazil | E74: =COUNTIFS(Tabla1[Tipo de Movilidad],"Intercambio*",Tabla1[Universidad KPIs],'Utilización Convenios'!$C74,Tabla1[Año de Movilidad],'Utilización Convenios'!E$3,Tabla1[Nivel],"Pregrado") -> 0 | F74: =COUNTIFS(Tabla2[Tipo de Movilidad],"Intercambio*",Tabla2[Universidad KPIs],'Utilización Convenios'!$C74,Tabla2[Año],'Utilización Convenios'!E$3,Tabla2[Nivel Nominación],"Undergraduate / Bachelor") -> 0 | G74: =COUNTIFS(Tabla1[Tipo de Movilidad],"Intercambio*",Tabla1[Universidad KPIs],'Utilización Convenios'!$C74,Tabla1[Año de Movilidad],'Utilización Convenios'!G$3,Tabla1[Nivel],"Pregrado") -> 0 | H74: =COUNTIFS(Tabla2[Tipo de Movilidad],"Intercambio*",Tabla2[Universidad KPIs],'Utilización Convenios'!$C74,Tabla2[Año],'Utilización Convenios'!G$3,Tabla2[Nivel Nominación],"Undergraduate / Bachelor") -> 0 | I74: =COUNTIFS(Tabla1[Tipo de Movilidad],"Intercambio*",Tabla1[Universidad KPIs],'Utilización Convenios'!$C74,Tabla1[Año de Movilidad],'Utilización Convenios'!I$3,Tabla1[Nivel],"Pregrado") -> 1 | J74: =COUNTIFS(Tabla2[Tipo de Movilidad],"Intercambio*",Tabla2[Universidad KPIs],'Utilización Convenios'!$C74,Tabla2[Año],'Utilización Convenios'!I$3,Tabla2[Nivel Nominación],"Undergraduate / Bachelor") -> 0 | K74: =COUNTIFS(Tabla1[Tipo de Movilidad],"Intercambio*",Tabla1[Universidad KPIs],'Utilización Convenios'!$C74,Tabla1[Año de Movilidad],'Utilización Convenios'!K$3,Tabla1[Nivel],"Pregrado") -> 0 | L74: =COUNTIFS(Tabla2[Tipo de Movilidad],"Intercambio*",Tabla2[Universidad KPIs],'Utilización Convenios'!$C74,Tabla2[Año],'Utilización Convenios'!K$3,Tabla2[Nivel Nominación],"Undergraduate / Bachelor") -> 0 | M74: =COUNTIFS(Tabla1[Tipo de Movilidad],"Intercambio*",Tabla1[Universidad KPIs],'Utilización Convenios'!$C74,Tabla1[Año de Movilidad],'Utilización Convenios'!M$3,Tabla1[Nivel],"Pregrado") -> 0 | N74: =COUNTIFS(Tabla2[Tipo de Movilidad],"Intercambio*",Tabla2[Universidad KPIs],'Utilización Convenios'!$C74,Tabla2[Año],'Utilización Convenios'!M$3,Tabla2[Nivel Nominación],"Undergraduate / Bachelor") -> 0 | O74: =COUNTIFS(Tabla1[Tipo de Movilidad],"Intercambio*",Tabla1[Universidad KPIs],'Utilización Convenios'!$C74,Tabla1[Año de Movilidad],'Utilización Convenios'!O$3,Tabla1[Nivel],"Pregrado") -> 0 | P74: =COUNTIFS(Tabla2[Tipo de Movilidad],"Intercambio*",Tabla2[Universidad KPIs],'Utilización Convenios'!$C74,Tabla2[Año],'Utilización Convenios'!O$3,Tabla2[Nivel Nominación],"Undergraduate / Bachelor") -> 0 | Q74: =SUMIF($E$4:$P$4,Q$4,$E74:$P74) -> 1 | R74: =SUMIF($E$4:$P$4,R$4,$E74:$P74) -> 0
C75: Roskilde University | D75: Denmark | E75: =COUNTIFS(Tabla1[Tipo de Movilidad],"Intercambio*",Tabla1[Universidad KPIs],'Utilización Convenios'!$C75,Tabla1[Año de Movilidad],'Utilización Convenios'!E$3,Tabla1[Nivel],"Pregrado") -> 1 | F75: =COUNTIFS(Tabla2[Tipo de Movilidad],"Intercambio*",Tabla2[Universidad KPIs],'Utilización Convenios'!$C75,Tabla2[Año],'Utilización Convenios'!E$3,Tabla2[Nivel Nominación],"Undergraduate / Bachelor") -> 0 | G75: =COUNTIFS(Tabla1[Tipo de Movilidad],"Intercambio*",Tabla1[Universidad KPIs],'Utilización Convenios'!$C75,Tabla1[Año de Movilidad],'Utilización Convenios'!G$3,Tabla1[Nivel],"Pregrado") -> 0 | H75: =COUNTIFS(Tabla2[Tipo de Movilidad],"Intercambio*",Tabla2[Universidad KPIs],'Utilización Convenios'!$C75,Tabla2[Año],'Utilización Convenios'!G$3,Tabla2[Nivel Nominación],"Undergraduate / Bachelor") -> 0 | I75: =COUNTIFS(Tabla1[Tipo de Movilidad],"Intercambio*",Tabla1[Universidad KPIs],'Utilización Convenios'!$C75,Tabla1[Año de Movilidad],'Utilización Convenios'!I$3,Tabla1[Nivel],"Pregrado") -> 0 | J75: =COUNTIFS(Tabla2[Tipo de Movilidad],"Intercambio*",Tabla2[Universidad KPIs],'Utilización Convenios'!$C75,Tabla2[Año],'Utilización Convenios'!I$3,Tabla2[Nivel Nominación],"Undergraduate / Bachelor") -> 1 | K75: =COUNTIFS(Tabla1[Tipo de Movilidad],"Intercambio*",Tabla1[Universidad KPIs],'Utilización Convenios'!$C75,Tabla1[Año de Movilidad],'Utilización Convenios'!K$3,Tabla1[Nivel],"Pregrado") -> 0 | L75: =COUNTIFS(Tabla2[Tipo de Movilidad],"Intercambio*",Tabla2[Universidad KPIs],'Utilización Convenios'!$C75,Tabla2[Año],'Utilización Convenios'!K$3,Tabla2[Nivel Nominación],"Undergraduate / Bachelor") -> 0 | M75: =COUNTIFS(Tabla1[Tipo de Movilidad],"Intercambio*",Tabla1[Universidad KPIs],'Utilización Convenios'!$C75,Tabla1[Año de Movilidad],'Utilización Convenios'!M$3,Tabla1[Nivel],"Pregrado") -> 0 | N75: =COUNTIFS(Tabla2[Tipo de Movilidad],"Intercambio*",Tabla2[Universidad KPIs],'Utilización Convenios'!$C75,Tabla2[Año],'Utilización Convenios'!M$3,Tabla2[Nivel Nominación],"Undergraduate / Bachelor") -> 0 | O75: =COUNTIFS(Tabla1[Tipo de Movilidad],"Intercambio*",Tabla1[Universidad KPIs],'Utilización Convenios'!$C75,Tabla1[Año de Movilidad],'Utilización Convenios'!O$3,Tabla1[Nivel],"Pregrado") -> 0 | P75: =COUNTIFS(Tabla2[Tipo de Movilidad],"Intercambio*",Tabla2[Universidad KPIs],'Utilización Convenios'!$C75,Tabla2[Año],'Utilización Convenios'!O$3,Tabla2[Nivel Nominación],"Undergraduate / Bachelor") -> 0 | Q75: =SUMIF($E$4:$P$4,Q$4,$E75:$P75) -> 1 | R75: =SUMIF($E$4:$P$4,R$4,$E75:$P75) -> 1
C76: St. John's University | D76: United States | E76: =COUNTIFS(Tabla1[Tipo de Movilidad],"Intercambio*",Tabla1[Universidad KPIs],'Utilización Convenios'!$C76,Tabla1[Año de Movilidad],'Utilización Convenios'!E$3,Tabla1[Nivel],"Pregrado") -> 0 | F76: =COUNTIFS(Tabla2[Tipo de Movilidad],"Intercambio*",Tabla2[Universidad KPIs],'Utilización Convenios'!$C76,Tabla2[Año],'Utilización Convenios'!E$3,Tabla2[Nivel Nominación],"Undergraduate / Bachelor") -> 0 | G76: =COUNTIFS(Tabla1[Tipo de Movilidad],"Intercambio*",Tabla1[Universidad KPIs],'Utilización Convenios'!$C76,Tabla1[Año de Movilidad],'Utilización Convenios'!G$3,Tabla1[Nivel],"Pregrado") -> 0 | H76: =COUNTIFS(Tabla2[Tipo de Movilidad],"Intercambio*",Tabla2[Universidad KPIs],'Utilización Convenios'!$C76,Tabla2[Año],'Utilización Convenios'!G$3,Tabla2[Nivel Nominación],"Undergraduate / Bachelor") -> 0 | I76: =COUNTIFS(Tabla1[Tipo de Movilidad],"Intercambio*",Tabla1[Universidad KPIs],'Utilización Convenios'!$C76,Tabla1[Año de Movilidad],'Utilización Convenios'!I$3,Tabla1[Nivel],"Pregrado") -> 2 | J76: =COUNTIFS(Tabla2[Tipo de Movilidad],"Intercambio*",Tabla2[Universidad KPIs],'Utilización Convenios'!$C76,Tabla2[Año],'Utilización Convenios'!I$3,Tabla2[Nivel Nominación],"Undergraduate / Bachelor") -> 0 | K76: =COUNTIFS(Tabla1[Tipo de Movilidad],"Intercambio*",Tabla1[Universidad KPIs],'Utilización Convenios'!$C76,Tabla1[Año de Movilidad],'Utilización Convenios'!K$3,Tabla1[Nivel],"Pregrado") -> 1 | L76: =COUNTIFS(Tabla2[Tipo de Movilidad],"Intercambio*",Tabla2[Universidad KPIs],'Utilización Convenios'!$C76,Tabla2[Año],'Utilización Convenios'!K$3,Tabla2[Nivel Nominación],"Undergraduate / Bachelor") -> 0 | M76: =COUNTIFS(Tabla1[Tipo de Movilidad],"Intercambio*",Tabla1[Universidad KPIs],'Utilización Convenios'!$C76,Tabla1[Año de Movilidad],'Utilización Convenios'!M$3,Tabla1[Nivel],"Pregrado") -> 0 | N76: =COUNTIFS(Tabla2[Tipo de Movilidad],"Intercambio*",Tabla2[Universidad KPIs],'Utilización Convenios'!$C76,Tabla2[Año],'Utilización Convenios'!M$3,Tabla2[Nivel Nominación],"Undergraduate / Bachelor") -> 0 | O76: =COUNTIFS(Tabla1[Tipo de Movilidad],"Intercambio*",Tabla1[Universidad KPIs],'Utilización Convenios'!$C76,Tabla1[Año de Movilidad],'Utilización Convenios'!O$3,Tabla1[Nivel],"Pregrado") -> 0 | P76: =COUNTIFS(Tabla2[Tipo de Movilidad],"Intercambio*",Tabla2[Universidad KPIs],'Utilización Convenios'!$C76,Tabla2[Año],'Utilización Convenios'!O$3,Tabla2[Nivel Nominación],"Undergraduate / Bachelor") -> 0 | Q76: =SUMIF($E$4:$P$4,Q$4,$E76:$P76) -> 3 | R76: =SUMIF($E$4:$P$4,R$4,$E76:$P76) -> 0
... C112: Erasmus Universiteit Rotterdam | D112: Netherlands | E112: =COUNTIFS(Tabla1[Tipo de Movilidad],"Intercambio*",Tabla1[Universidad KPIs],'Utilización Convenios'!$C112,Tabla1[Año de Movilidad],'Utilización Convenios'!E$3,Tabla1[Nivel],"Pregrado") -> 0 | F112: =COUNTIFS(Tabla2[Tipo de Movilidad],"Intercambio*",Tabla2[Universidad KPIs],'Utilización Convenios'!$C112,Tabla2[Año],'Utilización Convenios'!E$3,Tabla2[Nivel Nominación],"Undergraduate / Bachelor") -> 0 | G112: =COUNTIFS(Tabla1[Tipo de Movilidad],"Intercambio*",Tabla1[Universidad KPIs],'Utilización Convenios'!$C112,Tabla1[Año de Movilidad],'Utilización Convenios'!G$3,Tabla1[Nivel],"Pregrado") -> 0 | H112: =COUNTIFS(Tabla2[Tipo de Movilidad],"Intercambio*",Tabla2[Universidad KPIs],'Utilización Convenios'!$C112,Tabla2[Año],'Utilización Convenios'!G$3,Tabla2[Nivel Nominación],"Undergraduate / Bachelor") -> 0 | I112: =COUNTIFS(Tabla1[Tipo de Movilidad],"Intercambio*",Tabla1[Universidad KPIs],'Utilización Convenios'!$C112,Tabla1[Año de Movilidad],'Utilización Convenios'!I$3,Tabla1[Nivel],"Pregrado") -> 0 | J112: =COUNTIFS(Tabla2[Tipo de Movilidad],"Intercambio*",Tabla2[Universidad KPIs],'Utilización Convenios'!$C112,Tabla2[Año],'Utilización Convenios'!I$3,Tabla2[Nivel Nominación],"Undergraduate / Bachelor") -> 0 | K112: =COUNTIFS(Tabla1[Tipo de Movilidad],"Intercambio*",Tabla1[Universidad KPIs],'Utilización Convenios'!$C112,Tabla1[Año de Movilidad],'Utilización Convenios'!K$3,Tabla1[Nivel],"Pregrado") -> 0 | L112: =COUNTIFS(Tabla2[Tipo de Movilidad],"Intercambio*",Tabla2[Universidad KPIs],'Utilización Convenios'!$C112,Tabla2[Año],'Utilización Convenios'!K$3,Tabla2[Nivel Nominación],"Undergraduate / Bachelor") -> 0 | M112: =COUNTIFS(Tabla1[Tipo de Movilidad],"Intercambio*",Tabla1[Universidad KPIs],'Utilización Convenios'!$C112,Tabla1[Año de Movilidad],'Utilización Convenios'!M$3,Tabla1[Nivel],"Pregrado") -> 0 | N112: =COUNTIFS(Tabla2[Tipo de Movilidad],"Intercambio*",Tabla2[Universidad KPIs],'Utilización Convenios'!$C112,Tabla2[Año],'Utilización Convenios'!M$3,Tabla2[Nivel Nominación],"Undergraduate / Bachelor") -> 2 | O112: =COUNTIFS(Tabla1[Tipo de Movilidad],"Intercambio*",Tabla1[Universidad KPIs],'Utilización Convenios'!$C112,Tabla1[Año de Movilidad],'Utilización Convenios'!O$3,Tabla1[Nivel],"Pregrado") -> 0 | P112: =COUNTIFS(Tabla2[Tipo de Movilidad],"Intercambio*",Tabla2[Universidad KPIs],'Utilización Convenios'!$C112,Tabla2[Año],'Utilización Convenios'!O$3,Tabla2[Nivel Nominación],"Undergraduate / Bachelor") -> 0 | Q112: =SUMIF($E$4:$P$4,Q$4,$E112:$P112) -> 0 | R112: =SUMIF($E$4:$P$4,R$4,$E112:$P112) -> 2
C113: TOTAL | E113: =SUM(E5:E112) -> 43 | F113: =SUM(F5:F112) -> 30 | G113: =SUM(G5:G112) -> 47 | H113: =SUM(H5:H112) -> 20 | I113: =SUM(I5:I112) -> 90 | J113: =SUM(J5:J112) -> 52 | K113: =SUM(K5:K112) -> 137 | L113: =SUM(L5:L112) -> 61 | ... R113: =SUM(R5:R112) -> 241
C115: UNDERGRADUATED DOUBLE DEGREE | E115: 2020 | G115: 2021 | I115: 2022 | K115: 2023 | M115: 2024 | O115: 2025 | Q115: Total
C116: Universidad KPIs | D116: País | E116: Outgoing | F116: Incoming | G116: Outgoing | H116: Incoming | I116: Outgoing | J116: Incoming | K116: Outgoing | L116: Incoming | M116: Outgoing | N116: Incoming | O116: Outgoing | P116: Incoming | Q116: Outgoing | R116: Incoming
C117: A.B. Freeman School of Business, Tulane University | D117: United States | E117: =COUNTIFS(Tabla1[Tipo de Movilidad],"Doble*",Tabla1[Universidad KPIs],'Utilización Convenios'!$C117,Tabla1[Año de Movilidad],'Utilización Convenios'!E$115,Tabla1[Nivel],"Pregrado") -> 1 | F117: =COUNTIFS(Tabla2[Tipo de Movilidad],"Doble*",Tabla2[Universidad KPIs],'Utilización Convenios'!$C117,Tabla2[Año],'Utilización Convenios'!E$115) -> 0 | G117: =COUNTIFS(Tabla1[Tipo de Movilidad],"Doble*",Tabla1[Universidad KPIs],'Utilización Convenios'!$C117,Tabla1[Año de Movilidad],'Utilización Convenios'!G$115,Tabla1[Nivel],"Pregrado") -> 0 | H117: =COUNTIFS(Tabla2[Tipo de Movilidad],"Doble*",Tabla2[Universidad KPIs],'Utilización Convenios'!$C117,Tabla2[Año],'Utilización Convenios'!G$115) -> 0 | I117: =COUNTIFS(Tabla1[Tipo de Movilidad],"Doble*",Tabla1[Universidad KPIs],'Utilización Convenios'!$C117,Tabla1[Año de Movilidad],'Utilización Convenios'!I$115,Tabla1[Nivel],"Pregrado") -> 0 | J117: =COUNTIFS(Tabla2[Tipo de Movilidad],"Doble*",Tabla2[Universidad KPIs],'Utilización Convenios'!$C117,Tabla2[Año],'Utilización Convenios'!I$115) -> 0 | K117: =COUNTIFS(Tabla1[Tipo de Movilidad],"Doble*",Tabla1[Universidad KPIs],'Utilización Convenios'!$C117,Tabla1[Año de Movilidad],'Utilización Convenios'!K$115,Tabla1[Nivel],"Pregrado") -> 1 | L117: =COUNTIFS(Tabla2[Tipo de Movilidad],"Doble*",Tabla2[Universidad KPIs],'Utilización Convenios'!$C117,Tabla2[Año],'Utilización Convenios'!K$115) -> 0 | M117: =COUNTIFS(Tabla1[Tipo de Movilidad],"Doble*",Tabla1[Universidad KPIs],'Utilización Convenios'!$C117,Tabla1[Año de Movilidad],'Utilización Convenios'!M$115,Tabla1[Nivel],"Pregrado") -> 1 | N117: =COUNTIFS(Tabla2[Tipo de Movilidad],"Doble*",Tabla2[Universidad KPIs],'Utilización Convenios'!$C117,Tabla2[Año],'Utilización Convenios'!M$115) -> 0 | O117: =COUNTIFS(Tabla1[Tipo de Movilidad],"Doble*",Tabla1[Universidad KPIs],'Utilización Convenios'!$C117,Tabla1[Año de Movilidad],'Utilización Convenios'!O$115,Tabla1[Nivel],"Pregrado") -> 0 | P117: =COUNTIFS(Tabla2[Tipo de Movilidad],"Doble*",Tabla2[Universidad KPIs],'Utilización Convenios'!$C117,Tabla2[Año],'Utilización Convenios'!O$115) -> 0 | Q117: =SUMIF($E$4:$M$4,Q$4,$E117:$P117) -> 3 | R117: =SUMIF($E$4:$N$4,R$4,$E117:$P117) -> 0
C118: Toulouse Business School | D118: France | E118: =COUNTIFS(Tabla1[Tipo de Movilidad],"Doble*",Tabla1[Universidad KPIs],'Utilización Convenios'!$C118,Tabla1[Año de Movilidad],'Utilización Convenios'!E$115,Tabla1[Nivel],"Pregrado") -> 5 | F118: =COUNTIFS(Tabla2[Tipo de Movilidad],"Doble*",Tabla2[Universidad KPIs],'Utilización Convenios'!$C118,Tabla2[Año],'Utilización Convenios'!E$115) -> 2 | G118: =COUNTIFS(Tabla1[Tipo de Movilidad],"Doble*",Tabla1[Universidad KPIs],'Utilización Convenios'!$C118,Tabla1[Año de Movilidad],'Utilización Convenios'!G$115,Tabla1[Nivel],"Pregrado") -> 5 | H118: =COUNTIFS(Tabla2[Tipo de Movilidad],"Doble*",Tabla2[Universidad KPIs],'Utilización Convenios'!$C118,Tabla2[Año],'Utilización Convenios'!G$115) -> 1 | I118: =COUNTIFS(Tabla1[Tipo de Movilidad],"Doble*",Tabla1[Universidad KPIs],'Utilización Convenios'!$C118,Tabla1[Año de Movilidad],'Utilización Convenios'!I$115,Tabla1[Nivel],"Pregrado") -> 10 | J118: =COUNTIFS(Tabla2[Tipo de Movilidad],"Doble*",Tabla2[Universidad KPIs],'Utilización Convenios'!$C118,Tabla2[Año],'Utilización Convenios'!I$115) -> 0 | K118: =COUNTIFS(Tabla1[Tipo de Movilidad],"Doble*",Tabla1[Universidad KPIs],'Utilización Convenios'!$C118,Tabla1[Año de Movilidad],'Utilización Convenios'!K$115,Tabla1[Nivel],"Pregrado") -> 9 | L118: =COUNTIFS(Tabla2[Tipo de Movilidad],"Doble*",Tabla2[Universidad KPIs],'Utilización Convenios'!$C118,Tabla2[Año],'Utilización Convenios'!K$115) -> 0 | M118: =COUNTIFS(Tabla1[Tipo de Movilidad],"Doble*",Tabla1[Universidad KPIs],'Utilización Convenios'!$C118,Tabla1[Año de Movilidad],'Utilización Convenios'!M$115,Tabla1[Nivel],"Pregrado") -> 6 | N118: =COUNTIFS(Tabla2[Tipo de Movilidad],"Doble*",Tabla2[Universidad KPIs],'Utilización Convenios'!$C118,Tabla2[Año],'Utilización Convenios'!M$115) -> 0 | O118: =COUNTIFS(Tabla1[Tipo de Movilidad],"Doble*",Tabla1[Universidad KPIs],'Utilización Convenios'!$C118,Tabla1[Año de Movilidad],'Utilización Convenios'!O$115,Tabla1[Nivel],"Pregrado") -> 0 | P118: =COUNTIFS(Tabla2[Tipo de Movilidad],"Doble*",Tabla2[Universidad KPIs],'Utilización Convenios'!$C118,Tabla2[Año],'Utilización Convenios'!O$115) -> 0 | Q118: =SUMIF($E$4:$M$4,Q$4,$E118:$P118) -> 35 | R118: =SUMIF($E$4:$N$4,R$4,$E118:$P118) -> 3
C119: Universidad de Tilburg | D119: Netherlands | E119: =COUNTIFS(Tabla1[Tipo de Movilidad],"Doble*",Tabla1[Universidad KPIs],'Utilización Convenios'!$C119,Tabla1[Año de Movilidad],'Utilización Convenios'!E$115,Tabla1[Nivel],"Pregrado") -> 0 | F119: =COUNTIFS(Tabla2[Tipo de Movilidad],"Doble*",Tabla2[Universidad KPIs],'Utilización Convenios'!$C119,Tabla2[Año],'Utilización Convenios'!E$115) -> 0 | G119: =COUNTIFS(Tabla1[Tipo de Movilidad],"Doble*",Tabla1[Universidad KPIs],'Utilización Convenios'!$C119,Tabla1[Año de Movilidad],'Utilización Convenios'!G$115,Tabla1[Nivel],"Pregrado") -> 0 | H119: =COUNTIFS(Tabla2[Tipo de Movilidad],"Doble*",Tabla2[Universidad KPIs],'Utilización Convenios'!$C119,Tabla2[Año],'Utilización Convenios'!G$115) -> 0 | I119: =COUNTIFS(Tabla1[Tipo de Movilidad],"Doble*",Tabla1[Universidad KPIs],'Utilización Convenios'!$C119,Tabla1[Año de Movilidad],'Utilización Convenios'!I$115,Tabla1[Nivel],"Pregrado") -> 2 | J119: =COUNTIFS(Tabla2[Tipo de Movilidad],"Doble*",Tabla2[Universidad KPIs],'Utilización Convenios'!$C119,Tabla2[Año],'Utilización Convenios'!I$115) -> 0 | K119: =COUNTIFS(Tabla1[Tipo de Movilidad],"Doble*",Tabla1[Universidad KPIs],'Utilización Convenios'!$C119,Tabla1[Año de Movilidad],'Utilización Convenios'!K$115,Tabla1[Nivel],"Pregrado") -> 2 | L119: =COUNTIFS(Tabla2[Tipo de Movilidad],"Doble*",Tabla2[Universidad KPIs],'Utilización Convenios'!$C119,Tabla2[Año],'Utilización Convenios'!K$115) -> 0 | M119: =COUNTIFS(Tabla1[Tipo de Movilidad],"Doble*",Tabla1[Universidad KPIs],'Utilización Convenios'!$C119,Tabla1[Año de Movilidad],'Utilización Convenios'!M$115,Tabla1[Nivel],"Pregrado") -> 1 | N119: =COUNTIFS(Tabla2[Tipo de Movilidad],"Doble*",Tabla2[Universidad KPIs],'Utilización Convenios'!$C119,Tabla2[Año],'Utilización Convenios'!M$115) -> 0 | O119: =COUNTIFS(Tabla1[Tipo de Movilidad],"Doble*",Tabla1[Universidad KPIs],'Utilización Convenios'!$C119,Tabla1[Año de Movilidad],'Utilización Convenios'!O$115,Tabla1[Nivel],"Pregrado") -> 0 | P119: =COUNTIFS(Tabla2[Tipo de Movilidad],"Doble*",Tabla2[Universidad KPIs],'Utilización Convenios'!$C119,Tabla2[Año],'Utilización Convenios'!O$115) -> 0 | Q119: =SUMIF($E$4:$M$4,Q$4,$E119:$P119) -> 5 | R119: =SUMIF($E$4:$N$4,R$4,$E119:$P119) -> 0
C120: TOTAL | E120: =SUM(E116:E119) -> 6 | F120: =SUM(F116:F119) -> 2 | G120: =SUM(G116:G119) -> 5 | H120: =SUM(H116:H119) -> 1 | I120: =SUM(I116:I119) -> 12 | J120: =SUM(J116:J119) -> 0 | K120: =SUM(K116:K119) -> 12 | L120: =SUM(L116:L119) -> 0 | ... P120: =SUM(P116:P119) -> 0 | Q120: =SUM(Q117:Q119) -> 43 | R120: =SUM(R117:R119) -> 3
C122: FREE MOVER INCOMING | E122: 2020 | F122: 2021 | G122: 2022 | H122: 2023 | I122: 2024 | J122: 2025 | K122: Total
C123: FHNW Fachhochschule Nordwestschweiz | D123: Switzerland | E123: =COUNTIFS(Tabla2[Tipo de Movilidad],"Free*",Tabla2[Universidad KPIs],'Utilización Convenios'!$C123,Tabla2[Año],'Utilización Convenios'!E$122) -> 1 | F123: =COUNTIFS(Tabla2[Grupo Banner],"Free*",Tabla2[Tipo Convenio],'Utilización Convenios'!$C123,Tabla2[Semestre de Movilidad],'Utilización Convenios'!F$122) -> 0 | G123: =COUNTIFS(Tabla2[Cruce de Programa],"Free*",Tabla2[País],'Utilización Convenios'!$C123,Tabla2[Código],'Utilización Convenios'!G$122) -> 0 | H123: =COUNTIFS(Tabla2[Total Cursos],"Free*",Tabla2[Continente],'Utilización Convenios'!$C123,Tabla2[Nombre],'Utilización Convenios'!H$122) -> 0 | I123: =COUNTIFS(Tabla2[Curso 1],"Free*",Tabla2[Cuenta Alterna],'Utilización Convenios'!$C123,Tabla2[Apellido],'Utilización Convenios'!I$122) -> 0 | J123: =COUNTIFS(Tabla2[Curso 1],"Free*",Tabla2[Cuenta Alterna],'Utilización Convenios'!$C123,Tabla2[Apellido],'Utilización Convenios'!J$122) -> 0 | K123: =SUM(E123:J123) -> 1
C125: PASANTÍA DE INVESTIGACIÓN OUTGOING | E125: 2020 | F125: 2021 | G125: 2022 | H125: 2023 | I125: 2024 | J125: 2025 | K125: Total
C126: Cornell University | D126: United States | E126: =COUNTIFS(Tabla1[Tipo de Movilidad],"Pasant*",Tabla1[Universidad KPIs],$C126,Tabla1[Año de Movilidad],'Utilización Convenios'!E$125) -> 2 | F126: =COUNTIFS(Tabla1[Tipo de Movilidad],"Pasant*",Tabla1[Universidad KPIs],$C126,Tabla1[Año de Movilidad],'Utilización Convenios'!F$125) -> 8 | G126: =COUNTIFS(Tabla1[Tipo de Movilidad],"Pasant*",Tabla1[Universidad KPIs],$C126,Tabla1[Año de Movilidad],'Utilización Convenios'!G$125) -> 3 | H126: =COUNTIFS(Tabla1[Tipo de Movilidad],"Pasant*",Tabla1[Universidad KPIs],$C126,Tabla1[Año de Movilidad],'Utilización Convenios'!H$125) -> 1 | I126: =COUNTIFS(Tabla1[Tipo de Movilidad],"Pasant*",Tabla1[Universidad KPIs],$C126,Tabla1[Año de Movilidad],'Utilización Convenios'!I$125) -> 2 | J126: =COUNTIFS(Tabla1[Tipo de Movilidad],"Pasant*",Tabla1[Universidad KPIs],$C126,Tabla1[Año de Movilidad],'Utilización Convenios'!J$125) -> 0 | K126: =SUM(E126:J126) -> 16
C128: GRADUATED EXCHANGE
E129: 2020 | G129: 2021 | I129: 2022 | K129: 2023 | M129: 2024 | O129: 2025 | Q129: Total
C130: Universidad KPIs | D130: País | E130: Outgoing | F130: Incoming | G130: Outgoing | H130: Incoming | I130: Outgoing | J130: Incoming | K130: Outgoing | L130: Incoming | M130: Outgoing | N130: Incoming | O130: Outgoing | P130: Incoming | Q130: Outgoing | R130: Incoming
B131: C O N V E N I O S E S P E C Í F I C O S | C131: A.B. Freeman School of Business, Tulane University | D131: United States | E131: =COUNTIFS(Tabla1[Tipo de Movilidad],"Intercambio*",Tabla1[Universidad KPIs],'Utilización Convenios'!$C131,Tabla1[Año de Movilidad],'Utilización Convenios'!E$3,Tabla1[Nivel],"Maestría") -> 0 | F131: =COUNTIFS(Tabla2[Tipo de Movilidad],"Intercambio*",Tabla2[Universidad KPIs],'Utilización Convenios'!$C131,Tabla2[Año],'Utilización Convenios'!E$129,Tabla2[Nivel Nominación],"Postgraduate / Master") -> 0 | G131: =COUNTIFS(Tabla1[Tipo de Movilidad],"Intercambio*",Tabla1[Universidad KPIs],'Utilización Convenios'!$C131,Tabla1[Año de Movilidad],'Utilización Convenios'!G$3,Tabla1[Nivel],"Maestría") -> 0 | H131: =COUNTIFS(Tabla2[Tipo de Movilidad],"Intercambio*",Tabla2[Universidad KPIs],'Utilización Convenios'!$C131,Tabla2[Año],'Utilización Convenios'!G$129,Tabla2[Nivel Nominación],"Postgraduate / Master") -> 0 | I131: =COUNTIFS(Tabla1[Tipo de Movilidad],"Intercambio*",Tabla1[Universidad KPIs],'Utilización Convenios'!$C131,Tabla1[Año de Movilidad],'Utilización Convenios'!I$3,Tabla1[Nivel],"Maestría") -> 0 | J131: =COUNTIFS(Tabla2[Tipo de Movilidad],"Intercambio*",Tabla2[Universidad KPIs],'Utilización Convenios'!$C131,Tabla2[Año],'Utilización Convenios'!I$129,Tabla2[Nivel Nominación],"Postgraduate / Master") -> 0 | K131: =COUNTIFS(Tabla1[Tipo de Movilidad],"Intercambio*",Tabla1[Universidad KPIs],'Utilización Convenios'!$C131,Tabla1[Año de Movilidad],'Utilización Convenios'!K$3,Tabla1[Nivel],"Maestría") -> 0 | L131: =COUNTIFS(Tabla2[Tipo de Movilidad],"Intercambio*",Tabla2[Universidad KPIs],'Utilización Convenios'!$C131,Tabla2[Año],'Utilización Convenios'!K$129,Tabla2[Nivel Nominación],"Postgraduate / Master") -> 0 | M131: =COUNTIFS(Tabla1[Tipo de Movilidad],"Intercambio*",Tabla1[Universidad KPIs],'Utilización Convenios'!$C131,Tabla1[Año de Movilidad],'Utilización Convenios'!M$3,Tabla1[Nivel],"Maestría") -> 0 | N131: =COUNTIFS(Tabla2[Tipo de Movilidad],"Intercambio*",Tabla2[Universidad KPIs],'Utilización Convenios'!$C131,Tabla2[Año],'Utilización Convenios'!M$129,Tabla2[Nivel Nominación],"Postgraduate / Master") -> 0 | O131: =COUNTIFS(Tabla1[Tipo de Movilidad],"Intercambio*",Tabla1[Universidad KPIs],'Utilización Convenios'!$C131,Tabla1[Año de Movilidad],'Utilización Convenios'!O$3,Tabla1[Nivel],"Maestría") -> 0 | P131: =COUNTIFS(Tabla2[Tipo de Movilidad],"Intercambio*",Tabla2[Universidad KPIs],'Utilización Convenios'!$C131,Tabla2[Año],'Utilización Convenios'!O$129,Tabla2[Nivel Nominación],"Postgraduate / Master") -> 0 | Q131: =SUMIF($E$130:$P$130,Q$130,$E131:$P131) -> 0 | R131: =SUMIF($E$130:$P$130,R$130,$E131:$P131) -> 0
C132: Aalto University | D132: Finland | E132: =COUNTIFS(Tabla1[Tipo de Movilidad],"Intercambio*",Tabla1[Universidad KPIs],'Utilización Convenios'!$C132,Tabla1[Año de Movilidad],'Utilización Convenios'!E$3,Tabla1[Nivel],"Maestría") -> 0 | F132: =COUNTIFS(Tabla2[Tipo de Movilidad],"Intercambio*",Tabla2[Universidad KPIs],'Utilización Convenios'!$C132,Tabla2[Año],'Utilización Convenios'!E$129,Tabla2[Nivel Nominación],"Postgraduate / Master") -> 0 | G132: =COUNTIFS(Tabla1[Tipo de Movilidad],"Intercambio*",Tabla1[Universidad KPIs],'Utilización Convenios'!$C132,Tabla1[Año de Movilidad],'Utilización Convenios'!G$3,Tabla1[Nivel],"Maestría") -> 0 | H132: =COUNTIFS(Tabla2[Tipo de Movilidad],"Intercambio*",Tabla2[Universidad KPIs],'Utilización Convenios'!$C132,Tabla2[Año],'Utilización Convenios'!G$129,Tabla2[Nivel Nominación],"Postgraduate / Master") -> 0 | I132: =COUNTIFS(Tabla1[Tipo de Movilidad],"Intercambio*",Tabla1[Universidad KPIs],'Utilización Convenios'!$C132,Tabla1[Año de Movilidad],'Utilización Convenios'!I$3,Tabla1[Nivel],"Maestría") -> 0 | J132: =COUNTIFS(Tabla2[Tipo de Movilidad],"Intercambio*",Tabla2[Universidad KPIs],'Utilización Convenios'!$C132,Tabla2[Año],'Utilización Convenios'!I$129,Tabla2[Nivel Nominación],"Postgraduate / Master") -> 0 | K132: =COUNTIFS(Tabla1[Tipo de Movilidad],"Intercambio*",Tabla1[Universidad KPIs],'Utilización Convenios'!$C132,Tabla1[Año de Movilidad],'Utilización Convenios'!K$3,Tabla1[Nivel],"Maestría") -> 0 | L132: =COUNTIFS(Tabla2[Tipo de Movilidad],"Intercambio*",Tabla2[Universidad KPIs],'Utilización Convenios'!$C132,Tabla2[Año],'Utilización Convenios'!K$129,Tabla2[Nivel Nominación],"Postgraduate / Master") -> 0 | M132: =COUNTIFS(Tabla1[Tipo de Movilidad],"Intercambio*",Tabla1[Universidad KPIs],'Utilización Convenios'!$C132,Tabla1[Año de Movilidad],'Utilización Convenios'!M$3,Tabla1[Nivel],"Maestría") -> 0 | N132: =COUNTIFS(Tabla2[Tipo de Movilidad],"Intercambio*",Tabla2[Universidad KPIs],'Utilización Convenios'!$C132,Tabla2[Año],'Utilización Convenios'!M$129,Tabla2[Nivel Nominación],"Postgraduate / Master") -> 1 | O132: =COUNTIFS(Tabla1[Tipo de Movilidad],"Intercambio*",Tabla1[Universidad KPIs],'Utilización Convenios'!$C132,Tabla1[Año de Movilidad],'Utilización Convenios'!O$3,Tabla1[Nivel],"Maestría") -> 0 | P132: =COUNTIFS(Tabla2[Tipo de Movilidad],"Intercambio*",Tabla2[Universidad KPIs],'Utilización Convenios'!$C132,Tabla2[Año],'Utilización Convenios'!O$129,Tabla2[Nivel Nominación],"Postgraduate / Master") -> 0 | Q132: =SUMIF($E$130:$P$130,Q$130,$E132:$P132) -> 0 | R132: =SUMIF($E$130:$P$130,R$130,$E132:$P132) -> 1
C133: Aston University | D133: United Kingdom | E133: =COUNTIFS(Tabla1[Tipo de Movilidad],"Intercambio*",Tabla1[Universidad KPIs],'Utilización Convenios'!$C133,Tabla1[Año de Movilidad],'Utilización Convenios'!E$3,Tabla1[Nivel],"Maestría") -> 0 | F133: =COUNTIFS(Tabla2[Tipo de Movilidad],"Intercambio*",Tabla2[Universidad KPIs],'Utilización Convenios'!$C133,Tabla2[Año],'Utilización Convenios'!E$129,Tabla2[Nivel Nominación],"Postgraduate / Master") -> 0 | G133: =COUNTIFS(Tabla1[Tipo de Movilidad],"Intercambio*",Tabla1[Universidad KPIs],'Utilización Convenios'!$C133,Tabla1[Año de Movilidad],'Utilización Convenios'!G$3,Tabla1[Nivel],"Maestría") -> 0 | H133: =COUNTIFS(Tabla2[Tipo de Movilidad],"Intercambio*",Tabla2[Universidad KPIs],'Utilización Convenios'!$C133,Tabla2[Año],'Utilización Convenios'!G$129,Tabla2[Nivel Nominación],"Postgraduate / Master") -> 0 | I133: =COUNTIFS(Tabla1[Tipo de Movilidad],"Intercambio*",Tabla1[Universidad KPIs],'Utilización Convenios'!$C133,Tabla1[Año de Movilidad],'Utilización Convenios'!I$3,Tabla1[Nivel],"Maestría") -> 0 | J133: =COUNTIFS(Tabla2[Tipo de Movilidad],"Intercambio*",Tabla2[Universidad KPIs],'Utilización Convenios'!$C133,Tabla2[Año],'Utilización Convenios'!I$129,Tabla2[Nivel Nominación],"Postgraduate / Master") -> 0 | K133: =COUNTIFS(Tabla1[Tipo de Movilidad],"Intercambio*",Tabla1[Universidad KPIs],'Utilización Convenios'!$C133,Tabla1[Año de Movilidad],'Utilización Convenios'!K$3,Tabla1[Nivel],"Maestría") -> 0 | L133: =COUNTIFS(Tabla2[Tipo de Movilidad],"Intercambio*",Tabla2[Universidad KPIs],'Utilización Convenios'!$C133,Tabla2[Año],'Utilización Convenios'!K$129,Tabla2[Nivel Nominación],"Postgraduate / Master") -> 0 | M133: =COUNTIFS(Tabla1[Tipo de Movilidad],"Intercambio*",Tabla1[Universidad KPIs],'Utilización Convenios'!$C133,Tabla1[Año de Movilidad],'Utilización Convenios'!M$3,Tabla1[Nivel],"Maestría") -> 0 | N133: =COUNTIFS(Tabla2[Tipo de Movilidad],"Intercambio*",Tabla2[Universidad KPIs],'Utilización Convenios'!$C133,Tabla2[Año],'Utilización Convenios'!M$129,Tabla2[Nivel Nominación],"Postgraduate / Master") -> 0 | O133: =COUNTIFS(Tabla1[Tipo de Movilidad],"Intercambio*",Tabla1[Universidad KPIs],'Utilización Convenios'!$C133,Tabla1[Año de Movilidad],'Utilización Convenios'!O$3,Tabla1[Nivel],"Maestría") -> 0 | P133: =COUNTIFS(Tabla2[Tipo de Movilidad],"Intercambio*",Tabla2[Universidad KPIs],'Utilización Convenios'!$C133,Tabla2[Año],'Utilización Convenios'!O$129,Tabla2[Nivel Nominación],"Postgraduate / Master") -> 0 | Q133: =SUMIF($E$130:$P$130,Q$130,$E133:$P133) -> 0 | R133: =SUMIF($E$130:$P$130,R$130,$E133:$P133) -> 0
C134: Audencia. École de Management | D134: France | E134: =COUNTIFS(Tabla1[Tipo de Movilidad],"Intercambio*",Tabla1[Universidad KPIs],'Utilización Convenios'!$C134,Tabla1[Año de Movilidad],'Utilización Convenios'!E$3,Tabla1[Nivel],"Maestría") -> 0 | F134: =COUNTIFS(Tabla2[Tipo de Movilidad],"Intercambio*",Tabla2[Universidad KPIs],'Utilización Convenios'!$C134,Tabla2[Año],'Utilización Convenios'!E$129,Tabla2[Nivel Nominación],"Postgraduate / Master") -> 0 | G134: =COUNTIFS(Tabla1[Tipo de Movilidad],"Intercambio*",Tabla1[Universidad KPIs],'Utilización Convenios'!$C134,Tabla1[Año de Movilidad],'Utilización Convenios'!G$3,Tabla1[Nivel],"Maestría") -> 0 | H134: =COUNTIFS(Tabla2[Tipo de Movilidad],"Intercambio*",Tabla2[Universidad KPIs],'Utilización Convenios'!$C134,Tabla2[Año],'Utilización Convenios'!G$129,Tabla2[Nivel Nominación],"Postgraduate / Master") -> 1 | I134: =COUNTIFS(Tabla1[Tipo de Movilidad],"Intercambio*",Tabla1[Universidad KPIs],'Utilización Convenios'!$C134,Tabla1[Año de Movilidad],'Utilización Convenios'!I$3,Tabla1[Nivel],"Maestría") -> 0 | J134: =COUNTIFS(Tabla2[Tipo de Movilidad],"Intercambio*",Tabla2[Universidad KPIs],'Utilización Convenios'!$C134,Tabla2[Año],'Utilización Convenios'!I$129,Tabla2[Nivel Nominación],"Postgraduate / Master") -> 1 | K134: =COUNTIFS(Tabla1[Tipo de Movilidad],"Intercambio*",Tabla1[Universidad KPIs],'Utilización Convenios'!$C134,Tabla1[Año de Movilidad],'Utilización Convenios'!K$3,Tabla1[Nivel],"Maestría") -> 0 | L134: =COUNTIFS(Tabla2[Tipo de Movilidad],"Intercambio*",Tabla2[Universidad KPIs],'Utilización Convenios'!$C134,Tabla2[Año],'Utilización Convenios'!K$129,Tabla2[Nivel Nominación],"Postgraduate / Master") -> 0 | M134: =COUNTIFS(Tabla1[Tipo de Movilidad],"Intercambio*",Tabla1[Universidad KPIs],'Utilización Convenios'!$C134,Tabla1[Año de Movilidad],'Utilización Convenios'!M$3,Tabla1[Nivel],"Maestría") -> 0 | N134: =COUNTIFS(Tabla2[Tipo de Movilidad],"Intercambio*",Tabla2[Universidad KPIs],'Utilización Convenios'!$C134,Tabla2[Año],'Utilización Convenios'!M$129,Tabla2[Nivel Nominación],"Postgraduate / Master") -> 0 | O134: =COUNTIFS(Tabla1[Tipo de Movilidad],"Intercambio*",Tabla1[Universidad KPIs],'Utilización Convenios'!$C134,Tabla1[Año de Movilidad],'Utilización Convenios'!O$3,Tabla1[Nivel],"Maestría") -> 0 | P134: =COUNTIFS(Tabla2[Tipo de Movilidad],"Intercambio*",Tabla2[Universidad KPIs],'Utilización Convenios'!$C134,Tabla2[Año],'Utilización Convenios'!O$129,Tabla2[Nivel Nominación],"Postgraduate / Master") -> 1 | Q134: =SUMIF($E$130:$P$130,Q$130,$E134:$P134) -> 0 | R134: =SUMIF($E$130:$P$130,R$130,$E134:$P134) -> 3
C135: BI Norwegian Business School | D135: Norway | E135: =COUNTIFS(Tabla1[Tipo de Movilidad],"Intercambio*",Tabla1[Universidad KPIs],'Utilización Convenios'!$C135,Tabla1[Año de Movilidad],'Utilización Convenios'!E$3,Tabla1[Nivel],"Maestría") -> 0 | F135: =COUNTIFS(Tabla2[Tipo de Movilidad],"Intercambio*",Tabla2[Universidad KPIs],'Utilización Convenios'!$C135,Tabla2[Año],'Utilización Convenios'!E$129,Tabla2[Nivel Nominación],"Postgraduate / Master") -> 0 | G135: =COUNTIFS(Tabla1[Tipo de Movilidad],"Intercambio*",Tabla1[Universidad KPIs],'Utilización Convenios'!$C135,Tabla1[Año de Movilidad],'Utilización Convenios'!G$3,Tabla1[Nivel],"Maestría") -> 0 | H135: =COUNTIFS(Tabla2[Tipo de Movilidad],"Intercambio*",Tabla2[Universidad KPIs],'Utilización Convenios'!$C135,Tabla2[Año],'Utilización Convenios'!G$129,Tabla2[Nivel Nominación],"Postgraduate / Master") -> 0 | I135: =COUNTIFS(Tabla1[Tipo de Movilidad],"Intercambio*",Tabla1[Universidad KPIs],'Utilización Convenios'!$C135,Tabla1[Año de Movilidad],'Utilización Convenios'!I$3,Tabla1[Nivel],"Maestría") -> 0 | J135: =COUNTIFS(Tabla2[Tipo de Movilidad],"Intercambio*",Tabla2[Universidad KPIs],'Utilización Convenios'!$C135,Tabla2[Año],'Utilización Convenios'!I$129,Tabla2[Nivel Nominación],"Postgraduate / Master") -> 0 | K135: =COUNTIFS(Tabla1[Tipo de Movilidad],"Intercambio*",Tabla1[Universidad KPIs],'Utilización Convenios'!$C135,Tabla1[Año de Movilidad],'Utilización Convenios'!K$3,Tabla1[Nivel],"Maestría") -> 0 | L135: =COUNTIFS(Tabla2[Tipo de Movilidad],"Intercambio*",Tabla2[Universidad KPIs],'Utilización Convenios'!$C135,Tabla2[Año],'Utilización Convenios'!K$129,Tabla2[Nivel Nominación],"Postgraduate / Master") -> 0 | M135: =COUNTIFS(Tabla1[Tipo de Movilidad],"Intercambio*",Tabla1[Universidad KPIs],'Utilización Convenios'!$C135,Tabla1[Año de Movilidad],'Utilización Convenios'!M$3,Tabla1[Nivel],"Maestría") -> 0 | N135: =COUNTIFS(Tabla2[Tipo de Movilidad],"Intercambio*",Tabla2[Universidad KPIs],'Utilización Convenios'!$C135,Tabla2[Año],'Utilización Convenios'!M$129,Tabla2[Nivel Nominación],"Postgraduate / Master") -> 0 | O135: =COUNTIFS(Tabla1[Tipo de Movilidad],"Intercambio*",Tabla1[Universidad KPIs],'Utilización Convenios'!$C135,Tabla1[Año de Movilidad],'Utilización Convenios'!O$3,Tabla1[Nivel],"Maestría") -> 0 | P135: =COUNTIFS(Tabla2[Tipo de Movilidad],"Intercambio*",Tabla2[Universidad KPIs],'Utilización Convenios'!$C135,Tabla2[Año],'Utilización Convenios'!O$129,Tabla2[Nivel Nominación],"Postgraduate / Master") -> 0 | Q135: =SUMIF($E$130:$P$130,Q$130,$E135:$P135) -> 0 | R135: =SUMIF($E$130:$P$130,R$130,$E135:$P135) -> 0
C136: Catolica Lisbon Business & Economics. Universidade Católica Portuguesa | D136: Portugal | E136: =COUNTIFS(Tabla1[Tipo de Movilidad],"Intercambio*",Tabla1[Universidad KPIs],'Utilización Convenios'!$C136,Tabla1[Año de Movilidad],'Utilización Convenios'!E$3,Tabla1[Nivel],"Maestría") -> 0 | F136: =COUNTIFS(Tabla2[Tipo de Movilidad],"Intercambio*",Tabla2[Universidad KPIs],'Utilización Convenios'!$C136,Tabla2[Año],'Utilización Convenios'!E$129,Tabla2[Nivel Nominación],"Postgraduate / Master") -> 0 | G136: =COUNTIFS(Tabla1[Tipo de Movilidad],"Intercambio*",Tabla1[Universidad KPIs],'Utilización Convenios'!$C136,Tabla1[Año de Movilidad],'Utilización Convenios'!G$3,Tabla1[Nivel],"Maestría") -> 0 | H136: =COUNTIFS(Tabla2[Tipo de Movilidad],"Intercambio*",Tabla2[Universidad KPIs],'Utilización Convenios'!$C136,Tabla2[Año],'Utilización Convenios'!G$129,Tabla2[Nivel Nominación],"Postgraduate / Master") -> 0 | I136: =COUNTIFS(Tabla1[Tipo de Movilidad],"Intercambio*",Tabla1[Universidad KPIs],'Utilización Convenios'!$C136,Tabla1[Año de Movilidad],'Utilización Convenios'!I$3,Tabla1[Nivel],"Maestría") -> 0 | J136: =COUNTIFS(Tabla2[Tipo de Movilidad],"Intercambio*",Tabla2[Universidad KPIs],'Utilización Convenios'!$C136,Tabla2[Año],'Utilización Convenios'!I$129,Tabla2[Nivel Nominación],"Postgraduate / Master") -> 0 | K136: =COUNTIFS(Tabla1[Tipo de Movilidad],"Intercambio*",Tabla1[Universidad KPIs],'Utilización Convenios'!$C136,Tabla1[Año de Movilidad],'Utilización Convenios'!K$3,Tabla1[Nivel],"Maestría") -> 0 | L136: =COUNTIFS(Tabla2[Tipo de Movilidad],"Intercambio*",Tabla2[Universidad KPIs],'Utilización Convenios'!$C136,Tabla2[Año],'Utilización Convenios'!K$129,Tabla2[Nivel Nominación],"Postgraduate / Master") -> 0 | M136: =COUNTIFS(Tabla1[Tipo de Movilidad],"Intercambio*",Tabla1[Universidad KPIs],'Utilización Convenios'!$C136,Tabla1[Año de Movilidad],'Utilización Convenios'!M$3,Tabla1[Nivel],"Maestría") -> 0 | N136: =COUNTIFS(Tabla2[Tipo de Movilidad],"Intercambio*",Tabla2[Universidad KPIs],'Utilización Convenios'!$C136,Tabla2[Año],'Utilización Convenios'!M$129,Tabla2[Nivel Nominación],"Postgraduate / Master") -> 0 | O136: =COUNTIFS(Tabla1[Tipo de Movilidad],"Intercambio*",Tabla1[Universidad KPIs],'Utilización Convenios'!$C136,Tabla1[Año de Movilidad],'Utilización Convenios'!O$3,Tabla1[Nivel],"Maestría") -> 0 | P136: =COUNTIFS(Tabla2[Tipo de Movilidad],"Intercambio*",Tabla2[Universidad KPIs],'Utilización Convenios'!$C136,Tabla2[Año],'Utilización Convenios'!O$129,Tabla2[Nivel Nominación],"Postgraduate / Master") -> 0 | Q136: =SUMIF($E$130:$P$130,Q$130,$E136:$P136) -> 0 | R136: =SUMIF($E$130:$P$130,R$130,$E136:$P136) -> 0
C137: CBS- Copenhagen Business School | D137: Denmark | E137: =COUNTIFS(Tabla1[Tipo de Movilidad],"Intercambio*",Tabla1[Universidad KPIs],'Utilización Convenios'!$C137,Tabla1[Año de Movilidad],'Utilización Convenios'!E$3,Tabla1[Nivel],"Maestría") -> 0 | F137: =COUNTIFS(Tabla2[Tipo de Movilidad],"Intercambio*",Tabla2[Universidad KPIs],'Utilización Convenios'!$C137,Tabla2[Año],'Utilización Convenios'!E$129,Tabla2[Nivel Nominación],"Postgraduate / Master") -> 0 | G137: =COUNTIFS(Tabla1[Tipo de Movilidad],"Intercambio*",Tabla1[Universidad KPIs],'Utilización Convenios'!$C137,Tabla1[Año de Movilidad],'Utilización Convenios'!G$3,Tabla1[Nivel],"Maestría") -> 0 | H137: =COUNTIFS(Tabla2[Tipo de Movilidad],"Intercambio*",Tabla2[Universidad KPIs],'Utilización Convenios'!$C137,Tabla2[Año],'Utilización Convenios'!G$129,Tabla2[Nivel Nominación],"Postgraduate / Master") -> 0 | I137: =COUNTIFS(Tabla1[Tipo de Movilidad],"Intercambio*",Tabla1[Universidad KPIs],'Utilización Convenios'!$C137,Tabla1[Año de Movilidad],'Utilización Convenios'!I$3,Tabla1[Nivel],"Maestría") -> 0 | J137: =COUNTIFS(Tabla2[Tipo de Movilidad],"Intercambio*",Tabla2[Universidad KPIs],'Utilización Convenios'!$C137,Tabla2[Año],'Utilización Convenios'!I$129,Tabla2[Nivel Nominación],"Postgraduate / Master") -> 0 | K137: =COUNTIFS(Tabla1[Tipo de Movilidad],"Intercambio*",Tabla1[Universidad KPIs],'Utilización Convenios'!$C137,Tabla1[Año de Movilidad],'Utilización Convenios'!K$3,Tabla1[Nivel],"Maestría") -> 0 | L137: =COUNTIFS(Tabla2[Tipo de Movilidad],"Intercambio*",Tabla2[Universidad KPIs],'Utilización Convenios'!$C137,Tabla2[Año],'Utilización Convenios'!K$129,Tabla2[Nivel Nominación],"Postgraduate / Master") -> 1 | M137: =COUNTIFS(Tabla1[Tipo de Movilidad],"Intercambio*",Tabla1[Universidad KPIs],'Utilización Convenios'!$C137,Tabla1[Año de Movilidad],'Utilización Convenios'!M$3,Tabla1[Nivel],"Maestría") -> 0 | N137: =COUNTIFS(Tabla2[Tipo de Movilidad],"Intercambio*",Tabla2[Universidad KPIs],'Utilización Convenios'!$C137,Tabla2[Año],'Utilización Convenios'!M$129,Tabla2[Nivel Nominación],"Postgraduate / Master") -> 0 | O137: =COUNTIFS(Tabla1[Tipo de Movilidad],"Intercambio*",Tabla1[Universidad KPIs],'Utilización Convenios'!$C137,Tabla1[Año de Movilidad],'Utilización Convenios'!O$3,Tabla1[Nivel],"Maestría") -> 0 | P137: =COUNTIFS(Tabla2[Tipo de Movilidad],"Intercambio*",Tabla2[Universidad KPIs],'Utilización Convenios'!$C137,Tabla2[Año],'Utilización Convenios'!O$129,Tabla2[Nivel Nominación],"Postgraduate / Master") -> 0 | Q137: =SUMIF($E$130:$P$130,Q$130,$E137:$P137) -> 0 | R137: =SUMIF($E$130:$P$130,R$130,$E137:$P137) -> 1
C138: City University of Hong Kong | D138: China | E138: =COUNTIFS(Tabla1[Tipo de Movilidad],"Intercambio*",Tabla1[Universidad KPIs],'Utilización Convenios'!$C138,Tabla1[Año de Movilidad],'Utilización Convenios'!E$3,Tabla1[Nivel],"Maestría") -> 0 | F138: =COUNTIFS(Tabla2[Tipo de Movilidad],"Intercambio*",Tabla2[Universidad KPIs],'Utilización Convenios'!$C138,Tabla2[Año],'Utilización Convenios'!E$129,Tabla2[Nivel Nominación],"Postgraduate / Master") -> 0 | G138: =COUNTIFS(Tabla1[Tipo de Movilidad],"Intercambio*",Tabla1[Universidad KPIs],'Utilización Convenios'!$C138,Tabla1[Año de Movilidad],'Utilización Convenios'!G$3,Tabla1[Nivel],"Maestría") -> 0 | H138: =COUNTIFS(Tabla2[Tipo de Movilidad],"Intercambio*",Tabla2[Universidad KPIs],'Utilización Convenios'!$C138,Tabla2[Año],'Utilización Convenios'!G$129,Tabla2[Nivel Nominación],"Postgraduate / Master") -> 0 | I138: =COUNTIFS(Tabla1[Tipo de Movilidad],"Intercambio*",Tabla1[Universidad KPIs],'Utilización Convenios'!$C138,Tabla1[Año de Movilidad],'Utilización Convenios'!I$3,Tabla1[Nivel],"Maestría") -> 0 | J138: =COUNTIFS(Tabla2[Tipo de Movilidad],"Intercambio*",Tabla2[Universidad KPIs],'Utilización Convenios'!$C138,Tabla2[Año],'Utilización Convenios'!I$129,Tabla2[Nivel Nominación],"Postgraduate / Master") -> 0 | K138: =COUNTIFS(Tabla1[Tipo de Movilidad],"Intercambio*",Tabla1[Universidad KPIs],'Utilización Convenios'!$C138,Tabla1[Año de Movilidad],'Utilización Convenios'!K$3,Tabla1[Nivel],"Maestría") -> 0 | L138: =COUNTIFS(Tabla2[Tipo de Movilidad],"Intercambio*",Tabla2[Universidad KPIs],'Utilización Convenios'!$C138,Tabla2[Año],'Utilización Convenios'!K$129,Tabla2[Nivel Nominación],"Postgraduate / Master") -> 0 | M138: =COUNTIFS(Tabla1[Tipo de Movilidad],"Intercambio*",Tabla1[Universidad KPIs],'Utilización Convenios'!$C138,Tabla1[Año de Movilidad],'Utilización Convenios'!M$3,Tabla1[Nivel],"Maestría") -> 0 | N138: =COUNTIFS(Tabla2[Tipo de Movilidad],"Intercambio*",Tabla2[Universidad KPIs],'Utilización Convenios'!$C138,Tabla2[Año],'Utilización Convenios'!M$129,Tabla2[Nivel Nominación],"Postgraduate / Master") -> 0 | O138: =COUNTIFS(Tabla1[Tipo de Movilidad],"Intercambio*",Tabla1[Universidad KPIs],'Utilización Convenios'!$C138,Tabla1[Año de Movilidad],'Utilización Convenios'!O$3,Tabla1[Nivel],"Maestría") -> 0 | P138: =COUNTIFS(Tabla2[Tipo de Movilidad],"Intercambio*",Tabla2[Universidad KPIs],'Utilización Convenios'!$C138,Tabla2[Año],'Utilización Convenios'!O$129,Tabla2[Nivel Nominación],"Postgraduate / Master") -> 0 | Q138: =SUMIF($E$130:$P$130,Q$130,$E138:$P138) -> 0 | R138: =SUMIF($E$130:$P$130,R$130,$E138:$P138) -> 0
C139: EDHEC Business School | D139: France | E139: =COUNTIFS(Tabla1[Tipo de Movilidad],"Intercambio*",Tabla1[Universidad KPIs],'Utilización Convenios'!$C139,Tabla1[Año de Movilidad],'Utilización Convenios'!E$3,Tabla1[Nivel],"Maestría") -> 0 | F139: =COUNTIFS(Tabla2[Tipo de Movilidad],"Intercambio*",Tabla2[Universidad KPIs],'Utilización Convenios'!$C139,Tabla2[Año],'Utilización Convenios'!E$129,Tabla2[Nivel Nominación],"Postgraduate / Master") -> 0 | G139: =COUNTIFS(Tabla1[Tipo de Movilidad],"Intercambio*",Tabla1[Universidad KPIs],'Utilización Convenios'!$C139,Tabla1[Año de Movilidad],'Utilización Convenios'!G$3,Tabla1[Nivel],"Maestría") -> 0 | H139: =COUNTIFS(Tabla2[Tipo de Movilidad],"Intercambio*",Tabla2[Universidad KPIs],'Utilización Convenios'!$C139,Tabla2[Año],'Utilización Convenios'!G$129,Tabla2[Nivel Nominación],"Postgraduate / Master") -> 0 | I139: =COUNTIFS(Tabla1[Tipo de Movilidad],"Intercambio*",Tabla1[Universidad KPIs],'Utilización Convenios'!$C139,Tabla1[Año de Movilidad],'Utilización Convenios'!I$3,Tabla1[Nivel],"Maestría") -> 0 | J139: =COUNTIFS(Tabla2[Tipo de Movilidad],"Intercambio*",Tabla2[Universidad KPIs],'Utilización Convenios'!$C139,Tabla2[Año],'Utilización Convenios'!I$129,Tabla2[Nivel Nominación],"Postgraduate / Master") -> 0 | K139: =COUNTIFS(Tabla1[Tipo de Movilidad],"Intercambio*",Tabla1[Universidad KPIs],'Utilización Convenios'!$C139,Tabla1[Año de Movilidad],'Utilización Convenios'!K$3,Tabla1[Nivel],"Maestría") -> 0 | L139: =COUNTIFS(Tabla2[Tipo de Movilidad],"Intercambio*",Tabla2[Universidad KPIs],'Utilización Convenios'!$C139,Tabla2[Año],'Utilización Convenios'!K$129,Tabla2[Nivel Nominación],"Postgraduate / Master") -> 0 | M139: =COUNTIFS(Tabla1[Tipo de Movilidad],"Intercambio*",Tabla1[Universidad KPIs],'Utilización Convenios'!$C139,Tabla1[Año de Movilidad],'Utilización Convenios'!M$3,Tabla1[Nivel],"Maestría") -> 0 | N139: =COUNTIFS(Tabla2[Tipo de Movilidad],"Intercambio*",Tabla2[Universidad KPIs],'Utilización Convenios'!$C139,Tabla2[Año],'Utilización Convenios'!M$129,Tabla2[Nivel Nominación],"Postgraduate / Master") -> 0 | O139: =COUNTIFS(Tabla1[Tipo de Movilidad],"Intercambio*",Tabla1[Universidad KPIs],'Utilización Convenios'!$C139,Tabla1[Año de Movilidad],'Utilización Convenios'!O$3,Tabla1[Nivel],"Maestría") -> 0 | P139: =COUNTIFS(Tabla2[Tipo de Movilidad],"Intercambio*",Tabla2[Universidad KPIs],'Utilización Convenios'!$C139,Tabla2[Año],'Utilización Convenios'!O$129,Tabla2[Nivel Nominación],"Postgraduate / Master") -> 0 | Q139: =SUMIF($E$130:$P$130,Q$130,$E139:$P139) -> 0 | R139: =SUMIF($E$130:$P$130,R$130,$E139:$P139) -> 0
C140: EM Strasbourg | D140: France | E140: =COUNTIFS(Tabla1[Tipo de Movilidad],"Intercambio*",Tabla1[Universidad KPIs],'Utilización Convenios'!$C140,Tabla1[Año de Movilidad],'Utilización Convenios'!E$3,Tabla1[Nivel],"Maestría") -> 0 | F140: =COUNTIFS(Tabla2[Tipo de Movilidad],"Intercambio*",Tabla2[Universidad KPIs],'Utilización Convenios'!$C140,Tabla2[Año],'Utilización Convenios'!E$129,Tabla2[Nivel Nominación],"Postgraduate / Master") -> 0 | G140: =COUNTIFS(Tabla1[Tipo de Movilidad],"Intercambio*",Tabla1[Universidad KPIs],'Utilización Convenios'!$C140,Tabla1[Año de Movilidad],'Utilización Convenios'!G$3,Tabla1[Nivel],"Maestría") -> 0 | H140: =COUNTIFS(Tabla2[Tipo de Movilidad],"Intercambio*",Tabla2[Universidad KPIs],'Utilización Convenios'!$C140,Tabla2[Año],'Utilización Convenios'!G$129,Tabla2[Nivel Nominación],"Postgraduate / Master") -> 0 | I140: =COUNTIFS(Tabla1[Tipo de Movilidad],"Intercambio*",Tabla1[Universidad KPIs],'Utilización Convenios'!$C140,Tabla1[Año de Movilidad],'Utilización Convenios'!I$3,Tabla1[Nivel],"Maestría") -> 0 | J140: =COUNTIFS(Tabla2[Tipo de Movilidad],"Intercambio*",Tabla2[Universidad KPIs],'Utilización Convenios'!$C140,Tabla2[Año],'Utilización Convenios'!I$129,Tabla2[Nivel Nominación],"Postgraduate / Master") -> 1 | K140: =COUNTIFS(Tabla1[Tipo de Movilidad],"Intercambio*",Tabla1[Universidad KPIs],'Utilización Convenios'!$C140,Tabla1[Año de Movilidad],'Utilización Convenios'!K$3,Tabla1[Nivel],"Maestría") -> 0 | L140: =COUNTIFS(Tabla2[Tipo de Movilidad],"Intercambio*",Tabla2[Universidad KPIs],'Utilización Convenios'!$C140,Tabla2[Año],'Utilización Convenios'!K$129,Tabla2[Nivel Nominación],"Postgraduate / Master") -> 0 | M140: =COUNTIFS(Tabla1[Tipo de Movilidad],"Intercambio*",Tabla1[Universidad KPIs],'Utilización Convenios'!$C140,Tabla1[Año de Movilidad],'Utilización Convenios'!M$3,Tabla1[Nivel],"Maestría") -> 0 | N140: =COUNTIFS(Tabla2[Tipo de Movilidad],"Intercambio*",Tabla2[Universidad KPIs],'Utilización Convenios'!$C140,Tabla2[Año],'Utilización Convenios'!M$129,Tabla2[Nivel Nominación],"Postgraduate / Master") -> 0 | O140: =COUNTIFS(Tabla1[Tipo de Movilidad],"Intercambio*",Tabla1[Universidad KPIs],'Utilización Convenios'!$C140,Tabla1[Año de Movilidad],'Utilización Convenios'!O$3,Tabla1[Nivel],"Maestría") -> 0 | P140: =COUNTIFS(Tabla2[Tipo de Movilidad],"Intercambio*",Tabla2[Universidad KPIs],'Utilización Convenios'!$C140,Tabla2[Año],'Utilización Convenios'!O$129,Tabla2[Nivel Nominación],"Postgraduate / Master") -> 0 | Q140: =SUMIF($E$130:$P$130,Q$130,$E140:$P140) -> 0 | R140: =SUMIF($E$130:$P$130,R$130,$E140:$P140) -> 1
C141: ESADE | D141: Spain | E141: =COUNTIFS(Tabla1[Tipo de Movilidad],"Intercambio*",Tabla1[Universidad KPIs],'Utilización Convenios'!$C141,Tabla1[Año de Movilidad],'Utilización Convenios'!E$3,Tabla1[Nivel],"Maestría") -> 0 | F141: =COUNTIFS(Tabla2[Tipo de Movilidad],"Intercambio*",Tabla2[Universidad KPIs],'Utilización Convenios'!$C141,Tabla2[Año],'Utilización Convenios'!E$129,Tabla2[Nivel Nominación],"Postgraduate / Master") -> 0 | G141: =COUNTIFS(Tabla1[Tipo de Movilidad],"Intercambio*",Tabla1[Universidad KPIs],'Utilización Convenios'!$C141,Tabla1[Año de Movilidad],'Utilización Convenios'!G$3,Tabla1[Nivel],"Maestría") -> 0 | H141: =COUNTIFS(Tabla2[Tipo de Movilidad],"Intercambio*",Tabla2[Universidad KPIs],'Utilización Convenios'!$C141,Tabla2[Año],'Utilización Convenios'!G$129,Tabla2[Nivel Nominación],"Postgraduate / Master") -> 0 | I141: =COUNTIFS(Tabla1[Tipo de Movilidad],"Intercambio*",Tabla1[Universidad KPIs],'Utilización Convenios'!$C141,Tabla1[Año de Movilidad],'Utilización Convenios'!I$3,Tabla1[Nivel],"Maestría") -> 0 | J141: =COUNTIFS(Tabla2[Tipo de Movilidad],"Intercambio*",Tabla2[Universidad KPIs],'Utilización Convenios'!$C141,Tabla2[Año],'Utilización Convenios'!I$129,Tabla2[Nivel Nominación],"Postgraduate / Master") -> 0 | K141: =COUNTIFS(Tabla1[Tipo de Movilidad],"Intercambio*",Tabla1[Universidad KPIs],'Utilización Convenios'!$C141,Tabla1[Año de Movilidad],'Utilización Convenios'!K$3,Tabla1[Nivel],"Maestría") -> 0 | L141: =COUNTIFS(Tabla2[Tipo de Movilidad],"Intercambio*",Tabla2[Universidad KPIs],'Utilización Convenios'!$C141,Tabla2[Año],'Utilización Convenios'!K$129,Tabla2[Nivel Nominación],"Postgraduate / Master") -> 1 | M141: =COUNTIFS(Tabla1[Tipo de Movilidad],"Intercambio*",Tabla1[Universidad KPIs],'Utilización Convenios'!$C141,Tabla1[Año de Movilidad],'Utilización Convenios'!M$3,Tabla1[Nivel],"Maestría") -> 0 | N141: =COUNTIFS(Tabla2[Tipo de Movilidad],"Intercambio*",Tabla2[Universidad KPIs],'Utilización Convenios'!$C141,Tabla2[Año],'Utilización Convenios'!M$129,Tabla2[Nivel Nominación],"Postgraduate / Master") -> 0 | O141: =COUNTIFS(Tabla1[Tipo de Movilidad],"Intercambio*",Tabla1[Universidad KPIs],'Utilización Convenios'!$C141,Tabla1[Año de Movilidad],'Utilización Convenios'!O$3,Tabla1[Nivel],"Maestría") -> 0 | P141: =COUNTIFS(Tabla2[Tipo de Movilidad],"Intercambio*",Tabla2[Universidad KPIs],'Utilización Convenios'!$C141,Tabla2[Año],'Utilización Convenios'!O$129,Tabla2[Nivel Nominación],"Postgraduate / Master") -> 0 | Q141: =SUMIF($E$130:$P$130,Q$130,$E141:$P141) -> 0 | R141: =SUMIF($E$130:$P$130,R$130,$E141:$P141) -> 1
C142: ESC Rouen (NEOMA) | D142: France | E142: =COUNTIFS(Tabla1[Tipo de Movilidad],"Intercambio*",Tabla1[Universidad KPIs],'Utilización Convenios'!$C142,Tabla1[Año de Movilidad],'Utilización Convenios'!E$3,Tabla1[Nivel],"Maestría") -> 0 | F142: =COUNTIFS(Tabla2[Tipo de Movilidad],"Intercambio*",Tabla2[Universidad KPIs],'Utilización Convenios'!$C142,Tabla2[Año],'Utilización Convenios'!E$129,Tabla2[Nivel Nominación],"Postgraduate / Master") -> 2 | G142: =COUNTIFS(Tabla1[Tipo de Movilidad],"Intercambio*",Tabla1[Universidad KPIs],'Utilización Convenios'!$C142,Tabla1[Año de Movilidad],'Utilización Convenios'!G$3,Tabla1[Nivel],"Maestría") -> 0 | H142: =COUNTIFS(Tabla2[Tipo de Movilidad],"Intercambio*",Tabla2[Universidad KPIs],'Utilización Convenios'!$C142,Tabla2[Año],'Utilización Convenios'!G$129,Tabla2[Nivel Nominación],"Postgraduate / Master") -> 4 | I142: =COUNTIFS(Tabla1[Tipo de Movilidad],"Intercambio*",Tabla1[Universidad KPIs],'Utilización Convenios'!$C142,Tabla1[Año de Movilidad],'Utilización Convenios'!I$3,Tabla1[Nivel],"Maestría") -> 0 | J142: =COUNTIFS(Tabla2[Tipo de Movilidad],"Intercambio*",Tabla2[Universidad KPIs],'Utilización Convenios'!$C142,Tabla2[Año],'Utilización Convenios'!I$129,Tabla2[Nivel Nominación],"Postgraduate / Master") -> 3 | K142: =COUNTIFS(Tabla1[Tipo de Movilidad],"Intercambio*",Tabla1[Universidad KPIs],'Utilización Convenios'!$C142,Tabla1[Año de Movilidad],'Utilización Convenios'!K$3,Tabla1[Nivel],"Maestría") -> 0 | L142: =COUNTIFS(Tabla2[Tipo de Movilidad],"Intercambio*",Tabla2[Universidad KPIs],'Utilización Convenios'!$C142,Tabla2[Año],'Utilización Convenios'!K$129,Tabla2[Nivel Nominación],"Postgraduate / Master") -> 2 | M142: =COUNTIFS(Tabla1[Tipo de Movilidad],"Intercambio*",Tabla1[Universidad KPIs],'Utilización Convenios'!$C142,Tabla1[Año de Movilidad],'Utilización Convenios'!M$3,Tabla1[Nivel],"Maestría") -> 0 | N142: =COUNTIFS(Tabla2[Tipo de Movilidad],"Intercambio*",Tabla2[Universidad KPIs],'Utilización Convenios'!$C142,Tabla2[Año],'Utilización Convenios'!M$129,Tabla2[Nivel Nominación],"Postgraduate / Master") -> 2 | O142: =COUNTIFS(Tabla1[Tipo de Movilidad],"Intercambio*",Tabla1[Universidad KPIs],'Utilización Convenios'!$C142,Tabla1[Año de Movilidad],'Utilización Convenios'!O$3,Tabla1[Nivel],"Maestría") -> 0 | P142: =COUNTIFS(Tabla2[Tipo de Movilidad],"Intercambio*",Tabla2[Universidad KPIs],'Utilización Convenios'!$C142,Tabla2[Año],'Utilización Convenios'!O$129,Tabla2[Nivel Nominación],"Postgraduate / Master") -> 0 | Q142: =SUMIF($E$130:$P$130,Q$130,$E142:$P142) -> 0 | R142: =SUMIF($E$130:$P$130,R$130,$E142:$P142) -> 13
C143: ESCP | D143: France | E143: =COUNTIFS(Tabla1[Tipo de Movilidad],"Intercambio*",Tabla1[Universidad KPIs],'Utilización Convenios'!$C143,Tabla1[Año de Movilidad],'Utilización Convenios'!E$3,Tabla1[Nivel],"Maestría") -> 0 | F143: =COUNTIFS(Tabla2[Tipo de Movilidad],"Intercambio*",Tabla2[Universidad KPIs],'Utilización Convenios'!$C143,Tabla2[Año],'Utilización Convenios'!E$129,Tabla2[Nivel Nominación],"Postgraduate / Master") -> 0 | G143: =COUNTIFS(Tabla1[Tipo de Movilidad],"Intercambio*",Tabla1[Universidad KPIs],'Utilización Convenios'!$C143,Tabla1[Año de Movilidad],'Utilización Convenios'!G$3,Tabla1[Nivel],"Maestría") -> 0 | H143: =COUNTIFS(Tabla2[Tipo de Movilidad],"Intercambio*",Tabla2[Universidad KPIs],'Utilización Convenios'!$C143,Tabla2[Año],'Utilización Convenios'!G$129,Tabla2[Nivel Nominación],"Postgraduate / Master") -> 1 | I143: =COUNTIFS(Tabla1[Tipo de Movilidad],"Intercambio*",Tabla1[Universidad KPIs],'Utilización Convenios'!$C143,Tabla1[Año de Movilidad],'Utilización Convenios'!I$3,Tabla1[Nivel],"Maestría") -> 0 | J143: =COUNTIFS(Tabla2[Tipo de Movilidad],"Intercambio*",Tabla2[Universidad KPIs],'Utilización Convenios'!$C143,Tabla2[Año],'Utilización Convenios'!I$129,Tabla2[Nivel Nominación],"Postgraduate / Master") -> 3 | K143: =COUNTIFS(Tabla1[Tipo de Movilidad],"Intercambio*",Tabla1[Universidad KPIs],'Utilización Convenios'!$C143,Tabla1[Año de Movilidad],'Utilización Convenios'!K$3,Tabla1[Nivel],"Maestría") -> 0 | L143: =COUNTIFS(Tabla2[Tipo de Movilidad],"Intercambio*",Tabla2[Universidad KPIs],'Utilización Convenios'!$C143,Tabla2[Año],'Utilización Convenios'!K$129,Tabla2[Nivel Nominación],"Postgraduate / Master") -> 3 | M143: =COUNTIFS(Tabla1[Tipo de Movilidad],"Intercambio*",Tabla1[Universidad KPIs],'Utilización Convenios'!$C143,Tabla1[Año de Movilidad],'Utilización Convenios'!M$3,Tabla1[Nivel],"Maestría") -> 0 | N143: =COUNTIFS(Tabla2[Tipo de Movilidad],"Intercambio*",Tabla2[Universidad KPIs],'Utilización Convenios'!$C143,Tabla2[Año],'Utilización Convenios'!M$129,Tabla2[Nivel Nominación],"Postgraduate / Master") -> 3 | O143: =COUNTIFS(Tabla1[Tipo de Movilidad],"Intercambio*",Tabla1[Universidad KPIs],'Utilización Convenios'!$C143,Tabla1[Año de Movilidad],'Utilización Convenios'!O$3,Tabla1[Nivel],"Maestría") -> 0 | P143: =COUNTIFS(Tabla2[Tipo de Movilidad],"Intercambio*",Tabla2[Universidad KPIs],'Utilización Convenios'!$C143,Tabla2[Año],'Utilización Convenios'!O$129,Tabla2[Nivel Nominación],"Postgraduate / Master") -> 2 | Q143: =SUMIF($E$130:$P$130,Q$130,$E143:$P143) -> 0 | R143: =SUMIF($E$130:$P$130,R$130,$E143:$P143) -> 12
... C154: ITAM - Instituto Tecnológico Autónomo de México | D154: Mexico | E154: =COUNTIFS(Tabla1[Tipo de Movilidad],"Intercambio*",Tabla1[Universidad KPIs],'Utilización Convenios'!$C154,Tabla1[Año de Movilidad],'Utilización Convenios'!E$3,Tabla1[Nivel],"Maestría") -> 0 | F154: =COUNTIFS(Tabla2[Tipo de Movilidad],"Intercambio*",Tabla2[Universidad KPIs],'Utilización Convenios'!$C154,Tabla2[Año],'Utilización Convenios'!E$129,Tabla2[Nivel Nominación],"Postgraduate / Master") -> 0 | G154: =COUNTIFS(Tabla1[Tipo de Movilidad],"Intercambio*",Tabla1[Universidad KPIs],'Utilización Convenios'!$C154,Tabla1[Año de Movilidad],'Utilización Convenios'!G$3,Tabla1[Nivel],"Maestría") -> 0 | H154: =COUNTIFS(Tabla2[Tipo de Movilidad],"Intercambio*",Tabla2[Universidad KPIs],'Utilización Convenios'!$C154,Tabla2[Año],'Utilización Convenios'!G$129,Tabla2[Nivel Nominación],"Postgraduate / Master") -> 0 | I154: =COUNTIFS(Tabla1[Tipo de Movilidad],"Intercambio*",Tabla1[Universidad KPIs],'Utilización Convenios'!$C154,Tabla1[Año de Movilidad],'Utilización Convenios'!I$3,Tabla1[Nivel],"Maestría") -> 0 | J154: =COUNTIFS(Tabla2[Tipo de Movilidad],"Intercambio*",Tabla2[Universidad KPIs],'Utilización Convenios'!$C154,Tabla2[Año],'Utilización Convenios'!I$129,Tabla2[Nivel Nominación],"Postgraduate / Master") -> 0 | K154: =COUNTIFS(Tabla1[Tipo de Movilidad],"Intercambio*",Tabla1[Universidad KPIs],'Utilización Convenios'!$C154,Tabla1[Año de Movilidad],'Utilización Convenios'!K$3,Tabla1[Nivel],"Maestría") -> 0 | L154: =COUNTIFS(Tabla2[Tipo de Movilidad],"Intercambio*",Tabla2[Universidad KPIs],'Utilización Convenios'!$C154,Tabla2[Año],'Utilización Convenios'!K$129,Tabla2[Nivel Nominación],"Postgraduate / Master") -> 0 | M154: =COUNTIFS(Tabla1[Tipo de Movilidad],"Intercambio*",Tabla1[Universidad KPIs],'Utilización Convenios'!$C154,Tabla1[Año de Movilidad],'Utilización Convenios'!M$3,Tabla1[Nivel],"Maestría") -> 0 | N154: =COUNTIFS(Tabla2[Tipo de Movilidad],"Intercambio*",Tabla2[Universidad KPIs],'Utilización Convenios'!$C154,Tabla2[Año],'Utilización Convenios'!M$129,Tabla2[Nivel Nominación],"Postgraduate / Master") -> 0 | O154: =COUNTIFS(Tabla1[Tipo de Movilidad],"Intercambio*",Tabla1[Universidad KPIs],'Utilización Convenios'!$C154,Tabla1[Año de Movilidad],'Utilización Convenios'!O$3,Tabla1[Nivel],"Maestría") -> 0 | P154: =COUNTIFS(Tabla2[Tipo de Movilidad],"Intercambio*",Tabla2[Universidad KPIs],'Utilización Convenios'!$C154,Tabla2[Año],'Utilización Convenios'!O$129,Tabla2[Nivel Nominación],"Postgraduate / Master") -> 0 | Q154: =SUMIF($E$130:$P$130,Q$130,$E154:$P154) -> 0 | R154: =SUMIF($E$130:$P$130,R$130,$E154:$P154) -> 0
C155: ITESM-EGADE -Instituto tecnológico y de estudios superiores de Monterrey | D155: Mexico | E155: =COUNTIFS(Tabla1[Tipo de Movilidad],"Intercambio*",Tabla1[Universidad KPIs],'Utilización Convenios'!$C155,Tabla1[Año de Movilidad],'Utilización Convenios'!E$3,Tabla1[Nivel],"Maestría") -> 0 | F155: =COUNTIFS(Tabla2[Tipo de Movilidad],"Intercambio*",Tabla2[Universidad KPIs],'Utilización Convenios'!$C155,Tabla2[Año],'Utilización Convenios'!E$129,Tabla2[Nivel Nominación],"Postgraduate / Master") -> 0 | G155: =COUNTIFS(Tabla1[Tipo de Movilidad],"Intercambio*",Tabla1[Universidad KPIs],'Utilización Convenios'!$C155,Tabla1[Año de Movilidad],'Utilización Convenios'!G$3,Tabla1[Nivel],"Maestría") -> 0 | H155: =COUNTIFS(Tabla2[Tipo de Movilidad],"Intercambio*",Tabla2[Universidad KPIs],'Utilización Convenios'!$C155,Tabla2[Año],'Utilización Convenios'!G$129,Tabla2[Nivel Nominación],"Postgraduate / Master") -> 0 | I155: =COUNTIFS(Tabla1[Tipo de Movilidad],"Intercambio*",Tabla1[Universidad KPIs],'Utilización Convenios'!$C155,Tabla1[Año de Movilidad],'Utilización Convenios'!I$3,Tabla1[Nivel],"Maestría") -> 0 | J155: =COUNTIFS(Tabla2[Tipo de Movilidad],"Intercambio*",Tabla2[Universidad KPIs],'Utilización Convenios'!$C155,Tabla2[Año],'Utilización Convenios'!I$129,Tabla2[Nivel Nominación],"Postgraduate / Master") -> 0 | K155: =COUNTIFS(Tabla1[Tipo de Movilidad],"Intercambio*",Tabla1[Universidad KPIs],'Utilización Convenios'!$C155,Tabla1[Año de Movilidad],'Utilización Convenios'!K$3,Tabla1[Nivel],"Maestría") -> 0 | L155: =COUNTIFS(Tabla2[Tipo de Movilidad],"Intercambio*",Tabla2[Universidad KPIs],'Utilización Convenios'!$C155,Tabla2[Año],'Utilización Convenios'!K$129,Tabla2[Nivel Nominación],"Postgraduate / Master") -> 0 | M155: =COUNTIFS(Tabla1[Tipo de Movilidad],"Intercambio*",Tabla1[Universidad KPIs],'Utilización Convenios'!$C155,Tabla1[Año de Movilidad],'Utilización Convenios'!M$3,Tabla1[Nivel],"Maestría")+1 -> 1 | N155: =COUNTIFS(Tabla2[Tipo de Movilidad],"Intercambio*",Tabla2[Universidad KPIs],'Utilización Convenios'!$C155,Tabla2[Año],'Utilización Convenios'!M$129,Tabla2[Nivel Nominación],"Postgraduate / Master") -> 0 | O155: =COUNTIFS(Tabla1[Tipo de Movilidad],"Intercambio*",Tabla1[Universidad KPIs],'Utilización Convenios'!$C155,Tabla1[Año de Movilidad],'Utilización Convenios'!O$3,Tabla1[Nivel],"Maestría") -> 0 | P155: =COUNTIFS(Tabla2[Tipo de Movilidad],"Intercambio*",Tabla2[Universidad KPIs],'Utilización Convenios'!$C155,Tabla2[Año],'Utilización Convenios'!O$129,Tabla2[Nivel Nominación],"Postgraduate / Master") -> 0 | Q155: =SUMIF($E$130:$P$130,Q$130,$E155:$P155) -> 1 | R155: =SUMIF($E$130:$P$130,R$130,$E155:$P155) -> 0
C156: JIBS Jönköping International Business School | D156: Sweden | E156: =COUNTIFS(Tabla1[Tipo de Movilidad],"Intercambio*",Tabla1[Universidad KPIs],'Utilización Convenios'!$C156,Tabla1[Año de Movilidad],'Utilización Convenios'!E$3,Tabla1[Nivel],"Maestría") -> 0 | F156: =COUNTIFS(Tabla2[Tipo de Movilidad],"Intercambio*",Tabla2[Universidad KPIs],'Utilización Convenios'!$C156,Tabla2[Año],'Utilización Convenios'!E$129,Tabla2[Nivel Nominación],"Postgraduate / Master") -> 0 | G156: =COUNTIFS(Tabla1[Tipo de Movilidad],"Intercambio*",Tabla1[Universidad KPIs],'Utilización Convenios'!$C156,Tabla1[Año de Movilidad],'Utilización Convenios'!G$3,Tabla1[Nivel],"Maestría") -> 2 | H156: =COUNTIFS(Tabla2[Tipo de Movilidad],"Intercambio*",Tabla2[Universidad KPIs],'Utilización Convenios'!$C156,Tabla2[Año],'Utilización Convenios'!G$129,Tabla2[Nivel Nominación],"Postgraduate / Master") -> 0 | I156: =COUNTIFS(Tabla1[Tipo de Movilidad],"Intercambio*",Tabla1[Universidad KPIs],'Utilización Convenios'!$C156,Tabla1[Año de Movilidad],'Utilización Convenios'!I$3,Tabla1[Nivel],"Maestría") -> 0 | J156: =COUNTIFS(Tabla2[Tipo de Movilidad],"Intercambio*",Tabla2[Universidad KPIs],'Utilización Convenios'!$C156,Tabla2[Año],'Utilización Convenios'!I$129,Tabla2[Nivel Nominación],"Postgraduate / Master") -> 2 | K156: =COUNTIFS(Tabla1[Tipo de Movilidad],"Intercambio*",Tabla1[Universidad KPIs],'Utilización Convenios'!$C156,Tabla1[Año de Movilidad],'Utilización Convenios'!K$3,Tabla1[Nivel],"Maestría") -> 0 | L156: =COUNTIFS(Tabla2[Tipo de Movilidad],"Intercambio*",Tabla2[Universidad KPIs],'Utilización Convenios'!$C156,Tabla2[Año],'Utilización Convenios'!K$129,Tabla2[Nivel Nominación],"Postgraduate / Master") -> 0 | M156: =COUNTIFS(Tabla1[Tipo de Movilidad],"Intercambio*",Tabla1[Universidad KPIs],'Utilización Convenios'!$C156,Tabla1[Año de Movilidad],'Utilización Convenios'!M$3,Tabla1[Nivel],"Maestría") -> 0 | N156: =COUNTIFS(Tabla2[Tipo de Movilidad],"Intercambio*",Tabla2[Universidad KPIs],'Utilización Convenios'!$C156,Tabla2[Año],'Utilización Convenios'!M$129,Tabla2[Nivel Nominación],"Postgraduate / Master") -> 0 | O156: =COUNTIFS(Tabla1[Tipo de Movilidad],"Intercambio*",Tabla1[Universidad KPIs],'Utilización Convenios'!$C156,Tabla1[Año de Movilidad],'Utilización Convenios'!O$3,Tabla1[Nivel],"Maestría") -> 0 | P156: =COUNTIFS(Tabla2[Tipo de Movilidad],"Intercambio*",Tabla2[Universidad KPIs],'Utilización Convenios'!$C156,Tabla2[Año],'Utilización Convenios'!O$129,Tabla2[Nivel Nominación],"Postgraduate / Master") -> 0 | Q156: =SUMIF($E$130:$P$130,Q$130,$E156:$P156) -> 2 | R156: =SUMIF($E$130:$P$130,R$130,$E156:$P156) -> 2
C157: KLU Kühne Logistics University | D157: Germany | E157: =COUNTIFS(Tabla1[Tipo de Movilidad],"Intercambio*",Tabla1[Universidad KPIs],'Utilización Convenios'!$C157,Tabla1[Año de Movilidad],'Utilización Convenios'!E$3,Tabla1[Nivel],"Maestría") -> 0 | F157: =COUNTIFS(Tabla2[Tipo de Movilidad],"Intercambio*",Tabla2[Universidad KPIs],'Utilización Convenios'!$C157,Tabla2[Año],'Utilización Convenios'!E$129,Tabla2[Nivel Nominación],"Postgraduate / Master") -> 0 | G157: =COUNTIFS(Tabla1[Tipo de Movilidad],"Intercambio*",Tabla1[Universidad KPIs],'Utilización Convenios'!$C157,Tabla1[Año de Movilidad],'Utilización Convenios'!G$3,Tabla1[Nivel],"Maestría") -> 0 | H157: =COUNTIFS(Tabla2[Tipo de Movilidad],"Intercambio*",Tabla2[Universidad KPIs],'Utilización Convenios'!$C157,Tabla2[Año],'Utilización Convenios'!G$129,Tabla2[Nivel Nominación],"Postgraduate / Master") -> 0 | I157: =COUNTIFS(Tabla1[Tipo de Movilidad],"Intercambio*",Tabla1[Universidad KPIs],'Utilización Convenios'!$C157,Tabla1[Año de Movilidad],'Utilización Convenios'!I$3,Tabla1[Nivel],"Maestría") -> 1 | J157: =COUNTIFS(Tabla2[Tipo de Movilidad],"Intercambio*",Tabla2[Universidad KPIs],'Utilización Convenios'!$C157,Tabla2[Año],'Utilización Convenios'!I$129,Tabla2[Nivel Nominación],"Postgraduate / Master") -> 0 | K157: =COUNTIFS(Tabla1[Tipo de Movilidad],"Intercambio*",Tabla1[Universidad KPIs],'Utilización Convenios'!$C157,Tabla1[Año de Movilidad],'Utilización Convenios'!K$3,Tabla1[Nivel],"Maestría") -> 1 | L157: =COUNTIFS(Tabla2[Tipo de Movilidad],"Intercambio*",Tabla2[Universidad KPIs],'Utilización Convenios'!$C157,Tabla2[Año],'Utilización Convenios'!K$129,Tabla2[Nivel Nominación],"Postgraduate / Master") -> 1 | M157: =COUNTIFS(Tabla1[Tipo de Movilidad],"Intercambio*",Tabla1[Universidad KPIs],'Utilización Convenios'!$C157,Tabla1[Año de Movilidad],'Utilización Convenios'!M$3,Tabla1[Nivel],"Maestría") -> 0 | N157: =COUNTIFS(Tabla2[Tipo de Movilidad],"Intercambio*",Tabla2[Universidad KPIs],'Utilización Convenios'!$C157,Tabla2[Año],'Utilización Convenios'!M$129,Tabla2[Nivel Nominación],"Postgraduate / Master") -> 0 | O157: =COUNTIFS(Tabla1[Tipo de Movilidad],"Intercambio*",Tabla1[Universidad KPIs],'Utilización Convenios'!$C157,Tabla1[Año de Movilidad],'Utilización Convenios'!O$3,Tabla1[Nivel],"Maestría") -> 0 | P157: =COUNTIFS(Tabla2[Tipo de Movilidad],"Intercambio*",Tabla2[Universidad KPIs],'Utilización Convenios'!$C157,Tabla2[Año],'Utilización Convenios'!O$129,Tabla2[Nivel Nominación],"Postgraduate / Master") -> 0 | Q157: =SUMIF($E$130:$P$130,Q$130,$E157:$P157) -> 2 | R157: =SUMIF($E$130:$P$130,R$130,$E157:$P157) -> 1
C158: Koc University | D158: Türkiye | E158: =COUNTIFS(Tabla1[Tipo de Movilidad],"Intercambio*",Tabla1[Universidad KPIs],'Utilización Convenios'!$C158,Tabla1[Año de Movilidad],'Utilización Convenios'!E$3,Tabla1[Nivel],"Maestría") -> 0 | F158: =COUNTIFS(Tabla2[Tipo de Movilidad],"Intercambio*",Tabla2[Universidad KPIs],'Utilización Convenios'!$C158,Tabla2[Año],'Utilización Convenios'!E$129,Tabla2[Nivel Nominación],"Postgraduate / Master") -> 0 | G158: =COUNTIFS(Tabla1[Tipo de Movilidad],"Intercambio*",Tabla1[Universidad KPIs],'Utilización Convenios'!$C158,Tabla1[Año de Movilidad],'Utilización Convenios'!G$3,Tabla1[Nivel],"Maestría") -> 0 | H158: =COUNTIFS(Tabla2[Tipo de Movilidad],"Intercambio*",Tabla2[Universidad KPIs],'Utilización Convenios'!$C158,Tabla2[Año],'Utilización Convenios'!G$129,Tabla2[Nivel Nominación],"Postgraduate / Master") -> 0 | I158: =COUNTIFS(Tabla1[Tipo de Movilidad],"Intercambio*",Tabla1[Universidad KPIs],'Utilización Convenios'!$C158,Tabla1[Año de Movilidad],'Utilización Convenios'!I$3,Tabla1[Nivel],"Maestría") -> 0 | J158: =COUNTIFS(Tabla2[Tipo de Movilidad],"Intercambio*",Tabla2[Universidad KPIs],'Utilización Convenios'!$C158,Tabla2[Año],'Utilización Convenios'!I$129,Tabla2[Nivel Nominación],"Postgraduate / Master") -> 0 | K158: =COUNTIFS(Tabla1[Tipo de Movilidad],"Intercambio*",Tabla1[Universidad KPIs],'Utilización Convenios'!$C158,Tabla1[Año de Movilidad],'Utilización Convenios'!K$3,Tabla1[Nivel],"Maestría") -> 0 | L158: =COUNTIFS(Tabla2[Tipo de Movilidad],"Intercambio*",Tabla2[Universidad KPIs],'Utilización Convenios'!$C158,Tabla2[Año],'Utilización Convenios'!K$129,Tabla2[Nivel Nominación],"Postgraduate / Master") -> 0 | M158: =COUNTIFS(Tabla1[Tipo de Movilidad],"Intercambio*",Tabla1[Universidad KPIs],'Utilización Convenios'!$C158,Tabla1[Año de Movilidad],'Utilización Convenios'!M$3,Tabla1[Nivel],"Maestría") -> 0 | N158: =COUNTIFS(Tabla2[Tipo de Movilidad],"Intercambio*",Tabla2[Universidad KPIs],'Utilización Convenios'!$C158,Tabla2[Año],'Utilización Convenios'!M$129,Tabla2[Nivel Nominación],"Postgraduate / Master") -> 0 | O158: =COUNTIFS(Tabla1[Tipo de Movilidad],"Intercambio*",Tabla1[Universidad KPIs],'Utilización Convenios'!$C158,Tabla1[Año de Movilidad],'Utilización Convenios'!O$3,Tabla1[Nivel],"Maestría") -> 0 | P158: =COUNTIFS(Tabla2[Tipo de Movilidad],"Intercambio*",Tabla2[Universidad KPIs],'Utilización Convenios'!$C158,Tabla2[Año],'Utilización Convenios'!O$129,Tabla2[Nivel Nominación],"Postgraduate / Master") -> 0 | Q158: =SUMIF($E$130:$P$130,Q$130,$E158:$P158) -> 0 | R158: =SUMIF($E$130:$P$130,R$130,$E158:$P158) -> 0
C159: London Business School | D159: United Kingdom | E159: =COUNTIFS(Tabla1[Tipo de Movilidad],"Intercambio*",Tabla1[Universidad KPIs],'Utilización Convenios'!$C159,Tabla1[Año de Movilidad],'Utilización Convenios'!E$3,Tabla1[Nivel],"Maestría") -> 0 | F159: =COUNTIFS(Tabla2[Tipo de Movilidad],"Intercambio*",Tabla2[Universidad KPIs],'Utilización Convenios'!$C159,Tabla2[Año],'Utilización Convenios'!E$129,Tabla2[Nivel Nominación],"Postgraduate / Master") -> 0 | G159: =COUNTIFS(Tabla1[Tipo de Movilidad],"Intercambio*",Tabla1[Universidad KPIs],'Utilización Convenios'!$C159,Tabla1[Año de Movilidad],'Utilización Convenios'!G$3,Tabla1[Nivel],"Maestría") -> 0 | H159: =COUNTIFS(Tabla2[Tipo de Movilidad],"Intercambio*",Tabla2[Universidad KPIs],'Utilización Convenios'!$C159,Tabla2[Año],'Utilización Convenios'!G$129,Tabla2[Nivel Nominación],"Postgraduate / Master") -> 0 | I159: =COUNTIFS(Tabla1[Tipo de Movilidad],"Intercambio*",Tabla1[Universidad KPIs],'Utilización Convenios'!$C159,Tabla1[Año de Movilidad],'Utilización Convenios'!I$3,Tabla1[Nivel],"Maestría") -> 1 | J159: =COUNTIFS(Tabla2[Tipo de Movilidad],"Intercambio*",Tabla2[Universidad KPIs],'Utilización Convenios'!$C159,Tabla2[Año],'Utilización Convenios'!I$129,Tabla2[Nivel Nominación],"Postgraduate / Master") -> 0 | K159: =COUNTIFS(Tabla1[Tipo de Movilidad],"Intercambio*",Tabla1[Universidad KPIs],'Utilización Convenios'!$C159,Tabla1[Año de Movilidad],'Utilización Convenios'!K$3,Tabla1[Nivel],"Maestría") -> 0 | L159: =COUNTIFS(Tabla2[Tipo de Movilidad],"Intercambio*",Tabla2[Universidad KPIs],'Utilización Convenios'!$C159,Tabla2[Año],'Utilización Convenios'!K$129,Tabla2[Nivel Nominación],"Postgraduate / Master") -> 0 | M159: =COUNTIFS(Tabla1[Tipo de Movilidad],"Intercambio*",Tabla1[Universidad KPIs],'Utilización Convenios'!$C159,Tabla1[Año de Movilidad],'Utilización Convenios'!M$3,Tabla1[Nivel],"Maestría") -> 0 | N159: =COUNTIFS(Tabla2[Tipo de Movilidad],"Intercambio*",Tabla2[Universidad KPIs],'Utilización Convenios'!$C159,Tabla2[Año],'Utilización Convenios'!M$129,Tabla2[Nivel Nominación],"Postgraduate / Master") -> 0 | O159: =COUNTIFS(Tabla1[Tipo de Movilidad],"Intercambio*",Tabla1[Universidad KPIs],'Utilización Convenios'!$C159,Tabla1[Año de Movilidad],'Utilización Convenios'!O$3,Tabla1[Nivel],"Maestría") -> 0 | P159: =COUNTIFS(Tabla2[Tipo de Movilidad],"Intercambio*",Tabla2[Universidad KPIs],'Utilización Convenios'!$C159,Tabla2[Año],'Utilización Convenios'!O$129,Tabla2[Nivel Nominación],"Postgraduate / Master") -> 0 | Q159: =SUMIF($E$130:$P$130,Q$130,$E159:$P159) -> 1 | R159: =SUMIF($E$130:$P$130,R$130,$E159:$P159) -> 0
C160: Maastricht University | D160: Netherlands | E160: =COUNTIFS(Tabla1[Tipo de Movilidad],"Intercambio*",Tabla1[Universidad KPIs],'Utilización Convenios'!$C160,Tabla1[Año de Movilidad],'Utilización Convenios'!E$3,Tabla1[Nivel],"Maestría") -> 0 | F160: =COUNTIFS(Tabla2[Tipo de Movilidad],"Intercambio*",Tabla2[Universidad KPIs],'Utilización Convenios'!$C160,Tabla2[Año],'Utilización Convenios'!E$129,Tabla2[Nivel Nominación],"Postgraduate / Master") -> 0 | G160: =COUNTIFS(Tabla1[Tipo de Movilidad],"Intercambio*",Tabla1[Universidad KPIs],'Utilización Convenios'!$C160,Tabla1[Año de Movilidad],'Utilización Convenios'!G$3,Tabla1[Nivel],"Maestría") -> 0 | H160: =COUNTIFS(Tabla2[Tipo de Movilidad],"Intercambio*",Tabla2[Universidad KPIs],'Utilización Convenios'!$C160,Tabla2[Año],'Utilización Convenios'!G$129,Tabla2[Nivel Nominación],"Postgraduate / Master") -> 0 | I160: =COUNTIFS(Tabla1[Tipo de Movilidad],"Intercambio*",Tabla1[Universidad KPIs],'Utilización Convenios'!$C160,Tabla1[Año de Movilidad],'Utilización Convenios'!I$3,Tabla1[Nivel],"Maestría") -> 1 | J160: =COUNTIFS(Tabla2[Tipo de Movilidad],"Intercambio*",Tabla2[Universidad KPIs],'Utilización Convenios'!$C160,Tabla2[Año],'Utilización Convenios'!I$129,Tabla2[Nivel Nominación],"Postgraduate / Master") -> 1 | K160: =COUNTIFS(Tabla1[Tipo de Movilidad],"Intercambio*",Tabla1[Universidad KPIs],'Utilización Convenios'!$C160,Tabla1[Año de Movilidad],'Utilización Convenios'!K$3,Tabla1[Nivel],"Maestría") -> 0 | L160: =COUNTIFS(Tabla2[Tipo de Movilidad],"Intercambio*",Tabla2[Universidad KPIs],'Utilización Convenios'!$C160,Tabla2[Año],'Utilización Convenios'!K$129,Tabla2[Nivel Nominación],"Postgraduate / Master") -> 0 | M160: =COUNTIFS(Tabla1[Tipo de Movilidad],"Intercambio*",Tabla1[Universidad KPIs],'Utilización Convenios'!$C160,Tabla1[Año de Movilidad],'Utilización Convenios'!M$3,Tabla1[Nivel],"Maestría") -> 1 | N160: =COUNTIFS(Tabla2[Tipo de Movilidad],"Intercambio*",Tabla2[Universidad KPIs],'Utilización Convenios'!$C160,Tabla2[Año],'Utilización Convenios'!M$129,Tabla2[Nivel Nominación],"Postgraduate / Master") -> 1 | O160: =COUNTIFS(Tabla1[Tipo de Movilidad],"Intercambio*",Tabla1[Universidad KPIs],'Utilización Convenios'!$C160,Tabla1[Año de Movilidad],'Utilización Convenios'!O$3,Tabla1[Nivel],"Maestría") -> 0 | P160: =COUNTIFS(Tabla2[Tipo de Movilidad],"Intercambio*",Tabla2[Universidad KPIs],'Utilización Convenios'!$C160,Tabla2[Año],'Utilización Convenios'!O$129,Tabla2[Nivel Nominación],"Postgraduate / Master") -> 0 | Q160: =SUMIF($E$130:$P$130,Q$130,$E160:$P160) -> 2 | R160: =SUMIF($E$130:$P$130,R$130,$E160:$P160) -> 2
C161: McGill University | D161: Canada | E161: =COUNTIFS(Tabla1[Tipo de Movilidad],"Intercambio*",Tabla1[Universidad KPIs],'Utilización Convenios'!$C161,Tabla1[Año de Movilidad],'Utilización Convenios'!E$3,Tabla1[Nivel],"Maestría") -> 0 | F161: =COUNTIFS(Tabla2[Tipo de Movilidad],"Intercambio*",Tabla2[Universidad KPIs],'Utilización Convenios'!$C161,Tabla2[Año],'Utilización Convenios'!E$129,Tabla2[Nivel Nominación],"Postgraduate / Master") -> 0 | G161: =COUNTIFS(Tabla1[Tipo de Movilidad],"Intercambio*",Tabla1[Universidad KPIs],'Utilización Convenios'!$C161,Tabla1[Año de Movilidad],'Utilización Convenios'!G$3,Tabla1[Nivel],"Maestría") -> 0 | H161: =COUNTIFS(Tabla2[Tipo de Movilidad],"Intercambio*",Tabla2[Universidad KPIs],'Utilización Convenios'!$C161,Tabla2[Año],'Utilización Convenios'!G$129,Tabla2[Nivel Nominación],"Postgraduate / Master") -> 0 | I161: =COUNTIFS(Tabla1[Tipo de Movilidad],"Intercambio*",Tabla1[Universidad KPIs],'Utilización Convenios'!$C161,Tabla1[Año de Movilidad],'Utilización Convenios'!I$3,Tabla1[Nivel],"Maestría") -> 0 | J161: =COUNTIFS(Tabla2[Tipo de Movilidad],"Intercambio*",Tabla2[Universidad KPIs],'Utilización Convenios'!$C161,Tabla2[Año],'Utilización Convenios'!I$129,Tabla2[Nivel Nominación],"Postgraduate / Master") -> 0 | K161: =COUNTIFS(Tabla1[Tipo de Movilidad],"Intercambio*",Tabla1[Universidad KPIs],'Utilización Convenios'!$C161,Tabla1[Año de Movilidad],'Utilización Convenios'!K$3,Tabla1[Nivel],"Maestría") -> 0 | L161: =COUNTIFS(Tabla2[Tipo de Movilidad],"Intercambio*",Tabla2[Universidad KPIs],'Utilización Convenios'!$C161,Tabla2[Año],'Utilización Convenios'!K$129,Tabla2[Nivel Nominación],"Postgraduate / Master") -> 0 | M161: =COUNTIFS(Tabla1[Tipo de Movilidad],"Intercambio*",Tabla1[Universidad KPIs],'Utilización Convenios'!$C161,Tabla1[Año de Movilidad],'Utilización Convenios'!M$3,Tabla1[Nivel],"Maestría") -> 0 | N161: =COUNTIFS(Tabla2[Tipo de Movilidad],"Intercambio*",Tabla2[Universidad KPIs],'Utilización Convenios'!$C161,Tabla2[Año],'Utilización Convenios'!M$129,Tabla2[Nivel Nominación],"Postgraduate / Master") -> 0 | O161: =COUNTIFS(Tabla1[Tipo de Movilidad],"Intercambio*",Tabla1[Universidad KPIs],'Utilización Convenios'!$C161,Tabla1[Año de Movilidad],'Utilización Convenios'!O$3,Tabla1[Nivel],"Maestría") -> 0 | P161: =COUNTIFS(Tabla2[Tipo de Movilidad],"Intercambio*",Tabla2[Universidad KPIs],'Utilización Convenios'!$C161,Tabla2[Año],'Utilización Convenios'!O$129,Tabla2[Nivel Nominación],"Postgraduate / Master") -> 0 | Q161: =SUMIF($E$130:$P$130,Q$130,$E161:$P161) -> 0 | R161: =SUMIF($E$130:$P$130,R$130,$E161:$P161) -> 0
C162: NCCU- National Chengchi University | D162: Taiwan | E162: =COUNTIFS(Tabla1[Tipo de Movilidad],"Intercambio*",Tabla1[Universidad KPIs],'Utilización Convenios'!$C162,Tabla1[Año de Movilidad],'Utilización Convenios'!E$3,Tabla1[Nivel],"Maestría") -> 0 | F162: =COUNTIFS(Tabla2[Tipo de Movilidad],"Intercambio*",Tabla2[Universidad KPIs],'Utilización Convenios'!$C162,Tabla2[Año],'Utilización Convenios'!E$129,Tabla2[Nivel Nominación],"Postgraduate / Master") -> 0 | G162: =COUNTIFS(Tabla1[Tipo de Movilidad],"Intercambio*",Tabla1[Universidad KPIs],'Utilización Convenios'!$C162,Tabla1[Año de Movilidad],'Utilización Convenios'!G$3,Tabla1[Nivel],"Maestría") -> 0 | H162: =COUNTIFS(Tabla2[Tipo de Movilidad],"Intercambio*",Tabla2[Universidad KPIs],'Utilización Convenios'!$C162,Tabla2[Año],'Utilización Convenios'!G$129,Tabla2[Nivel Nominación],"Postgraduate / Master") -> 0 | I162: =COUNTIFS(Tabla1[Tipo de Movilidad],"Intercambio*",Tabla1[Universidad KPIs],'Utilización Convenios'!$C162,Tabla1[Año de Movilidad],'Utilización Convenios'!I$3,Tabla1[Nivel],"Maestría") -> 0 | J162: =COUNTIFS(Tabla2[Tipo de Movilidad],"Intercambio*",Tabla2[Universidad KPIs],'Utilización Convenios'!$C162,Tabla2[Año],'Utilización Convenios'!I$129,Tabla2[Nivel Nominación],"Postgraduate / Master") -> 0 | K162: =COUNTIFS(Tabla1[Tipo de Movilidad],"Intercambio*",Tabla1[Universidad KPIs],'Utilización Convenios'!$C162,Tabla1[Año de Movilidad],'Utilización Convenios'!K$3,Tabla1[Nivel],"Maestría") -> 0 | L162: =COUNTIFS(Tabla2[Tipo de Movilidad],"Intercambio*",Tabla2[Universidad KPIs],'Utilización Convenios'!$C162,Tabla2[Año],'Utilización Convenios'!K$129,Tabla2[Nivel Nominación],"Postgraduate / Master") -> 0 | M162: =COUNTIFS(Tabla1[Tipo de Movilidad],"Intercambio*",Tabla1[Universidad KPIs],'Utilización Convenios'!$C162,Tabla1[Año de Movilidad],'Utilización Convenios'!M$3,Tabla1[Nivel],"Maestría") -> 0 | N162: =COUNTIFS(Tabla2[Tipo de Movilidad],"Intercambio*",Tabla2[Universidad KPIs],'Utilización Convenios'!$C162,Tabla2[Año],'Utilización Convenios'!M$129,Tabla2[Nivel Nominación],"Postgraduate / Master") -> 0 | O162: =COUNTIFS(Tabla1[Tipo de Movilidad],"Intercambio*",Tabla1[Universidad KPIs],'Utilización Convenios'!$C162,Tabla1[Año de Movilidad],'Utilización Convenios'!O$3,Tabla1[Nivel],"Maestría") -> 0 | P162: =COUNTIFS(Tabla2[Tipo de Movilidad],"Intercambio*",Tabla2[Universidad KPIs],'Utilización Convenios'!$C162,Tabla2[Año],'Utilización Convenios'!O$129,Tabla2[Nivel Nominación],"Postgraduate / Master") -> 0 | Q162: =SUMIF($E$130:$P$130,Q$130,$E162:$P162) -> 0 | R162: =SUMIF($E$130:$P$130,R$130,$E162:$P162) -> 0
C163: Nova School of Business and Economics | D163: Portugal | E163: =COUNTIFS(Tabla1[Tipo de Movilidad],"Intercambio*",Tabla1[Universidad KPIs],'Utilización Convenios'!$C163,Tabla1[Año de Movilidad],'Utilización Convenios'!E$3,Tabla1[Nivel],"Maestría") -> 0 | F163: =COUNTIFS(Tabla2[Tipo de Movilidad],"Intercambio*",Tabla2[Universidad KPIs],'Utilización Convenios'!$C163,Tabla2[Año],'Utilización Convenios'!E$129,Tabla2[Nivel Nominación],"Postgraduate / Master") -> 0 | G163: =COUNTIFS(Tabla1[Tipo de Movilidad],"Intercambio*",Tabla1[Universidad KPIs],'Utilización Convenios'!$C163,Tabla1[Año de Movilidad],'Utilización Convenios'!G$3,Tabla1[Nivel],"Maestría") -> 0 | H163: =COUNTIFS(Tabla2[Tipo de Movilidad],"Intercambio*",Tabla2[Universidad KPIs],'Utilización Convenios'!$C163,Tabla2[Año],'Utilización Convenios'!G$129,Tabla2[Nivel Nominación],"Postgraduate / Master") -> 0 | I163: =COUNTIFS(Tabla1[Tipo de Movilidad],"Intercambio*",Tabla1[Universidad KPIs],'Utilización Convenios'!$C163,Tabla1[Año de Movilidad],'Utilización Convenios'!I$3,Tabla1[Nivel],"Maestría") -> 0 | J163: =COUNTIFS(Tabla2[Tipo de Movilidad],"Intercambio*",Tabla2[Universidad KPIs],'Utilización Convenios'!$C163,Tabla2[Año],'Utilización Convenios'!I$129,Tabla2[Nivel Nominación],"Postgraduate / Master") -> 0 | K163: =COUNTIFS(Tabla1[Tipo de Movilidad],"Intercambio*",Tabla1[Universidad KPIs],'Utilización Convenios'!$C163,Tabla1[Año de Movilidad],'Utilización Convenios'!K$3,Tabla1[Nivel],"Maestría") -> 1 | L163: =COUNTIFS(Tabla2[Tipo de Movilidad],"Intercambio*",Tabla2[Universidad KPIs],'Utilización Convenios'!$C163,Tabla2[Año],'Utilización Convenios'!K$129,Tabla2[Nivel Nominación],"Postgraduate / Master") -> 1 | M163: =COUNTIFS(Tabla1[Tipo de Movilidad],"Intercambio*",Tabla1[Universidad KPIs],'Utilización Convenios'!$C163,Tabla1[Año de Movilidad],'Utilización Convenios'!M$3,Tabla1[Nivel],"Maestría") -> 0 | N163: =COUNTIFS(Tabla2[Tipo de Movilidad],"Intercambio*",Tabla2[Universidad KPIs],'Utilización Convenios'!$C163,Tabla2[Año],'Utilización Convenios'!M$129,Tabla2[Nivel Nominación],"Postgraduate / Master") -> 1 | O163: =COUNTIFS(Tabla1[Tipo de Movilidad],"Intercambio*",Tabla1[Universidad KPIs],'Utilización Convenios'!$C163,Tabla1[Año de Movilidad],'Utilización Convenios'!O$3,Tabla1[Nivel],"Maestría") -> 0 | P163: =COUNTIFS(Tabla2[Tipo de Movilidad],"Intercambio*",Tabla2[Universidad KPIs],'Utilización Convenios'!$C163,Tabla2[Año],'Utilización Convenios'!O$129,Tabla2[Nivel Nominación],"Postgraduate / Master") -> 2 | Q163: =SUMIF($E$130:$P$130,Q$130,$E163:$P163) -> 1 | R163: =SUMIF($E$130:$P$130,R$130,$E163:$P163) -> 4
C164: NUCB- Nagoya University of commerce and business | D164: Japan | E164: =COUNTIFS(Tabla1[Tipo de Movilidad],"Intercambio*",Tabla1[Universidad KPIs],'Utilización Convenios'!$C164,Tabla1[Año de Movilidad],'Utilización Convenios'!E$3,Tabla1[Nivel],"Maestría") -> 0 | F164: =COUNTIFS(Tabla2[Tipo de Movilidad],"Intercambio*",Tabla2[Universidad KPIs],'Utilización Convenios'!$C164,Tabla2[Año],'Utilización Convenios'!E$129,Tabla2[Nivel Nominación],"Postgraduate / Master") -> 0 | G164: =COUNTIFS(Tabla1[Tipo de Movilidad],"Intercambio*",Tabla1[Universidad KPIs],'Utilización Convenios'!$C164,Tabla1[Año de Movilidad],'Utilización Convenios'!G$3,Tabla1[Nivel],"Maestría") -> 0 | H164: =COUNTIFS(Tabla2[Tipo de Movilidad],"Intercambio*",Tabla2[Universidad KPIs],'Utilización Convenios'!$C164,Tabla2[Año],'Utilización Convenios'!G$129,Tabla2[Nivel Nominación],"Postgraduate / Master") -> 0 | I164: =COUNTIFS(Tabla1[Tipo de Movilidad],"Intercambio*",Tabla1[Universidad KPIs],'Utilización Convenios'!$C164,Tabla1[Año de Movilidad],'Utilización Convenios'!I$3,Tabla1[Nivel],"Maestría") -> 0 | J164: =COUNTIFS(Tabla2[Tipo de Movilidad],"Intercambio*",Tabla2[Universidad KPIs],'Utilización Convenios'!$C164,Tabla2[Año],'Utilización Convenios'!I$129,Tabla2[Nivel Nominación],"Postgraduate / Master") -> 0 | K164: =COUNTIFS(Tabla1[Tipo de Movilidad],"Intercambio*",Tabla1[Universidad KPIs],'Utilización Convenios'!$C164,Tabla1[Año de Movilidad],'Utilización Convenios'!K$3,Tabla1[Nivel],"Maestría") -> 0 | L164: =COUNTIFS(Tabla2[Tipo de Movilidad],"Intercambio*",Tabla2[Universidad KPIs],'Utilización Convenios'!$C164,Tabla2[Año],'Utilización Convenios'!K$129,Tabla2[Nivel Nominación],"Postgraduate / Master") -> 0 | M164: =COUNTIFS(Tabla1[Tipo de Movilidad],"Intercambio*",Tabla1[Universidad KPIs],'Utilización Convenios'!$C164,Tabla1[Año de Movilidad],'Utilización Convenios'!M$3,Tabla1[Nivel],"Maestría") -> 0 | N164: =COUNTIFS(Tabla2[Tipo de Movilidad],"Intercambio*",Tabla2[Universidad KPIs],'Utilización Convenios'!$C164,Tabla2[Año],'Utilización Convenios'!M$129,Tabla2[Nivel Nominación],"Postgraduate / Master") -> 0 | O164: =COUNTIFS(Tabla1[Tipo de Movilidad],"Intercambio*",Tabla1[Universidad KPIs],'Utilización Convenios'!$C164,Tabla1[Año de Movilidad],'Utilización Convenios'!O$3,Tabla1[Nivel],"Maestría") -> 0 | P164: =COUNTIFS(Tabla2[Tipo de Movilidad],"Intercambio*",Tabla2[Universidad KPIs],'Utilización Convenios'!$C164,Tabla2[Año],'Utilización Convenios'!O$129,Tabla2[Nivel Nominación],"Postgraduate / Master") -> 0 | Q164: =SUMIF($E$130:$P$130,Q$130,$E164:$P164) -> 0 | R164: =SUMIF($E$130:$P$130,R$130,$E164:$P164) -> 0
C165: Politecnico di Milano | D165: Italy | E165: =COUNTIFS(Tabla1[Tipo de Movilidad],"Intercambio*",Tabla1[Universidad KPIs],'Utilización Convenios'!$C165,Tabla1[Año de Movilidad],'Utilización Convenios'!E$3,Tabla1[Nivel],"Maestría") -> 0 | F165: =COUNTIFS(Tabla2[Tipo de Movilidad],"Intercambio*",Tabla2[Universidad KPIs],'Utilización Convenios'!$C165,Tabla2[Año],'Utilización Convenios'!E$129,Tabla2[Nivel Nominación],"Postgraduate / Master") -> 0 | G165: =COUNTIFS(Tabla1[Tipo de Movilidad],"Intercambio*",Tabla1[Universidad KPIs],'Utilización Convenios'!$C165,Tabla1[Año de Movilidad],'Utilización Convenios'!G$3,Tabla1[Nivel],"Maestría") -> 0 | H165: =COUNTIFS(Tabla2[Tipo de Movilidad],"Intercambio*",Tabla2[Universidad KPIs],'Utilización Convenios'!$C165,Tabla2[Año],'Utilización Convenios'!G$129,Tabla2[Nivel Nominación],"Postgraduate / Master") -> 2 | I165: =COUNTIFS(Tabla1[Tipo de Movilidad],"Intercambio*",Tabla1[Universidad KPIs],'Utilización Convenios'!$C165,Tabla1[Año de Movilidad],'Utilización Convenios'!I$3,Tabla1[Nivel],"Maestría") -> 0 | J165: =COUNTIFS(Tabla2[Tipo de Movilidad],"Intercambio*",Tabla2[Universidad KPIs],'Utilización Convenios'!$C165,Tabla2[Año],'Utilización Convenios'!I$129,Tabla2[Nivel Nominación],"Postgraduate / Master") -> 1 | K165: =COUNTIFS(Tabla1[Tipo de Movilidad],"Intercambio*",Tabla1[Universidad KPIs],'Utilización Convenios'!$C165,Tabla1[Año de Movilidad],'Utilización Convenios'!K$3,Tabla1[Nivel],"Maestría") -> 0 | L165: =COUNTIFS(Tabla2[Tipo de Movilidad],"Intercambio*",Tabla2[Universidad KPIs],'Utilización Convenios'!$C165,Tabla2[Año],'Utilización Convenios'!K$129,Tabla2[Nivel Nominación],"Postgraduate / Master") -> 7 | M165: =COUNTIFS(Tabla1[Tipo de Movilidad],"Intercambio*",Tabla1[Universidad KPIs],'Utilización Convenios'!$C165,Tabla1[Año de Movilidad],'Utilización Convenios'!M$3,Tabla1[Nivel],"Maestría") -> 0 | N165: =COUNTIFS(Tabla2[Tipo de Movilidad],"Intercambio*",Tabla2[Universidad KPIs],'Utilización Convenios'!$C165,Tabla2[Año],'Utilización Convenios'!M$129,Tabla2[Nivel Nominación],"Postgraduate / Master") -> 4 | O165: =COUNTIFS(Tabla1[Tipo de Movilidad],"Intercambio*",Tabla1[Universidad KPIs],'Utilización Convenios'!$C165,Tabla1[Año de Movilidad],'Utilización Convenios'!O$3,Tabla1[Nivel],"Maestría") -> 0 | P165: =COUNTIFS(Tabla2[Tipo de Movilidad],"Intercambio*",Tabla2[Universidad KPIs],'Utilización Convenios'!$C165,Tabla2[Año],'Utilización Convenios'!O$129,Tabla2[Nivel Nominación],"Postgraduate / Master") -> 0 | Q165: =SUMIF($E$130:$P$130,Q$130,$E165:$P165) -> 0 | R165: =SUMIF($E$130:$P$130,R$130,$E165:$P165) -> 14
C166: Queens University School of Business | D166: Canada | E166: =COUNTIFS(Tabla1[Tipo de Movilidad],"Intercambio*",Tabla1[Universidad KPIs],'Utilización Convenios'!$C166,Tabla1[Año de Movilidad],'Utilización Convenios'!E$3,Tabla1[Nivel],"Maestría") -> 0 | F166: =COUNTIFS(Tabla2[Tipo de Movilidad],"Intercambio*",Tabla2[Universidad KPIs],'Utilización Convenios'!$C166,Tabla2[Año],'Utilización Convenios'!E$129,Tabla2[Nivel Nominación],"Postgraduate / Master") -> 0 | G166: =COUNTIFS(Tabla1[Tipo de Movilidad],"Intercambio*",Tabla1[Universidad KPIs],'Utilización Convenios'!$C166,Tabla1[Año de Movilidad],'Utilización Convenios'!G$3,Tabla1[Nivel],"Maestría") -> 0 | H166: =COUNTIFS(Tabla2[Tipo de Movilidad],"Intercambio*",Tabla2[Universidad KPIs],'Utilización Convenios'!$C166,Tabla2[Año],'Utilización Convenios'!G$129,Tabla2[Nivel Nominación],"Postgraduate / Master") -> 0 | I166: =COUNTIFS(Tabla1[Tipo de Movilidad],"Intercambio*",Tabla1[Universidad KPIs],'Utilización Convenios'!$C166,Tabla1[Año de Movilidad],'Utilización Convenios'!I$3,Tabla1[Nivel],"Maestría") -> 0 | J166: =COUNTIFS(Tabla2[Tipo de Movilidad],"Intercambio*",Tabla2[Universidad KPIs],'Utilización Convenios'!$C166,Tabla2[Año],'Utilización Convenios'!I$129,Tabla2[Nivel Nominación],"Postgraduate / Master") -> 0 | K166: =COUNTIFS(Tabla1[Tipo de Movilidad],"Intercambio*",Tabla1[Universidad KPIs],'Utilización Convenios'!$C166,Tabla1[Año de Movilidad],'Utilización Convenios'!K$3,Tabla1[Nivel],"Maestría") -> 0 | L166: =COUNTIFS(Tabla2[Tipo de Movilidad],"Intercambio*",Tabla2[Universidad KPIs],'Utilización Convenios'!$C166,Tabla2[Año],'Utilización Convenios'!K$129,Tabla2[Nivel Nominación],"Postgraduate / Master") -> 0 | M166: =COUNTIFS(Tabla1[Tipo de Movilidad],"Intercambio*",Tabla1[Universidad KPIs],'Utilización Convenios'!$C166,Tabla1[Año de Movilidad],'Utilización Convenios'!M$3,Tabla1[Nivel],"Maestría") -> 0 | N166: =COUNTIFS(Tabla2[Tipo de Movilidad],"Intercambio*",Tabla2[Universidad KPIs],'Utilización Convenios'!$C166,Tabla2[Año],'Utilización Convenios'!M$129,Tabla2[Nivel Nominación],"Postgraduate / Master") -> 0 | O166: =COUNTIFS(Tabla1[Tipo de Movilidad],"Intercambio*",Tabla1[Universidad KPIs],'Utilización Convenios'!$C166,Tabla1[Año de Movilidad],'Utilización Convenios'!O$3,Tabla1[Nivel],"Maestría") -> 0 | P166: =COUNTIFS(Tabla2[Tipo de Movilidad],"Intercambio*",Tabla2[Universidad KPIs],'Utilización Convenios'!$C166,Tabla2[Año],'Utilización Convenios'!O$129,Tabla2[Nivel Nominación],"Postgraduate / Master") -> 0 | Q166: =SUMIF($E$130:$P$130,Q$130,$E166:$P166) -> 0 | R166: =SUMIF($E$130:$P$130,R$130,$E166:$P166) -> 0
C167: Queensland University of Technology | D167: Australia | E167: =COUNTIFS(Tabla1[Tipo de Movilidad],"Intercambio*",Tabla1[Universidad KPIs],'Utilización Convenios'!$C167,Tabla1[Año de Movilidad],'Utilización Convenios'!E$3,Tabla1[Nivel],"Maestría") -> 0 | F167: =COUNTIFS(Tabla2[Tipo de Movilidad],"Intercambio*",Tabla2[Universidad KPIs],'Utilización Convenios'!$C167,Tabla2[Año],'Utilización Convenios'!E$129,Tabla2[Nivel Nominación],"Postgraduate / Master") -> 0 | G167: =COUNTIFS(Tabla1[Tipo de Movilidad],"Intercambio*",Tabla1[Universidad KPIs],'Utilización Convenios'!$C167,Tabla1[Año de Movilidad],'Utilización Convenios'!G$3,Tabla1[Nivel],"Maestría") -> 0 | H167: =COUNTIFS(Tabla2[Tipo de Movilidad],"Intercambio*",Tabla2[Universidad KPIs],'Utilización Convenios'!$C167,Tabla2[Año],'Utilización Convenios'!G$129,Tabla2[Nivel Nominación],"Postgraduate / Master") -> 0 | I167: =COUNTIFS(Tabla1[Tipo de Movilidad],"Intercambio*",Tabla1[Universidad KPIs],'Utilización Convenios'!$C167,Tabla1[Año de Movilidad],'Utilización Convenios'!I$3,Tabla1[Nivel],"Maestría") -> 0 | J167: =COUNTIFS(Tabla2[Tipo de Movilidad],"Intercambio*",Tabla2[Universidad KPIs],'Utilización Convenios'!$C167,Tabla2[Año],'Utilización Convenios'!I$129,Tabla2[Nivel Nominación],"Postgraduate / Master") -> 0 | K167: =COUNTIFS(Tabla1[Tipo de Movilidad],"Intercambio*",Tabla1[Universidad KPIs],'Utilización Convenios'!$C167,Tabla1[Año de Movilidad],'Utilización Convenios'!K$3,Tabla1[Nivel],"Maestría") -> 0 | L167: =COUNTIFS(Tabla2[Tipo de Movilidad],"Intercambio*",Tabla2[Universidad KPIs],'Utilización Convenios'!$C167,Tabla2[Año],'Utilización Convenios'!K$129,Tabla2[Nivel Nominación],"Postgraduate / Master") -> 0 | M167: =COUNTIFS(Tabla1[Tipo de Movilidad],"Intercambio*",Tabla1[Universidad KPIs],'Utilización Convenios'!$C167,Tabla1[Año de Movilidad],'Utilización Convenios'!M$3,Tabla1[Nivel],"Maestría") -> 0 | N167: =COUNTIFS(Tabla2[Tipo de Movilidad],"Intercambio*",Tabla2[Universidad KPIs],'Utilización Convenios'!$C167,Tabla2[Año],'Utilización Convenios'!M$129,Tabla2[Nivel Nominación],"Postgraduate / Master") -> 0 | O167: =COUNTIFS(Tabla1[Tipo de Movilidad],"Intercambio*",Tabla1[Universidad KPIs],'Utilización Convenios'!$C167,Tabla1[Año de Movilidad],'Utilización Convenios'!O$3,Tabla1[Nivel],"Maestría") -> 0 | P167: =COUNTIFS(Tabla2[Tipo de Movilidad],"Intercambio*",Tabla2[Universidad KPIs],'Utilización Convenios'!$C167,Tabla2[Año],'Utilización Convenios'!O$129,Tabla2[Nivel Nominación],"Postgraduate / Master") -> 0 | Q167: =SUMIF($E$130:$P$130,Q$130,$E167:$P167) -> 0 | R167: =SUMIF($E$130:$P$130,R$130,$E167:$P167) -> 0
... C189: Warsaw School of Economics | D189: Warsaw | E189: =COUNTIFS(Tabla1[Tipo de Movilidad],"Intercambio*",Tabla1[Universidad KPIs],'Utilización Convenios'!$C189,Tabla1[Año de Movilidad],'Utilización Convenios'!E$3,Tabla1[Nivel],"Maestría") -> 0 | F189: =COUNTIFS(Tabla2[Tipo de Movilidad],"Intercambio*",Tabla2[Universidad KPIs],'Utilización Convenios'!$C189,Tabla2[Año],'Utilización Convenios'!E$129,Tabla2[Nivel Nominación],"Postgraduate / Master") -> 0 | G189: =COUNTIFS(Tabla1[Tipo de Movilidad],"Intercambio*",Tabla1[Universidad KPIs],'Utilización Convenios'!$C189,Tabla1[Año de Movilidad],'Utilización Convenios'!G$3,Tabla1[Nivel],"Maestría") -> 0 | H189: =COUNTIFS(Tabla2[Tipo de Movilidad],"Intercambio*",Tabla2[Universidad KPIs],'Utilización Convenios'!$C189,Tabla2[Año],'Utilización Convenios'!G$129,Tabla2[Nivel Nominación],"Postgraduate / Master") -> 0 | I189: =COUNTIFS(Tabla1[Tipo de Movilidad],"Intercambio*",Tabla1[Universidad KPIs],'Utilización Convenios'!$C189,Tabla1[Año de Movilidad],'Utilización Convenios'!I$3,Tabla1[Nivel],"Maestría") -> 0 | J189: =COUNTIFS(Tabla2[Tipo de Movilidad],"Intercambio*",Tabla2[Universidad KPIs],'Utilización Convenios'!$C189,Tabla2[Año],'Utilización Convenios'!I$129,Tabla2[Nivel Nominación],"Postgraduate / Master") -> 0 | K189: =COUNTIFS(Tabla1[Tipo de Movilidad],"Intercambio*",Tabla1[Universidad KPIs],'Utilización Convenios'!$C189,Tabla1[Año de Movilidad],'Utilización Convenios'!K$3,Tabla1[Nivel],"Maestría") -> 0 | L189: =COUNTIFS(Tabla2[Tipo de Movilidad],"Intercambio*",Tabla2[Universidad KPIs],'Utilización Convenios'!$C189,Tabla2[Año],'Utilización Convenios'!K$129,Tabla2[Nivel Nominación],"Postgraduate / Master") -> 0 | M189: =COUNTIFS(Tabla1[Tipo de Movilidad],"Intercambio*",Tabla1[Universidad KPIs],'Utilización Convenios'!$C189,Tabla1[Año de Movilidad],'Utilización Convenios'!M$3,Tabla1[Nivel],"Maestría") -> 0 | N189: =COUNTIFS(Tabla2[Tipo de Movilidad],"Intercambio*",Tabla2[Universidad KPIs],'Utilización Convenios'!$C189,Tabla2[Año],'Utilización Convenios'!M$129,Tabla2[Nivel Nominación],"Postgraduate / Master") -> 0 | O189: =COUNTIFS(Tabla1[Tipo de Movilidad],"Intercambio*",Tabla1[Universidad KPIs],'Utilización Convenios'!$C189,Tabla1[Año de Movilidad],'Utilización Convenios'!O$3,Tabla1[Nivel],"Maestría") -> 0 | P189: =COUNTIFS(Tabla2[Tipo de Movilidad],"Intercambio*",Tabla2[Universidad KPIs],'Utilización Convenios'!$C189,Tabla2[Año],'Utilización Convenios'!O$129,Tabla2[Nivel Nominación],"Postgraduate / Master") -> 0 | Q189: =SUMIF($E$130:$P$130,Q$130,$E189:$P189) -> 0 | R189: =SUMIF($E$130:$P$130,R$130,$E189:$P189) -> 0
B190: C O N V E N I O S G E N E E R A L E S | C190: Aalborg University | D190: Denmark | E190: =COUNTIFS(Tabla1[Tipo de Movilidad],"Intercambio*",Tabla1[Universidad KPIs],'Utilización Convenios'!$C190,Tabla1[Año de Movilidad],'Utilización Convenios'!E$3,Tabla1[Nivel],"Maestría") -> 0 | F190: =COUNTIFS(Tabla2[Tipo de Movilidad],"Intercambio*",Tabla2[Universidad KPIs],'Utilización Convenios'!$C190,Tabla2[Año],'Utilización Convenios'!E$129,Tabla2[Nivel Nominación],"Postgraduate / Master") -> 0 | G190: =COUNTIFS(Tabla1[Tipo de Movilidad],"Intercambio*",Tabla1[Universidad KPIs],'Utilización Convenios'!$C190,Tabla1[Año de Movilidad],'Utilización Convenios'!G$3,Tabla1[Nivel],"Maestría") -> 0 | H190: =COUNTIFS(Tabla2[Tipo de Movilidad],"Intercambio*",Tabla2[Universidad KPIs],'Utilización Convenios'!$C190,Tabla2[Año],'Utilización Convenios'!G$129,Tabla2[Nivel Nominación],"Postgraduate / Master") -> 0 | I190: =COUNTIFS(Tabla1[Tipo de Movilidad],"Intercambio*",Tabla1[Universidad KPIs],'Utilización Convenios'!$C190,Tabla1[Año de Movilidad],'Utilización Convenios'!I$3,Tabla1[Nivel],"Maestría") -> 0 | J190: =COUNTIFS(Tabla2[Tipo de Movilidad],"Intercambio*",Tabla2[Universidad KPIs],'Utilización Convenios'!$C190,Tabla2[Año],'Utilización Convenios'!I$129,Tabla2[Nivel Nominación],"Postgraduate / Master") -> 1 | K190: =COUNTIFS(Tabla1[Tipo de Movilidad],"Intercambio*",Tabla1[Universidad KPIs],'Utilización Convenios'!$C190,Tabla1[Año de Movilidad],'Utilización Convenios'!K$3,Tabla1[Nivel],"Maestría") -> 0 | L190: =COUNTIFS(Tabla2[Tipo de Movilidad],"Intercambio*",Tabla2[Universidad KPIs],'Utilización Convenios'!$C190,Tabla2[Año],'Utilización Convenios'!K$129,Tabla2[Nivel Nominación],"Postgraduate / Master") -> 0 | M190: =COUNTIFS(Tabla1[Tipo de Movilidad],"Intercambio*",Tabla1[Universidad KPIs],'Utilización Convenios'!$C190,Tabla1[Año de Movilidad],'Utilización Convenios'!M$3,Tabla1[Nivel],"Maestría") -> 0 | N190: =COUNTIFS(Tabla2[Tipo de Movilidad],"Intercambio*",Tabla2[Universidad KPIs],'Utilización Convenios'!$C190,Tabla2[Año],'Utilización Convenios'!M$129,Tabla2[Nivel Nominación],"Postgraduate / Master") -> 0 | O190: =COUNTIFS(Tabla1[Tipo de Movilidad],"Intercambio*",Tabla1[Universidad KPIs],'Utilización Convenios'!$C190,Tabla1[Año de Movilidad],'Utilización Convenios'!O$3,Tabla1[Nivel],"Maestría") -> 0 | P190: =COUNTIFS(Tabla2[Tipo de Movilidad],"Intercambio*",Tabla2[Universidad KPIs],'Utilización Convenios'!$C190,Tabla2[Año],'Utilización Convenios'!O$129,Tabla2[Nivel Nominación],"Postgraduate / Master") -> 0 | Q190: =SUMIF($E$130:$P$130,Q$130,$E190:$P190) -> 0 | R190: =SUMIF($E$130:$P$130,R$130,$E190:$P190) -> 1
C191: Central European University | D191: Austria | E191: =COUNTIFS(Tabla1[Tipo de Movilidad],"Intercambio*",Tabla1[Universidad KPIs],'Utilización Convenios'!$C191,Tabla1[Año de Movilidad],'Utilización Convenios'!E$3,Tabla1[Nivel],"Maestría") -> 0 | F191: =COUNTIFS(Tabla2[Tipo de Movilidad],"Intercambio*",Tabla2[Universidad KPIs],'Utilización Convenios'!$C191,Tabla2[Año],'Utilización Convenios'!E$129,Tabla2[Nivel Nominación],"Postgraduate / Master") -> 0 | G191: =COUNTIFS(Tabla1[Tipo de Movilidad],"Intercambio*",Tabla1[Universidad KPIs],'Utilización Convenios'!$C191,Tabla1[Año de Movilidad],'Utilización Convenios'!G$3,Tabla1[Nivel],"Maestría") -> 0 | H191: =COUNTIFS(Tabla2[Tipo de Movilidad],"Intercambio*",Tabla2[Universidad KPIs],'Utilización Convenios'!$C191,Tabla2[Año],'Utilización Convenios'!G$129,Tabla2[Nivel Nominación],"Postgraduate / Master") -> 0 | I191: =COUNTIFS(Tabla1[Tipo de Movilidad],"Intercambio*",Tabla1[Universidad KPIs],'Utilización Convenios'!$C191,Tabla1[Año de Movilidad],'Utilización Convenios'!I$3,Tabla1[Nivel],"Maestría") -> 0 | J191: =COUNTIFS(Tabla2[Tipo de Movilidad],"Intercambio*",Tabla2[Universidad KPIs],'Utilización Convenios'!$C191,Tabla2[Año],'Utilización Convenios'!I$129,Tabla2[Nivel Nominación],"Postgraduate / Master") -> 0 | K191: =COUNTIFS(Tabla1[Tipo de Movilidad],"Intercambio*",Tabla1[Universidad KPIs],'Utilización Convenios'!$C191,Tabla1[Año de Movilidad],'Utilización Convenios'!K$3,Tabla1[Nivel],"Maestría") -> 1 | L191: =COUNTIFS(Tabla2[Tipo de Movilidad],"Intercambio*",Tabla2[Universidad KPIs],'Utilización Convenios'!$C191,Tabla2[Año],'Utilización Convenios'!K$129,Tabla2[Nivel Nominación],"Postgraduate / Master") -> 0 | M191: =COUNTIFS(Tabla1[Tipo de Movilidad],"Intercambio*",Tabla1[Universidad KPIs],'Utilización Convenios'!$C191,Tabla1[Año de Movilidad],'Utilización Convenios'!M$3,Tabla1[Nivel],"Maestría") -> 0 | N191: =COUNTIFS(Tabla2[Tipo de Movilidad],"Intercambio*",Tabla2[Universidad KPIs],'Utilización Convenios'!$C191,Tabla2[Año],'Utilización Convenios'!M$129,Tabla2[Nivel Nominación],"Postgraduate / Master") -> 0 | O191: =COUNTIFS(Tabla1[Tipo de Movilidad],"Intercambio*",Tabla1[Universidad KPIs],'Utilización Convenios'!$C191,Tabla1[Año de Movilidad],'Utilización Convenios'!O$3,Tabla1[Nivel],"Maestría") -> 0 | P191: =COUNTIFS(Tabla2[Tipo de Movilidad],"Intercambio*",Tabla2[Universidad KPIs],'Utilización Convenios'!$C191,Tabla2[Año],'Utilización Convenios'!O$129,Tabla2[Nivel Nominación],"Postgraduate / Master") -> 0 | Q191: =SUMIF($E$130:$P$130,Q$130,$E191:$P191) -> 1 | R191: =SUMIF($E$130:$P$130,R$130,$E191:$P191) -> 0
C192: Erasmus Universiteit Rotterdam | D192: Netherlands | E192: =COUNTIFS(Tabla1[Tipo de Movilidad],"Intercambio*",Tabla1[Universidad KPIs],'Utilización Convenios'!$C192,Tabla1[Año de Movilidad],'Utilización Convenios'!E$3,Tabla1[Nivel],"Maestría") -> 0 | F192: =COUNTIFS(Tabla2[Tipo de Movilidad],"Intercambio*",Tabla2[Universidad KPIs],'Utilización Convenios'!$C192,Tabla2[Año],'Utilización Convenios'!E$129,Tabla2[Nivel Nominación],"Postgraduate / Master") -> 0 | G192: =COUNTIFS(Tabla1[Tipo de Movilidad],"Intercambio*",Tabla1[Universidad KPIs],'Utilización Convenios'!$C192,Tabla1[Año de Movilidad],'Utilización Convenios'!G$3,Tabla1[Nivel],"Maestría") -> 0 | H192: =COUNTIFS(Tabla2[Tipo de Movilidad],"Intercambio*",Tabla2[Universidad KPIs],'Utilización Convenios'!$C192,Tabla2[Año],'Utilización Convenios'!G$129,Tabla2[Nivel Nominación],"Postgraduate / Master") -> 0 | I192: =COUNTIFS(Tabla1[Tipo de Movilidad],"Intercambio*",Tabla1[Universidad KPIs],'Utilización Convenios'!$C192,Tabla1[Año de Movilidad],'Utilización Convenios'!I$3,Tabla1[Nivel],"Maestría") -> 0 | J192: =COUNTIFS(Tabla2[Tipo de Movilidad],"Intercambio*",Tabla2[Universidad KPIs],'Utilización Convenios'!$C192,Tabla2[Año],'Utilización Convenios'!I$129,Tabla2[Nivel Nominación],"Postgraduate / Master") -> 0 | K192: =COUNTIFS(Tabla1[Tipo de Movilidad],"Intercambio*",Tabla1[Universidad KPIs],'Utilización Convenios'!$C192,Tabla1[Año de Movilidad],'Utilización Convenios'!K$3,Tabla1[Nivel],"Maestría") -> 0 | L192: =COUNTIFS(Tabla2[Tipo de Movilidad],"Intercambio*",Tabla2[Universidad KPIs],'Utilización Convenios'!$C192,Tabla2[Año],'Utilización Convenios'!K$129,Tabla2[Nivel Nominación],"Postgraduate / Master") -> 0 | M192: =COUNTIFS(Tabla1[Tipo de Movilidad],"Intercambio*",Tabla1[Universidad KPIs],'Utilización Convenios'!$C192,Tabla1[Año de Movilidad],'Utilización Convenios'!M$3,Tabla1[Nivel],"Maestría") -> 0 | N192: =COUNTIFS(Tabla2[Tipo de Movilidad],"Intercambio*",Tabla2[Universidad KPIs],'Utilización Convenios'!$C192,Tabla2[Año],'Utilización Convenios'!M$129,Tabla2[Nivel Nominación],"Postgraduate / Master") -> 1 | O192: =COUNTIFS(Tabla1[Tipo de Movilidad],"Intercambio*",Tabla1[Universidad KPIs],'Utilización Convenios'!$C192,Tabla1[Año de Movilidad],'Utilización Convenios'!O$3,Tabla1[Nivel],"Maestría") -> 0 | P192: =COUNTIFS(Tabla2[Tipo de Movilidad],"Intercambio*",Tabla2[Universidad KPIs],'Utilización Convenios'!$C192,Tabla2[Año],'Utilización Convenios'!O$129,Tabla2[Nivel Nominación],"Postgraduate / Master") -> 0 | Q192: =SUMIF($E$130:$P$130,Q$130,$E192:$P192) -> 0 | R192: =SUMIF($E$130:$P$130,R$130,$E192:$P192) -> 1
C193: Norges Handelshøyskole | D193: Norway | E193: =COUNTIFS(Tabla1[Tipo de Movilidad],"Intercambio*",Tabla1[Universidad KPIs],'Utilización Convenios'!$C193,Tabla1[Año de Movilidad],'Utilización Convenios'!E$3,Tabla1[Nivel],"Maestría") -> 0 | F193: =COUNTIFS(Tabla2[Tipo de Movilidad],"Intercambio*",Tabla2[Universidad KPIs],'Utilización Convenios'!$C193,Tabla2[Año],'Utilización Convenios'!E$129,Tabla2[Nivel Nominación],"Postgraduate / Master") -> 0 | G193: =COUNTIFS(Tabla1[Tipo de Movilidad],"Intercambio*",Tabla1[Universidad KPIs],'Utilización Convenios'!$C193,Tabla1[Año de Movilidad],'Utilización Convenios'!G$3,Tabla1[Nivel],"Maestría") -> 0 | H193: =COUNTIFS(Tabla2[Tipo de Movilidad],"Intercambio*",Tabla2[Universidad KPIs],'Utilización Convenios'!$C193,Tabla2[Año],'Utilización Convenios'!G$129,Tabla2[Nivel Nominación],"Postgraduate / Master") -> 0 | I193: =COUNTIFS(Tabla1[Tipo de Movilidad],"Intercambio*",Tabla1[Universidad KPIs],'Utilización Convenios'!$C193,Tabla1[Año de Movilidad],'Utilización Convenios'!I$3,Tabla1[Nivel],"Maestría") -> 0 | J193: =COUNTIFS(Tabla2[Tipo de Movilidad],"Intercambio*",Tabla2[Universidad KPIs],'Utilización Convenios'!$C193,Tabla2[Año],'Utilización Convenios'!I$129,Tabla2[Nivel Nominación],"Postgraduate / Master") -> 0 | K193: =COUNTIFS(Tabla1[Tipo de Movilidad],"Intercambio*",Tabla1[Universidad KPIs],'Utilización Convenios'!$C193,Tabla1[Año de Movilidad],'Utilización Convenios'!K$3,Tabla1[Nivel],"Maestría") -> 0 | L193: =COUNTIFS(Tabla2[Tipo de Movilidad],"Intercambio*",Tabla2[Universidad KPIs],'Utilización Convenios'!$C193,Tabla2[Año],'Utilización Convenios'!K$129,Tabla2[Nivel Nominación],"Postgraduate / Master") -> 1 | M193: =COUNTIFS(Tabla1[Tipo de Movilidad],"Intercambio*",Tabla1[Universidad KPIs],'Utilización Convenios'!$C193,Tabla1[Año de Movilidad],'Utilización Convenios'!M$3,Tabla1[Nivel],"Maestría") -> 0 | N193: =COUNTIFS(Tabla2[Tipo de Movilidad],"Intercambio*",Tabla2[Universidad KPIs],'Utilización Convenios'!$C193,Tabla2[Año],'Utilización Convenios'!M$129,Tabla2[Nivel Nominación],"Postgraduate / Master") -> 0 | O193: =COUNTIFS(Tabla1[Tipo de Movilidad],"Intercambio*",Tabla1[Universidad KPIs],'Utilización Convenios'!$C193,Tabla1[Año de Movilidad],'Utilización Convenios'!O$3,Tabla1[Nivel],"Maestría") -> 0 | P193: =COUNTIFS(Tabla2[Tipo de Movilidad],"Intercambio*",Tabla2[Universidad KPIs],'Utilización Convenios'!$C193,Tabla2[Año],'Utilización Convenios'!O$129,Tabla2[Nivel Nominación],"Postgraduate / Master") -> 0 | Q193: =SUMIF($E$130:$P$130,Q$130,$E193:$P193) -> 0 | R193: =SUMIF($E$130:$P$130,R$130,$E193:$P193) -> 1
C194: Roskilde University | D194: Denmark | E194: =COUNTIFS(Tabla1[Tipo de Movilidad],"Intercambio*",Tabla1[Universidad KPIs],'Utilización Convenios'!$C194,Tabla1[Año de Movilidad],'Utilización Convenios'!E$3,Tabla1[Nivel],"Maestría") -> 0 | F194: =COUNTIFS(Tabla2[Tipo de Movilidad],"Intercambio*",Tabla2[Universidad KPIs],'Utilización Convenios'!$C194,Tabla2[Año],'Utilización Convenios'!E$129,Tabla2[Nivel Nominación],"Postgraduate / Master") -> 0 | G194: =COUNTIFS(Tabla1[Tipo de Movilidad],"Intercambio*",Tabla1[Universidad KPIs],'Utilización Convenios'!$C194,Tabla1[Año de Movilidad],'Utilización Convenios'!G$3,Tabla1[Nivel],"Maestría") -> 0 | H194: =COUNTIFS(Tabla2[Tipo de Movilidad],"Intercambio*",Tabla2[Universidad KPIs],'Utilización Convenios'!$C194,Tabla2[Año],'Utilización Convenios'!G$129,Tabla2[Nivel Nominación],"Postgraduate / Master") -> 0 | I194: =COUNTIFS(Tabla1[Tipo de Movilidad],"Intercambio*",Tabla1[Universidad KPIs],'Utilización Convenios'!$C194,Tabla1[Año de Movilidad],'Utilización Convenios'!I$3,Tabla1[Nivel],"Maestría") -> 0 | J194: =COUNTIFS(Tabla2[Tipo de Movilidad],"Intercambio*",Tabla2[Universidad KPIs],'Utilización Convenios'!$C194,Tabla2[Año],'Utilización Convenios'!I$129,Tabla2[Nivel Nominación],"Postgraduate / Master") -> 0 | K194: =COUNTIFS(Tabla1[Tipo de Movilidad],"Intercambio*",Tabla1[Universidad KPIs],'Utilización Convenios'!$C194,Tabla1[Año de Movilidad],'Utilización Convenios'!K$3,Tabla1[Nivel],"Maestría") -> 0 | L194: =COUNTIFS(Tabla2[Tipo de Movilidad],"Intercambio*",Tabla2[Universidad KPIs],'Utilización Convenios'!$C194,Tabla2[Año],'Utilización Convenios'!K$129,Tabla2[Nivel Nominación],"Postgraduate / Master") -> 1 | M194: =COUNTIFS(Tabla1[Tipo de Movilidad],"Intercambio*",Tabla1[Universidad KPIs],'Utilización Convenios'!$C194,Tabla1[Año de Movilidad],'Utilización Convenios'!M$3,Tabla1[Nivel],"Maestría") -> 0 | N194: =COUNTIFS(Tabla2[Tipo de Movilidad],"Intercambio*",Tabla2[Universidad KPIs],'Utilización Convenios'!$C194,Tabla2[Año],'Utilización Convenios'!M$129,Tabla2[Nivel Nominación],"Postgraduate / Master") -> 0 | O194: =COUNTIFS(Tabla1[Tipo de Movilidad],"Intercambio*",Tabla1[Universidad KPIs],'Utilización Convenios'!$C194,Tabla1[Año de Movilidad],'Utilización Convenios'!O$3,Tabla1[Nivel],"Maestría") -> 0 | P194: =COUNTIFS(Tabla2[Tipo de Movilidad],"Intercambio*",Tabla2[Universidad KPIs],'Utilización Convenios'!$C194,Tabla2[Año],'Utilización Convenios'!O$129,Tabla2[Nivel Nominación],"Postgraduate / Master") -> 0 | Q194: =SUMIF($E$130:$P$130,Q$130,$E194:$P194) -> 0 | R194: =SUMIF($E$130:$P$130,R$130,$E194:$P194) -> 1
C195: Stockholms universitet | D195: Sweden | E195: =COUNTIFS(Tabla1[Tipo de Movilidad],"Intercambio*",Tabla1[Universidad KPIs],'Utilización Convenios'!$C195,Tabla1[Año de Movilidad],'Utilización Convenios'!E$3,Tabla1[Nivel],"Maestría") -> 0 | F195: =COUNTIFS(Tabla2[Tipo de Movilidad],"Intercambio*",Tabla2[Universidad KPIs],'Utilización Convenios'!$C195,Tabla2[Año],'Utilización Convenios'!E$129,Tabla2[Nivel Nominación],"Postgraduate / Master") -> 0 | G195: =COUNTIFS(Tabla1[Tipo de Movilidad],"Intercambio*",Tabla1[Universidad KPIs],'Utilización Convenios'!$C195,Tabla1[Año de Movilidad],'Utilización Convenios'!G$3,Tabla1[Nivel],"Maestría") -> 0 | H195: =COUNTIFS(Tabla2[Tipo de Movilidad],"Intercambio*",Tabla2[Universidad KPIs],'Utilización Convenios'!$C195,Tabla2[Año],'Utilización Convenios'!G$129,Tabla2[Nivel Nominación],"Postgraduate / Master") -> 0 | I195: =COUNTIFS(Tabla1[Tipo de Movilidad],"Intercambio*",Tabla1[Universidad KPIs],'Utilización Convenios'!$C195,Tabla1[Año de Movilidad],'Utilización Convenios'!I$3,Tabla1[Nivel],"Maestría") -> 0 | J195: =COUNTIFS(Tabla2[Tipo de Movilidad],"Intercambio*",Tabla2[Universidad KPIs],'Utilización Convenios'!$C195,Tabla2[Año],'Utilización Convenios'!I$129,Tabla2[Nivel Nominación],"Postgraduate / Master") -> 0 | K195: =COUNTIFS(Tabla1[Tipo de Movilidad],"Intercambio*",Tabla1[Universidad KPIs],'Utilización Convenios'!$C195,Tabla1[Año de Movilidad],'Utilización Convenios'!K$3,Tabla1[Nivel],"Maestría") -> 0 | L195: =COUNTIFS(Tabla2[Tipo de Movilidad],"Intercambio*",Tabla2[Universidad KPIs],'Utilización Convenios'!$C195,Tabla2[Año],'Utilización Convenios'!K$129,Tabla2[Nivel Nominación],"Postgraduate / Master") -> 0 | M195: =COUNTIFS(Tabla1[Tipo de Movilidad],"Intercambio*",Tabla1[Universidad KPIs],'Utilización Convenios'!$C195,Tabla1[Año de Movilidad],'Utilización Convenios'!M$3,Tabla1[Nivel],"Maestría") -> 0 | N195: =COUNTIFS(Tabla2[Tipo de Movilidad],"Intercambio*",Tabla2[Universidad KPIs],'Utilización Convenios'!$C195,Tabla2[Año],'Utilización Convenios'!M$129,Tabla2[Nivel Nominación],"Postgraduate / Master") -> 1 | O195: =COUNTIFS(Tabla1[Tipo de Movilidad],"Intercambio*",Tabla1[Universidad KPIs],'Utilización Convenios'!$C195,Tabla1[Año de Movilidad],'Utilización Convenios'!O$3,Tabla1[Nivel],"Maestría") -> 0 | P195: =COUNTIFS(Tabla2[Tipo de Movilidad],"Intercambio*",Tabla2[Universidad KPIs],'Utilización Convenios'!$C195,Tabla2[Año],'Utilización Convenios'!O$129,Tabla2[Nivel Nominación],"Postgraduate / Master") -> 0 | Q195: =SUMIF($E$130:$P$130,Q$130,$E195:$P195) -> 0 | R195: =SUMIF($E$130:$P$130,R$130,$E195:$P195) -> 1
C196: Technische Universität München (TUM) | D196: Germany | E196: =COUNTIFS(Tabla1[Tipo de Movilidad],"Intercambio*",Tabla1[Universidad KPIs],'Utilización Convenios'!$C196,Tabla1[Año de Movilidad],'Utilización Convenios'!E$3,Tabla1[Nivel],"Maestría") -> 0 | F196: =COUNTIFS(Tabla2[Tipo de Movilidad],"Intercambio*",Tabla2[Universidad KPIs],'Utilización Convenios'!$C196,Tabla2[Año],'Utilización Convenios'!E$129,Tabla2[Nivel Nominación],"Postgraduate / Master") -> 0 | G196: =COUNTIFS(Tabla1[Tipo de Movilidad],"Intercambio*",Tabla1[Universidad KPIs],'Utilización Convenios'!$C196,Tabla1[Año de Movilidad],'Utilización Convenios'!G$3,Tabla1[Nivel],"Maestría") -> 0 | H196: =COUNTIFS(Tabla2[Tipo de Movilidad],"Intercambio*",Tabla2[Universidad KPIs],'Utilización Convenios'!$C196,Tabla2[Año],'Utilización Convenios'!G$129,Tabla2[Nivel Nominación],"Postgraduate / Master") -> 0 | I196: =COUNTIFS(Tabla1[Tipo de Movilidad],"Intercambio*",Tabla1[Universidad KPIs],'Utilización Convenios'!$C196,Tabla1[Año de Movilidad],'Utilización Convenios'!I$3,Tabla1[Nivel],"Maestría") -> 0 | J196: =COUNTIFS(Tabla2[Tipo de Movilidad],"Intercambio*",Tabla2[Universidad KPIs],'Utilización Convenios'!$C196,Tabla2[Año],'Utilización Convenios'!I$129,Tabla2[Nivel Nominación],"Postgraduate / Master") -> 2 | K196: =COUNTIFS(Tabla1[Tipo de Movilidad],"Intercambio*",Tabla1[Universidad KPIs],'Utilización Convenios'!$C196,Tabla1[Año de Movilidad],'Utilización Convenios'!K$3,Tabla1[Nivel],"Maestría") -> 0 | L196: =COUNTIFS(Tabla2[Tipo de Movilidad],"Intercambio*",Tabla2[Universidad KPIs],'Utilización Convenios'!$C196,Tabla2[Año],'Utilización Convenios'!K$129,Tabla2[Nivel Nominación],"Postgraduate / Master") -> 0 | M196: =COUNTIFS(Tabla1[Tipo de Movilidad],"Intercambio*",Tabla1[Universidad KPIs],'Utilización Convenios'!$C196,Tabla1[Año de Movilidad],'Utilización Convenios'!M$3,Tabla1[Nivel],"Maestría") -> 0 | N196: =COUNTIFS(Tabla2[Tipo de Movilidad],"Intercambio*",Tabla2[Universidad KPIs],'Utilización Convenios'!$C196,Tabla2[Año],'Utilización Convenios'!M$129,Tabla2[Nivel Nominación],"Postgraduate / Master") -> 1 | O196: =COUNTIFS(Tabla1[Tipo de Movilidad],"Intercambio*",Tabla1[Universidad KPIs],'Utilización Convenios'!$C196,Tabla1[Año de Movilidad],'Utilización Convenios'!O$3,Tabla1[Nivel],"Maestría") -> 0 | P196: =COUNTIFS(Tabla2[Tipo de Movilidad],"Intercambio*",Tabla2[Universidad KPIs],'Utilización Convenios'!$C196,Tabla2[Año],'Utilización Convenios'!O$129,Tabla2[Nivel Nominación],"Postgraduate / Master") -> 0 | Q196: =SUMIF($E$130:$P$130,Q$130,$E196:$P196) -> 0 | R196: =SUMIF($E$130:$P$130,R$130,$E196:$P196) -> 3
C197: Universidad Adolfo Ibáñez | D197: Chile | E197: =COUNTIFS(Tabla1[Tipo de Movilidad],"Intercambio*",Tabla1[Universidad KPIs],'Utilización Convenios'!$C197,Tabla1[Año de Movilidad],'Utilización Convenios'!E$3,Tabla1[Nivel],"Maestría") -> 0 | F197: =COUNTIFS(Tabla2[Tipo de Movilidad],"Intercambio*",Tabla2[Universidad KPIs],'Utilización Convenios'!$C197,Tabla2[Año],'Utilización Convenios'!E$129,Tabla2[Nivel Nominación],"Postgraduate / Master") -> 0 | G197: =COUNTIFS(Tabla1[Tipo de Movilidad],"Intercambio*",Tabla1[Universidad KPIs],'Utilización Convenios'!$C197,Tabla1[Año de Movilidad],'Utilización Convenios'!G$3,Tabla1[Nivel],"Maestría") -> 0 | H197: =COUNTIFS(Tabla2[Tipo de Movilidad],"Intercambio*",Tabla2[Universidad KPIs],'Utilización Convenios'!$C197,Tabla2[Año],'Utilización Convenios'!G$129,Tabla2[Nivel Nominación],"Postgraduate / Master") -> 0 | I197: =COUNTIFS(Tabla1[Tipo de Movilidad],"Intercambio*",Tabla1[Universidad KPIs],'Utilización Convenios'!$C197,Tabla1[Año de Movilidad],'Utilización Convenios'!I$3,Tabla1[Nivel],"Maestría") -> 0 | J197: =COUNTIFS(Tabla2[Tipo de Movilidad],"Intercambio*",Tabla2[Universidad KPIs],'Utilización Convenios'!$C197,Tabla2[Año],'Utilización Convenios'!I$129,Tabla2[Nivel Nominación],"Postgraduate / Master") -> 0 | K197: =COUNTIFS(Tabla1[Tipo de Movilidad],"Intercambio*",Tabla1[Universidad KPIs],'Utilización Convenios'!$C197,Tabla1[Año de Movilidad],'Utilización Convenios'!K$3,Tabla1[Nivel],"Maestría") -> 0 | L197: =COUNTIFS(Tabla2[Tipo de Movilidad],"Intercambio*",Tabla2[Universidad KPIs],'Utilización Convenios'!$C197,Tabla2[Año],'Utilización Convenios'!K$129,Tabla2[Nivel Nominación],"Postgraduate / Master") -> 0 | M197: =COUNTIFS(Tabla1[Tipo de Movilidad],"Intercambio*",Tabla1[Universidad KPIs],'Utilización Convenios'!$C197,Tabla1[Año de Movilidad],'Utilización Convenios'!M$3,Tabla1[Nivel],"Maestría") -> 0 | N197: =COUNTIFS(Tabla2[Tipo de Movilidad],"Intercambio*",Tabla2[Universidad KPIs],'Utilización Convenios'!$C197,Tabla2[Año],'Utilización Convenios'!M$129,Tabla2[Nivel Nominación],"Postgraduate / Master") -> 1 | O197: =COUNTIFS(Tabla1[Tipo de Movilidad],"Intercambio*",Tabla1[Universidad KPIs],'Utilización Convenios'!$C197,Tabla1[Año de Movilidad],'Utilización Convenios'!O$3,Tabla1[Nivel],"Maestría") -> 0 | P197: =COUNTIFS(Tabla2[Tipo de Movilidad],"Intercambio*",Tabla2[Universidad KPIs],'Utilización Convenios'!$C197,Tabla2[Año],'Utilización Convenios'!O$129,Tabla2[Nivel Nominación],"Postgraduate / Master") -> 0 | Q197: =SUMIF($E$130:$P$130,Q$130,$E197:$P197) -> 0 | R197: =SUMIF($E$130:$P$130,R$130,$E197:$P197) -> 1
C198: Universidad Nacional Autonoma de México (UNAM) | D198: Mexico | E198: =COUNTIFS(Tabla1[Tipo de Movilidad],"Intercambio*",Tabla1[Universidad KPIs],'Utilización Convenios'!$C198,Tabla1[Año de Movilidad],'Utilización Convenios'!E$3,Tabla1[Nivel],"Maestría") -> 0 | F198: =COUNTIFS(Tabla2[Tipo de Movilidad],"Intercambio*",Tabla2[Universidad KPIs],'Utilización Convenios'!$C198,Tabla2[Año],'Utilización Convenios'!E$129,Tabla2[Nivel Nominación],"Postgraduate / Master") -> 0 | G198: =COUNTIFS(Tabla1[Tipo de Movilidad],"Intercambio*",Tabla1[Universidad KPIs],'Utilización Convenios'!$C198,Tabla1[Año de Movilidad],'Utilización Convenios'!G$3,Tabla1[Nivel],"Maestría") -> 0 | H198: =COUNTIFS(Tabla2[Tipo de Movilidad],"Intercambio*",Tabla2[Universidad KPIs],'Utilización Convenios'!$C198,Tabla2[Año],'Utilización Convenios'!G$129,Tabla2[Nivel Nominación],"Postgraduate / Master") -> 0 | I198: =COUNTIFS(Tabla1[Tipo de Movilidad],"Intercambio*",Tabla1[Universidad KPIs],'Utilización Convenios'!$C198,Tabla1[Año de Movilidad],'Utilización Convenios'!I$3,Tabla1[Nivel],"Maestría") -> 0 | J198: =COUNTIFS(Tabla2[Tipo de Movilidad],"Intercambio*",Tabla2[Universidad KPIs],'Utilización Convenios'!$C198,Tabla2[Año],'Utilización Convenios'!I$129,Tabla2[Nivel Nominación],"Postgraduate / Master") -> 0 | K198: =COUNTIFS(Tabla1[Tipo de Movilidad],"Intercambio*",Tabla1[Universidad KPIs],'Utilización Convenios'!$C198,Tabla1[Año de Movilidad],'Utilización Convenios'!K$3,Tabla1[Nivel],"Maestría") -> 0 | L198: =COUNTIFS(Tabla2[Tipo de Movilidad],"Intercambio*",Tabla2[Universidad KPIs],'Utilización Convenios'!$C198,Tabla2[Año],'Utilización Convenios'!K$129,Tabla2[Nivel Nominación],"Postgraduate / Master") -> 0 | M198: =COUNTIFS(Tabla1[Tipo de Movilidad],"Intercambio*",Tabla1[Universidad KPIs],'Utilización Convenios'!$C198,Tabla1[Año de Movilidad],'Utilización Convenios'!M$3,Tabla1[Nivel],"Maestría") -> 0 | N198: =COUNTIFS(Tabla2[Tipo de Movilidad],"Intercambio*",Tabla2[Universidad KPIs],'Utilización Convenios'!$C198,Tabla2[Año],'Utilización Convenios'!M$129,Tabla2[Nivel Nominación],"Postgraduate / Master") -> 0 | O198: =COUNTIFS(Tabla1[Tipo de Movilidad],"Intercambio*",Tabla1[Universidad KPIs],'Utilización Convenios'!$C198,Tabla1[Año de Movilidad],'Utilización Convenios'!O$3,Tabla1[Nivel],"Maestría") -> 1 | P198: =COUNTIFS(Tabla2[Tipo de Movilidad],"Intercambio*",Tabla2[Universidad KPIs],'Utilización Convenios'!$C198,Tabla2[Año],'Utilización Convenios'!O$129,Tabla2[Nivel Nominación],"Postgraduate / Master") -> 0 | Q198: =SUMIF($E$130:$P$130,Q$130,$E198:$P198) -> 1 | R198: =SUMIF($E$130:$P$130,R$130,$E198:$P198) -> 0
C199: Università Ca' Foscari Venezia | D199: Italy | E199: =COUNTIFS(Tabla1[Tipo de Movilidad],"Intercambio*",Tabla1[Universidad KPIs],'Utilización Convenios'!$C199,Tabla1[Año de Movilidad],'Utilización Convenios'!E$3,Tabla1[Nivel],"Maestría") -> 0 | F199: =COUNTIFS(Tabla2[Tipo de Movilidad],"Intercambio*",Tabla2[Universidad KPIs],'Utilización Convenios'!$C199,Tabla2[Año],'Utilización Convenios'!E$129,Tabla2[Nivel Nominación],"Postgraduate / Master") -> 0 | G199: =COUNTIFS(Tabla1[Tipo de Movilidad],"Intercambio*",Tabla1[Universidad KPIs],'Utilización Convenios'!$C199,Tabla1[Año de Movilidad],'Utilización Convenios'!G$3,Tabla1[Nivel],"Maestría") -> 0 | H199: =COUNTIFS(Tabla2[Tipo de Movilidad],"Intercambio*",Tabla2[Universidad KPIs],'Utilización Convenios'!$C199,Tabla2[Año],'Utilización Convenios'!G$129,Tabla2[Nivel Nominación],"Postgraduate / Master") -> 0 | I199: =COUNTIFS(Tabla1[Tipo de Movilidad],"Intercambio*",Tabla1[Universidad KPIs],'Utilización Convenios'!$C199,Tabla1[Año de Movilidad],'Utilización Convenios'!I$3,Tabla1[Nivel],"Maestría") -> 0 | J199: =COUNTIFS(Tabla2[Tipo de Movilidad],"Intercambio*",Tabla2[Universidad KPIs],'Utilización Convenios'!$C199,Tabla2[Año],'Utilización Convenios'!I$129,Tabla2[Nivel Nominación],"Postgraduate / Master") -> 1 | K199: =COUNTIFS(Tabla1[Tipo de Movilidad],"Intercambio*",Tabla1[Universidad KPIs],'Utilización Convenios'!$C199,Tabla1[Año de Movilidad],'Utilización Convenios'!K$3,Tabla1[Nivel],"Maestría") -> 0 | L199: =COUNTIFS(Tabla2[Tipo de Movilidad],"Intercambio*",Tabla2[Universidad KPIs],'Utilización Convenios'!$C199,Tabla2[Año],'Utilización Convenios'!K$129,Tabla2[Nivel Nominación],"Postgraduate / Master") -> 0 | M199: =COUNTIFS(Tabla1[Tipo de Movilidad],"Intercambio*",Tabla1[Universidad KPIs],'Utilización Convenios'!$C199,Tabla1[Año de Movilidad],'Utilización Convenios'!M$3,Tabla1[Nivel],"Maestría") -> 0 | N199: =COUNTIFS(Tabla2[Tipo de Movilidad],"Intercambio*",Tabla2[Universidad KPIs],'Utilización Convenios'!$C199,Tabla2[Año],'Utilización Convenios'!M$129,Tabla2[Nivel Nominación],"Postgraduate / Master") -> 0 | O199: =COUNTIFS(Tabla1[Tipo de Movilidad],"Intercambio*",Tabla1[Universidad KPIs],'Utilización Convenios'!$C199,Tabla1[Año de Movilidad],'Utilización Convenios'!O$3,Tabla1[Nivel],"Maestría") -> 0 | P199: =COUNTIFS(Tabla2[Tipo de Movilidad],"Intercambio*",Tabla2[Universidad KPIs],'Utilización Convenios'!$C199,Tabla2[Año],'Utilización Convenios'!O$129,Tabla2[Nivel Nominación],"Postgraduate / Master") -> 0 | Q199: =SUMIF($E$130:$P$130,Q$130,$E199:$P199) -> 0 | R199: =SUMIF($E$130:$P$130,R$130,$E199:$P199) -> 1
C200: Université Catholique de Louvain | D200: Belgium | E200: =COUNTIFS(Tabla1[Tipo de Movilidad],"Intercambio*",Tabla1[Universidad KPIs],'Utilización Convenios'!$C200,Tabla1[Año de Movilidad],'Utilización Convenios'!E$3,Tabla1[Nivel],"Maestría") -> 0 | F200: =COUNTIFS(Tabla2[Tipo de Movilidad],"Intercambio*",Tabla2[Universidad KPIs],'Utilización Convenios'!$C200,Tabla2[Año],'Utilización Convenios'!E$129,Tabla2[Nivel Nominación],"Postgraduate / Master") -> 0 | G200: =COUNTIFS(Tabla1[Tipo de Movilidad],"Intercambio*",Tabla1[Universidad KPIs],'Utilización Convenios'!$C200,Tabla1[Año de Movilidad],'Utilización Convenios'!G$3,Tabla1[Nivel],"Maestría") -> 0 | H200: =COUNTIFS(Tabla2[Tipo de Movilidad],"Intercambio*",Tabla2[Universidad KPIs],'Utilización Convenios'!$C200,Tabla2[Año],'Utilización Convenios'!G$129,Tabla2[Nivel Nominación],"Postgraduate / Master") -> 0 | I200: =COUNTIFS(Tabla1[Tipo de Movilidad],"Intercambio*",Tabla1[Universidad KPIs],'Utilización Convenios'!$C200,Tabla1[Año de Movilidad],'Utilización Convenios'!I$3,Tabla1[Nivel],"Maestría") -> 0 | J200: =COUNTIFS(Tabla2[Tipo de Movilidad],"Intercambio*",Tabla2[Universidad KPIs],'Utilización Convenios'!$C200,Tabla2[Año],'Utilización Convenios'!I$129,Tabla2[Nivel Nominación],"Postgraduate / Master") -> 0 | K200: =COUNTIFS(Tabla1[Tipo de Movilidad],"Intercambio*",Tabla1[Universidad KPIs],'Utilización Convenios'!$C200,Tabla1[Año de Movilidad],'Utilización Convenios'!K$3,Tabla1[Nivel],"Maestría") -> 0 | L200: =COUNTIFS(Tabla2[Tipo de Movilidad],"Intercambio*",Tabla2[Universidad KPIs],'Utilización Convenios'!$C200,Tabla2[Año],'Utilización Convenios'!K$129,Tabla2[Nivel Nominación],"Postgraduate / Master") -> 1 | M200: =COUNTIFS(Tabla1[Tipo de Movilidad],"Intercambio*",Tabla1[Universidad KPIs],'Utilización Convenios'!$C200,Tabla1[Año de Movilidad],'Utilización Convenios'!M$3,Tabla1[Nivel],"Maestría") -> 0 | N200: =COUNTIFS(Tabla2[Tipo de Movilidad],"Intercambio*",Tabla2[Universidad KPIs],'Utilización Convenios'!$C200,Tabla2[Año],'Utilización Convenios'!M$129,Tabla2[Nivel Nominación],"Postgraduate / Master") -> 0 | O200: =COUNTIFS(Tabla1[Tipo de Movilidad],"Intercambio*",Tabla1[Universidad KPIs],'Utilización Convenios'!$C200,Tabla1[Año de Movilidad],'Utilización Convenios'!O$3,Tabla1[Nivel],"Maestría") -> 0 | P200: =COUNTIFS(Tabla2[Tipo de Movilidad],"Intercambio*",Tabla2[Universidad KPIs],'Utilización Convenios'!$C200,Tabla2[Año],'Utilización Convenios'!O$129,Tabla2[Nivel Nominación],"Postgraduate / Master") -> 0 | Q200: =SUMIF($E$130:$P$130,Q$130,$E200:$P200) -> 0 | R200: =SUMIF($E$130:$P$130,R$130,$E200:$P200) -> 1
C201: Université de Genève | D201: Switzerland | E201: =COUNTIFS(Tabla1[Tipo de Movilidad],"Intercambio*",Tabla1[Universidad KPIs],'Utilización Convenios'!$C201,Tabla1[Año de Movilidad],'Utilización Convenios'!E$3,Tabla1[Nivel],"Maestría") -> 0 | F201: =COUNTIFS(Tabla2[Tipo de Movilidad],"Intercambio*",Tabla2[Universidad KPIs],'Utilización Convenios'!$C201,Tabla2[Año],'Utilización Convenios'!E$129,Tabla2[Nivel Nominación],"Postgraduate / Master") -> 0 | G201: =COUNTIFS(Tabla1[Tipo de Movilidad],"Intercambio*",Tabla1[Universidad KPIs],'Utilización Convenios'!$C201,Tabla1[Año de Movilidad],'Utilización Convenios'!G$3,Tabla1[Nivel],"Maestría") -> 0 | H201: =COUNTIFS(Tabla2[Tipo de Movilidad],"Intercambio*",Tabla2[Universidad KPIs],'Utilización Convenios'!$C201,Tabla2[Año],'Utilización Convenios'!G$129,Tabla2[Nivel Nominación],"Postgraduate / Master") -> 0 | I201: =COUNTIFS(Tabla1[Tipo de Movilidad],"Intercambio*",Tabla1[Universidad KPIs],'Utilización Convenios'!$C201,Tabla1[Año de Movilidad],'Utilización Convenios'!I$3,Tabla1[Nivel],"Maestría") -> 0 | J201: =COUNTIFS(Tabla2[Tipo de Movilidad],"Intercambio*",Tabla2[Universidad KPIs],'Utilización Convenios'!$C201,Tabla2[Año],'Utilización Convenios'!I$129,Tabla2[Nivel Nominación],"Postgraduate / Master") -> 1 | K201: =COUNTIFS(Tabla1[Tipo de Movilidad],"Intercambio*",Tabla1[Universidad KPIs],'Utilización Convenios'!$C201,Tabla1[Año de Movilidad],'Utilización Convenios'!K$3,Tabla1[Nivel],"Maestría") -> 1 | L201: =COUNTIFS(Tabla2[Tipo de Movilidad],"Intercambio*",Tabla2[Universidad KPIs],'Utilización Convenios'!$C201,Tabla2[Año],'Utilización Convenios'!K$129,Tabla2[Nivel Nominación],"Postgraduate / Master") -> 0 | M201: =COUNTIFS(Tabla1[Tipo de Movilidad],"Intercambio*",Tabla1[Universidad KPIs],'Utilización Convenios'!$C201,Tabla1[Año de Movilidad],'Utilización Convenios'!M$3,Tabla1[Nivel],"Maestría") -> 0 | N201: =COUNTIFS(Tabla2[Tipo de Movilidad],"Intercambio*",Tabla2[Universidad KPIs],'Utilización Convenios'!$C201,Tabla2[Año],'Utilización Convenios'!M$129,Tabla2[Nivel Nominación],"Postgraduate / Master") -> 4 | O201: =COUNTIFS(Tabla1[Tipo de Movilidad],"Intercambio*",Tabla1[Universidad KPIs],'Utilización Convenios'!$C201,Tabla1[Año de Movilidad],'Utilización Convenios'!O$3,Tabla1[Nivel],"Maestría") -> 0 | P201: =COUNTIFS(Tabla2[Tipo de Movilidad],"Intercambio*",Tabla2[Universidad KPIs],'Utilización Convenios'!$C201,Tabla2[Año],'Utilización Convenios'!O$129,Tabla2[Nivel Nominación],"Postgraduate / Master") -> 1 | Q201: =SUMIF($E$130:$P$130,Q$130,$E201:$P201) -> 1 | R201: =SUMIF($E$130:$P$130,R$130,$E201:$P201) -> 6
C202: University of the Witwatersrand | D202: South Africa | E202: =COUNTIFS(Tabla1[Tipo de Movilidad],"Intercambio*",Tabla1[Universidad KPIs],'Utilización Convenios'!$C202,Tabla1[Año de Movilidad],'Utilización Convenios'!E$3,Tabla1[Nivel],"Maestría") -> 0 | F202: =COUNTIFS(Tabla2[Tipo de Movilidad],"Intercambio*",Tabla2[Universidad KPIs],'Utilización Convenios'!$C202,Tabla2[Año],'Utilización Convenios'!E$129,Tabla2[Nivel Nominación],"Postgraduate / Master") -> 0 | G202: =COUNTIFS(Tabla1[Tipo de Movilidad],"Intercambio*",Tabla1[Universidad KPIs],'Utilización Convenios'!$C202,Tabla1[Año de Movilidad],'Utilización Convenios'!G$3,Tabla1[Nivel],"Maestría") -> 0 | H202: =COUNTIFS(Tabla2[Tipo de Movilidad],"Intercambio*",Tabla2[Universidad KPIs],'Utilización Convenios'!$C202,Tabla2[Año],'Utilización Convenios'!G$129,Tabla2[Nivel Nominación],"Postgraduate / Master") -> 0 | I202: =COUNTIFS(Tabla1[Tipo de Movilidad],"Intercambio*",Tabla1[Universidad KPIs],'Utilización Convenios'!$C202,Tabla1[Año de Movilidad],'Utilización Convenios'!I$3,Tabla1[Nivel],"Maestría") -> 0 | J202: =COUNTIFS(Tabla2[Tipo de Movilidad],"Intercambio*",Tabla2[Universidad KPIs],'Utilización Convenios'!$C202,Tabla2[Año],'Utilización Convenios'!I$129,Tabla2[Nivel Nominación],"Postgraduate / Master") -> 0 | K202: =COUNTIFS(Tabla1[Tipo de Movilidad],"Intercambio*",Tabla1[Universidad KPIs],'Utilización Convenios'!$C202,Tabla1[Año de Movilidad],'Utilización Convenios'!K$3,Tabla1[Nivel],"Maestría") -> 1 | L202: =COUNTIFS(Tabla2[Tipo de Movilidad],"Intercambio*",Tabla2[Universidad KPIs],'Utilización Convenios'!$C202,Tabla2[Año],'Utilización Convenios'!K$129,Tabla2[Nivel Nominación],"Postgraduate / Master") -> 0 | M202: =COUNTIFS(Tabla1[Tipo de Movilidad],"Intercambio*",Tabla1[Universidad KPIs],'Utilización Convenios'!$C202,Tabla1[Año de Movilidad],'Utilización Convenios'!M$3,Tabla1[Nivel],"Maestría") -> 0 | N202: =COUNTIFS(Tabla2[Tipo de Movilidad],"Intercambio*",Tabla2[Universidad KPIs],'Utilización Convenios'!$C202,Tabla2[Año],'Utilización Convenios'!M$129,Tabla2[Nivel Nominación],"Postgraduate / Master") -> 0 | O202: =COUNTIFS(Tabla1[Tipo de Movilidad],"Intercambio*",Tabla1[Universidad KPIs],'Utilización Convenios'!$C202,Tabla1[Año de Movilidad],'Utilización Convenios'!O$3,Tabla1[Nivel],"Maestría") -> 0 | P202: =COUNTIFS(Tabla2[Tipo de Movilidad],"Intercambio*",Tabla2[Universidad KPIs],'Utilización Convenios'!$C202,Tabla2[Año],'Utilización Convenios'!O$129,Tabla2[Nivel Nominación],"Postgraduate / Master") -> 0 | Q202: =SUMIF($E$130:$P$130,Q$130,$E202:$P202) -> 1 | R202: =SUMIF($E$130:$P$130,R$130,$E202:$P202) -> 0
... C206: Universidad Jean Moulin Lyon 3 | D206: France | E206: =COUNTIFS(Tabla1[Tipo de Movilidad],"Intercambio*",Tabla1[Universidad KPIs],'Utilización Convenios'!$C206,Tabla1[Año de Movilidad],'Utilización Convenios'!E$3,Tabla1[Nivel],"Maestría") -> 0 | F206: =COUNTIFS(Tabla2[Tipo de Movilidad],"Intercambio*",Tabla2[Universidad KPIs],'Utilización Convenios'!$C206,Tabla2[Año],'Utilización Convenios'!E$129,Tabla2[Nivel Nominación],"Postgraduate / Master") -> 0 | G206: =COUNTIFS(Tabla1[Tipo de Movilidad],"Intercambio*",Tabla1[Universidad KPIs],'Utilización Convenios'!$C206,Tabla1[Año de Movilidad],'Utilización Convenios'!G$3,Tabla1[Nivel],"Maestría") -> 0 | H206: =COUNTIFS(Tabla2[Tipo de Movilidad],"Intercambio*",Tabla2[Universidad KPIs],'Utilización Convenios'!$C206,Tabla2[Año],'Utilización Convenios'!G$129,Tabla2[Nivel Nominación],"Postgraduate / Master") -> 0 | I206: =COUNTIFS(Tabla1[Tipo de Movilidad],"Intercambio*",Tabla1[Universidad KPIs],'Utilización Convenios'!$C206,Tabla1[Año de Movilidad],'Utilización Convenios'!I$3,Tabla1[Nivel],"Maestría") -> 0 | J206: =COUNTIFS(Tabla2[Tipo de Movilidad],"Intercambio*",Tabla2[Universidad KPIs],'Utilización Convenios'!$C206,Tabla2[Año],'Utilización Convenios'!I$129,Tabla2[Nivel Nominación],"Postgraduate / Master") -> 0 | K206: =COUNTIFS(Tabla1[Tipo de Movilidad],"Intercambio*",Tabla1[Universidad KPIs],'Utilización Convenios'!$C206,Tabla1[Año de Movilidad],'Utilización Convenios'!K$3,Tabla1[Nivel],"Maestría") -> 0 | L206: =COUNTIFS(Tabla2[Tipo de Movilidad],"Intercambio*",Tabla2[Universidad KPIs],'Utilización Convenios'!$C206,Tabla2[Año],'Utilización Convenios'!K$129,Tabla2[Nivel Nominación],"Postgraduate / Master") -> 0 | M206: =COUNTIFS(Tabla1[Tipo de Movilidad],"Intercambio*",Tabla1[Universidad KPIs],'Utilización Convenios'!$C206,Tabla1[Año de Movilidad],'Utilización Convenios'!M$3,Tabla1[Nivel],"Maestría") -> 0 | N206: =COUNTIFS(Tabla2[Tipo de Movilidad],"Intercambio*",Tabla2[Universidad KPIs],'Utilización Convenios'!$C206,Tabla2[Año],'Utilización Convenios'!M$129,Tabla2[Nivel Nominación],"Postgraduate / Master") -> 2 | O206: =COUNTIFS(Tabla1[Tipo de Movilidad],"Intercambio*",Tabla1[Universidad KPIs],'Utilización Convenios'!$C206,Tabla1[Año de Movilidad],'Utilización Convenios'!O$3,Tabla1[Nivel],"Maestría") -> 0 | P206: =COUNTIFS(Tabla2[Tipo de Movilidad],"Intercambio*",Tabla2[Universidad KPIs],'Utilización Convenios'!$C206,Tabla2[Año],'Utilización Convenios'!O$129,Tabla2[Nivel Nominación],"Postgraduate / Master") -> 0 | Q206: =SUMIF($E$130:$P$130,Q$130,$E206:$P206) -> 0 | R206: =SUMIF($E$130:$P$130,R$130,$E206:$P206) -> 2
C207: TOTAL | E207: =SUM(E131:E206) -> 0 | F207: =SUM(F131:F206) -> 10 | G207: =SUM(G131:G206) -> 2 | H207: =SUM(H131:H206) -> 22 | I207: =SUM(I131:I206) -> 6 | J207: =SUM(J131:J206) -> 33 | K207: =SUM(K131:K206) -> 6 | L207: =SUM(L131:L206) -> 32 | ... R207: =SUM(R131:R206) -> 144
C210: GRADUATED RESEARCH INTERNSHIP
E211: 2020 | G211: 2021 | I211: 2022 | K211: 2023 | M211: 2024 | O211: 2025 | Q211: Total
E212: Outgoing | F212: Incoming | G212: Outgoing | H212: Incoming | I212: Outgoing | J212: Incoming | K212: Outgoing | L212: Incoming | M212: Outgoing | N212: Incoming | O212: Outgoing | P212: Incoming | Q212: Outgoing | R212: Incoming
C213: Aarhus Universitet | D213: Denmark | E213: =COUNTIFS(Tabla1[Tipo de Movilidad],"Pasant*",Tabla1[Universidad KPIs],$C213,Tabla1[Año de Movilidad],'Utilización Convenios'!E$211) -> 0 | F213: =COUNTIFS(Tabla2[Tipo de Movilidad],"Pasant*",Tabla2[Universidad KPIs],'Utilización Convenios'!$C213,Tabla2[Año],'Utilización Convenios'!E$211) -> 0 | G213: =COUNTIFS(Tabla1[Tipo de Movilidad],"Pasant*",Tabla1[Universidad KPIs],$C213,Tabla1[Año de Movilidad],'Utilización Convenios'!G$211) -> 0 | H213: =COUNTIFS(Tabla2[Tipo de Movilidad],"Pasant*",Tabla2[Universidad KPIs],'Utilización Convenios'!$C213,Tabla2[Año],'Utilización Convenios'!G$211) -> 0 | I213: =COUNTIFS(Tabla1[Tipo de Movilidad],"Pasant*",Tabla1[Universidad KPIs],$C213,Tabla1[Año de Movilidad],'Utilización Convenios'!I$211) -> 0 | J213: =COUNTIFS(Tabla2[Tipo de Movilidad],"Pasant*",Tabla2[Universidad KPIs],'Utilización Convenios'!$C213,Tabla2[Año],'Utilización Convenios'!I$211) -> 0 | K213: =COUNTIFS(Tabla1[Tipo de Movilidad],"Pasant*",Tabla1[Universidad KPIs],$C213,Tabla1[Año de Movilidad],'Utilización Convenios'!K$211) -> 0 | L213: =COUNTIFS(Tabla2[Tipo de Movilidad],"Pasant*",Tabla2[Universidad KPIs],'Utilización Convenios'!$C213,Tabla2[Año],'Utilización Convenios'!K$211) -> 0 | M213: =COUNTIFS(Tabla1[Tipo de Movilidad],"Pasant*",Tabla1[Universidad KPIs],$C213,Tabla1[Año de Movilidad],'Utilización Convenios'!M$211) -> 0 | N213: =COUNTIFS(Tabla2[Tipo de Movilidad],"Pasant*",Tabla2[Universidad KPIs],'Utilización Convenios'!$C213,Tabla2[Año],'Utilización Convenios'!M$211) -> 1 | O213: =COUNTIFS(Tabla1[Tipo de Movilidad],"Pasant*",Tabla1[Universidad KPIs],$C213,Tabla1[Año de Movilidad],'Utilización Convenios'!O$211) -> 0 | P213: =COUNTIFS(Tabla2[Tipo de Movilidad],"Pasant*",Tabla2[Universidad KPIs],'Utilización Convenios'!$C213,Tabla2[Año],'Utilización Convenios'!O$211) -> 0 | Q213: =SUMIF($E$212:$P$212,Q$212,$E213:$P213) -> 0 | R213: =SUMIF($E$130:$P$130,R$130,$E213:$P213) -> 1
C214: Central European University - Private University | D214: Austria | E214: =COUNTIFS(Tabla1[Tipo de Movilidad],"Pasant*",Tabla1[Universidad KPIs],$C214,Tabla1[Año de Movilidad],'Utilización Convenios'!E$211) -> 0 | F214: =COUNTIFS(Tabla2[Tipo de Movilidad],"Pasant*",Tabla2[Universidad KPIs],'Utilización Convenios'!$C214,Tabla2[Año],'Utilización Convenios'!E$211) -> 0 | G214: =COUNTIFS(Tabla1[Tipo de Movilidad],"Pasant*",Tabla1[Universidad KPIs],$C214,Tabla1[Año de Movilidad],'Utilización Convenios'!G$211) -> 0 | H214: =COUNTIFS(Tabla2[Tipo de Movilidad],"Pasant*",Tabla2[Universidad KPIs],'Utilización Convenios'!$C214,Tabla2[Año],'Utilización Convenios'!G$211) -> 0 | I214: =COUNTIFS(Tabla1[Tipo de Movilidad],"Pasant*",Tabla1[Universidad KPIs],$C214,Tabla1[Año de Movilidad],'Utilización Convenios'!I$211) -> 0 | J214: =COUNTIFS(Tabla2[Tipo de Movilidad],"Pasant*",Tabla2[Universidad KPIs],'Utilización Convenios'!$C214,Tabla2[Año],'Utilización Convenios'!I$211) -> 0 | K214: =COUNTIFS(Tabla1[Tipo de Movilidad],"Pasant*",Tabla1[Universidad KPIs],$C214,Tabla1[Año de Movilidad],'Utilización Convenios'!K$211) -> 0 | L214: =COUNTIFS(Tabla2[Tipo de Movilidad],"Pasant*",Tabla2[Universidad KPIs],'Utilización Convenios'!$C214,Tabla2[Año],'Utilización Convenios'!K$211) -> 0 | M214: =COUNTIFS(Tabla1[Tipo de Movilidad],"Pasant*",Tabla1[Universidad KPIs],$C214,Tabla1[Año de Movilidad],'Utilización Convenios'!M$211) -> 0 | N214: =COUNTIFS(Tabla2[Tipo de Movilidad],"Pasant*",Tabla2[Universidad KPIs],'Utilización Convenios'!$C214,Tabla2[Año],'Utilización Convenios'!M$211) -> 1 | O214: =COUNTIFS(Tabla1[Tipo de Movilidad],"Pasant*",Tabla1[Universidad KPIs],$C214,Tabla1[Año de Movilidad],'Utilización Convenios'!O$211) -> 0 | P214: =COUNTIFS(Tabla2[Tipo de Movilidad],"Pasant*",Tabla2[Universidad KPIs],'Utilización Convenios'!$C214,Tabla2[Año],'Utilización Convenios'!O$211) -> 0 | Q214: =SUMIF($E$212:$P$212,Q$212,$E214:$P214) -> 0 | R214: =SUMIF($E$130:$P$130,R$130,$E214:$P214) -> 1
